rei,a,cf,epsilon,eta,fic,ficfn,foc,g,gstd,lambda,mu,nuw,nuwta,rho,ta,tempavg,tempavgstd,tempbot,tempmid,temptop,time,torque,torquestd
269541.9268251497,0.0,0.005046113198469139,0.08551438281665784,7.853537346815734e-05,4.021442789890229,-4.027330577742034,0.0,366661953.34015626,212208828.85426068,0.00031985059669550236,1.4811307637369485e-06,130.58027082080517,0.005001724794046523,1031.976064733203,110163736683.13737,19.667063393125193,0.032582364703955286,19.710773460108467,19.646456529514058,19.643960189752082,59.86074582569114,2.795313857509747,1.617015034366725
280354.162323793,0.0,0.004992864496372485,0.09509823150082436,7.645571348598462e-05,4.18114226039816,-4.186557022159119,0.0,392478350.5885794,184982663.13195372,0.0003107909281957206,1.4805607057516949e-06,134.38330548242155,0.0049880039064378314,1031.9735700510391,119180380833.74104,19.678276833578042,0.035478296153232475,19.725288741828127,19.652151750888233,19.657390008016588,59.868005981413546,2.989840701047493,1.4085275083412059
291166.3978224363,0.0,0.004948495049823584,0.10545448356881186,7.448823464238482e-05,4.340143954668325,-4.345469316872191,0.0,419611349.10036105,181391022.34957135,0.0003019615923526233,1.479797529785853e-06,138.32320406488807,0.004981164967235368,1031.970230247863,128566664906.8424,19.69328904017699,0.036249973810009405,19.741189039140632,19.664000714969912,19.6746773664189,59.86203273085033,3.193237320358429,1.3803060049440037
301978.63332107954,0.0,0.004908186444862648,0.11654005415090218,7.262962086353326e-05,4.499181546327876,-4.5054887523408,0.0,447694173.4426241,191866643.73740086,0.00029355126756945636,1.4790978696236879e-06,142.28968210684675,0.004976717871915122,1031.9671684019233,138300805763.71677,19.7070518463627,0.0386960305275479,19.758342472579454,19.67438631495705,19.68842675155214,59.864683869559656,3.4037535794557017,1.459537862034938
312790.86881972285,0.0,0.004865523207330571,0.12812442344363106,7.088916516716553e-05,4.657456323699828,-4.664708362295955,0.0,476114718.4955664,193009317.43302646,0.00028586540256279365,1.4782066796761767e-06,146.10327828684888,0.004968325005667691,1031.963268385216,148370281261.93002,19.724582177780018,0.04060335084871585,19.778463381518286,19.689461572901347,19.705821578922357,59.86228160429678,3.6154642625976696,1.466065106650624
323603.10431836615,0.0,0.004819811080769451,0.1402089912136801,6.926097281227134e-05,4.81512990773409,-4.8227191417840745,0.0,504781454.27804977,186031575.43496266,0.00027889358423947847,1.4771818928574269e-06,149.74222957072786,0.004955338229134087,1031.958783723191,158776889084.77444,19.744740453369815,0.04026332100996565,19.79773962855946,19.710957071297155,19.725524660254028,59.86669012850109,3.827938716805296,1.4106060884365978
334415.33981700946,0.0,0.004798361876991117,0.15371709237446665,6.765207791624699e-05,4.9722542373336145,-4.980326332358241,0.0,536723199.11533993,188613042.58492637,0.00027110386243685064,1.4760692622669389e-06,154.06076957859975,0.004965831614831168,1031.9539146401137,169569652139.64676,19.76662667757014,0.039663760578194505,19.817346761732082,19.733453114218793,19.749080156760748,59.86934843321561,4.063852659799064,1.4280921777861966
345227.57531565276,0.0,0.0047693957652009105,0.16770316308526165,6.615906927947375e-05,5.1289800523565425,-5.137300552078396,0.0,568512682.5678205,196277102.63702402,0.00026421439656970674,1.4749102480784276e-06,158.07298773922273,0.004967284901017412,1031.9487547344718,180723779836.16568,19.78961406065282,0.043194219501532925,19.846606415174673,19.755534668038628,19.76670109874439,59.86349629352569,4.297781044432135,1.4840216961434083
356039.810814296,0.0,0.004737890354210058,0.1823448342576204,6.475486450045923e-05,5.285507883429208,-5.294164064312456,0.0,600715841.4530357,217126965.4235607,0.00025789926968701455,1.4737663787894705e-06,161.94806968291684,0.004964996409988665,1031.9432979993308,192227954290.7557,19.81308382684641,0.04375068759706572,19.870866953434298,19.778887999135247,19.78949652796882,59.86920270551902,4.534221507996022,1.6396493882831515
366852.0463129393,0.0,0.004708506919036002,0.19769173862914657,6.341252448003932e-05,5.441467027482343,-5.450569260842976,0.0,633765100.5074948,239272411.7394681,0.00025183519102188055,1.4725355091083512e-06,165.8350336996135,0.0049638784874123125,1031.9371465565962,204060081043.5823,19.838939670150477,0.04218774261568862,19.893266163833918,19.80369428881333,19.81985855780374,59.86702202766884,4.775743843754771,1.8035846226872951
377664.2818115826,0.0,0.004679296872057402,0.21393107302420114,6.213802785700658e-05,5.598690004506199,-5.608908874338224,0.0,667450140.620801,245857415.68002546,0.0002461261808518309,1.4716980701152486e-06,169.66628992604612,0.004961887430570816,1031.9346598034253,216240497057.0878,19.85288114745263,0.043287850581303904,19.90885655086447,19.822631380409558,19.82715551108479,59.860068477369985,5.023968333833856,1.8500672321315266
388476.51731022587,0.0,0.004650631779216568,0.23085075469253002,6.093210842781184e-05,5.754116442435628,-5.764676670511361,0.0,701917434.4942788,196900496.8343641,0.00024076352819065155,1.470458013884629e-06,173.45345662130705,0.004959381341461654,1031.9293587499785,228811552628.72617,19.87700386941516,0.042495590610987434,19.930374091700333,19.839521199410303,19.861116317135377,59.869687314041336,5.274415116134116,1.4787932983229226
399288.75280886923,0.0,0.004625049201608014,0.24866943354246662,5.977653707521909e-05,5.9089318557390085,-5.919504799813996,0.0,737494747.7307335,190379192.32323596,0.0002355584292196125,1.469138793982304e-06,177.29612120621422,0.004959189725669639,1031.9233538152791,241750593911.34546,19.903451926185507,0.04425632625270526,19.960660378740794,19.864394474226575,19.88530092558864,59.866552193526275,5.531721207336591,1.4278188944198014
410100.9883075125,0.0,0.00459973387220779,0.2672133487982294,5.8670271285820684e-05,6.063429874125792,-6.073864903127967,0.0,773718423.6357231,199782729.94882074,0.0002306061718218813,1.4678040074171944e-06,181.102160617176,0.004958489857583589,1031.9165692736176,255015718419.0858,19.93173512699972,0.04721892533277264,19.98742420352764,19.89483168675113,19.91294949072019,59.86766224216757,5.792879829255927,1.4957158366952779
420913.2238061558,0.0,0.00457686862556441,0.2868808893055334,5.760315938699585e-05,6.219607600209193,-6.229718865315891,0.0,810936705.5468491,212460541.41009447,0.0002257792234151245,1.4669252223098774e-06,184.95780299546126,0.0049596667592182045,1031.9108294294663,268603845867.31702,19.953091782063485,0.047021536138382315,19.996247947081788,19.923223413539926,19.939803985568577,59.86845863874159,6.064385810824285,1.5888463898608192
431725.4593047991,0.0,0.004553208684409798,0.3083458403902264,5.658872145306286e-05,6.3823878063077855,-6.392914352261712,0.0,848683868.0907291,225312520.86407688,0.0002212556701843564,1.4676168408693305e-06,188.73005234021267,0.004959155266484639,1031.914015270465,282561766067.3178,19.93914507734026,0.03348116238182876,19.977438287812127,19.91651424191782,19.923482702288947,59.86284980566868,6.352722047545927,1.686864194814575
442537.69480344234,0.0,0.004532344188051317,0.33056362132542844,5.5616427403149884e-05,6.541535964050894,-6.551820838780325,0.0,887706344.7827071,290094063.32120353,0.00021686538104680045,1.467461119642095e-06,192.56654328594018,0.0049608482854974255,1031.914218381515,296925580523.4622,19.940307320952304,0.02899042010980177,19.974126276105185,19.918875928790737,19.927919757961266,59.8665386228713,6.643420085896356,2.1717236548392553
453349.9303020857,0.0,0.004512710845658205,0.354002744272242,5.467943492980138e-05,6.7020507546896395,-6.712044137191043,0.0,927606723.345774,322848234.9607348,0.00021262197643803188,1.4676098722428979e-06,196.4153685703227,0.004963237013646823,1031.9160617539226,311626398844.19745,19.93481885130487,0.030265228300318654,19.971582235752972,19.914821639910375,19.918052678251644,59.87031897452086,6.943476502423665,2.4169019796391087
464162.16580072895,0.0,0.004494409883275259,0.378263945117112,5.3775352383618046e-05,6.861204027746001,-6.871284545303524,0.0,968434076.6188078,327202309.5491834,0.00020851168837378794,1.4674696895024652e-06,200.28558337488312,0.004966479113422381,1031.9162812741272,326662812955.77686,19.9357863062549,0.035361361278772124,19.97964516190127,19.91464451082832,19.913069246034617,59.866933137738236,7.2475622198831084,2.448610578355095
474974.40129937226,0.0,0.004476818161130312,0.4031246473739533,5.29033605028716e-05,7.018080008497201,-7.028632301725362,0.0,1010039348.941943,298527061.4417849,0.00020454913431928873,1.4668541565681044e-06,204.15132143559438,0.004969924016493693,1031.9132991248493,342027241632.83295,19.948514154207036,0.03968580126698078,19.99673575219551,19.924561458353484,19.9242452520707,59.86070911590116,7.552546680299841,2.232282147362418
485786.63679801556,0.0,0.004457126557776245,0.4284401213062603,5.2073830882435365e-05,7.172783185344604,-7.183506950969421,0.0,1051871996.2434229,212700932.60970175,0.0002008732433743304,1.4658195726796258e-06,207.88178324333728,0.004970412118634026,1031.906688409047,357760787869.02374,19.973341773218177,0.04278171552962539,20.024035533723342,19.942506656524568,19.953483129404827,59.8783435151614,7.854246086916046,1.5884515115258095
496598.8722966588,0.0,0.004435518680409648,0.4547642893194584,5.128661914532212e-05,7.328096236463182,-7.33928098531607,0.0,1093942937.9902453,175110000.192109,0.0001974731431472091,1.4649575765849093e-06,211.47315887158493,0.004968075989641929,1031.899247053345,373900990226.4931,19.998182509158493,0.04160029056304233,20.046819176901884,19.96440206541872,19.983326285153666,59.87048300276455,8.158672371997278,1.306032322269804
507411.1077953021,0.0,0.00441750620788041,0.4831079384036618,5.051625584823913e-05,7.487190020726547,-7.49825252790529,0.0,1137484960.0451238,150117928.11900237,0.00019405475323627913,1.4648558576613663e-06,215.20212549367875,0.004969270541717213,1031.8961547370998,390360993388.37384,20.005872011102202,0.035990585763882636,20.046558764675293,19.98082955020774,19.990227718422556,59.863445371188654,8.482499237015,1.1191809925620495
518223.3432939454,0.0,0.004401935604538408,0.5136778713433362,4.9766040441834876e-05,7.6511102062120395,-7.6622756638824185,0.0,1182255635.0252655,132991060.27274428,0.0001906697766938633,1.4656863307745578e-06,219.01477278686306,0.004972707981696543,1031.8996886180794,407154282140.4924,19.989751834652935,0.03058598432305229,20.01571637610382,19.981749161450207,19.971789966403794,59.86167748967264,8.82659810507929,0.9926561981647833
529035.5787925888,0.0,0.004386630104366333,0.5469336555583482,4.904294319872479e-05,7.822252628423647,-7.83393135344285,0.0,1227786474.0326922,122434823.38886714,0.00018741921157510482,1.4678570353328571e-06,222.80740767889145,0.004975940336851138,1031.9164758699455,424308017132.3115,19.93139143305006,0.036173630038702685,19.942311991239695,19.942847309067655,19.909014998842178,59.86409329330623,9.193515106579271,0.9167938277454839
539847.814291232,0.0,0.004368911078055941,0.5805705263191473,4.835193426998895e-05,7.990543483637896,-8.001932192121382,0.0,1273285903.0246942,113343641.57644846,0.00018440346040747232,1.4694085640443877e-06,226.44475929834323,0.004975961644927119,1031.9247661578809,441808480386.9233,19.897647283938248,0.042000429941661276,19.928864689664085,19.892978616279688,19.871098545870478,59.86972902045195,9.554384784139474,0.8504926986194721
550660.0497898753,0.0,0.004347949073004194,0.6120873028209001,4.7697399698253655e-05,8.14528159203549,-8.157396842461491,0.0,1318485223.038904,123835599.14303882,0.00018166391423604273,1.4684589277269152e-06,229.86788481728846,0.004971722863437889,1031.918412581808,459713082662.887,19.92105020817232,0.04258741799073828,19.96565187447176,19.89703324809267,19.900465501950134,59.870000000000005,9.880602588433185,0.9279702571570336
561472.2852885185,0.0,0.004328637886743854,0.6443702177658354,4.706042706894205e-05,8.298051400144237,-8.310695495202582,0.0,1364723060.2589052,121438099.82255846,0.00017896700342458815,1.4671955221754586e-06,233.33890283533592,0.004968904848317131,1031.90941490315,477963609039.71533,19.953356471576786,0.04150019754607807,20.0020948672879,19.92135857490241,19.936615972539872,59.86968523861115,10.209354523114266,0.9083498390018789
572284.5207871619,0.0,0.0043119492925399435,0.6788151211435108,4.643558398640269e-05,8.45430478318226,-8.467711213146545,0.0,1412294356.8321457,115918632.3682547,0.00017625920873037533,1.4665663127651793e-06,236.91795296293142,0.004968694075867825,1031.9028145159834,496527987008.7981,19.974000104761128,0.035983575656573584,20.01749795155259,19.94769458537387,19.956807777356218,59.86250730619066,10.556525300741724,0.8662253839629163
583096.7562858053,0.0,0.004296353300663405,0.715983204618342,4.582931329142566e-05,8.616354699345711,-8.629760716811608,0.0,1460855843.0192041,112169744.5762353,0.00017361667580464082,1.4669647973037655e-06,240.52264533997013,0.004969303588483778,1031.9039818047295,515458147445.61017,19.967400617144378,0.023831538222308057,19.995235347190928,19.95791950203997,19.949047002199823,59.86053676211733,10.92545704895685,0.8388817886076594
593908.9917844485,0.0,0.004285223657906344,0.7549285873451875,4.5230696271089266e-05,8.777639161638595,-8.791430955758377,0.0,1511581032.80132,112898855.51994014,0.0001708947290792523,1.4672186482491054e-06,244.3489876449017,0.004974691703463929,1031.9059335948305,534737222178.3381,19.96060016884661,0.021207339397233443,19.984799075318918,19.952764205564065,19.94423722565448,59.86342769741159,11.308714640481194,0.8446751471845976
604721.2272830917,0.0,0.004270928602114206,0.7937158748066625,4.46607433866412e-05,8.93530897986367,-8.949154863578395,0.0,1561907200.6528711,106471449.81778066,0.00016840405369021244,1.4668694264632232e-06,247.96580145211024,0.004976003118255827,1031.9056200882255,554397250959.3683,19.96485917243014,0.024872242883176705,19.991504174696665,19.945939874127486,19.957133468464203,59.859887176896756,11.67958266639503,0.7960990282797672
615533.462781735,0.0,0.004256769197896463,0.8329260215339929,4.410874221041234e-05,9.089964039011386,-9.103741073859679,0.0,1612935495.5223541,105679584.68121131,0.0001660017253821844,1.4660529199349558e-06,251.5608869957364,0.004977093532194816,1031.9033946945872,574421824282.01,19.9780241000143,0.029290693077926654,20.00859866585863,19.95112186741731,19.974351766766663,59.852902396526,12.04745314664732,0.7893529787340983
626345.6982803784,0.0,0.004243484397494741,0.872846402532906,4.356996000374876e-05,9.24273723161801,-9.256454978782115,0.0,1664872634.3040037,109833217.02494486,0.00016364440020310731,1.46496276947653e-06,255.18216557476998,0.004978882782063574,1031.899963763066,594768556566.627,19.996589030154734,0.032071076705575234,20.028817451854753,19.968916896513843,19.992032742095997,59.85568635460307,12.416714016339157,0.8191335852213646
637157.9337790217,0.0,0.004230843919107362,0.9136012161874035,4.3044174322406665e-05,9.394302007684194,-9.408043395315994,0.0,1717624169.8322115,116656972.28785817,0.0001613369237500784,1.4637096359519826e-06,258.81747389386913,0.004981118382769409,1031.8953554669267,615430367062.2225,20.019357316859256,0.03276143195066407,20.050260445306893,19.99443576501314,20.013375740256734,59.85982999085326,12.788419077098405,0.8685695093489673
647970.169277665,0.0,0.004219121063174603,0.9567756658885619,4.25351759338487e-05,9.548486194076348,-9.561884635292552,0.0,1771548968.6088774,112615841.59093456,0.00015909240909949481,1.4629098451256135e-06,262.47809800920135,0.0049840344192172824,1031.88920026899,636525356465.808,20.04079554484163,0.02651125796586215,20.06712971596578,20.020671606484694,20.034585312073748,59.86000309621139,13.17534991613725,0.8375621091250273
658782.4047763082,0.0,0.004207374989941832,1.0022802477069968,4.204059423837456e-05,9.706262049526556,-9.719367529855177,0.0,1826100711.9996595,115183903.16461612,0.00015692217049212426,1.4626725710271748e-06,266.11348217566115,0.004986618439313543,1031.8872565807176,657965146093.711,20.047408396062654,0.03174170063152872,20.069736559343017,20.035406260117952,20.03708236872786,59.85785346022351,13.576735947043863,0.8563703868586806
669594.6402749515,0.0,0.004197156829229521,1.0509652730525827,4.1555390054846655e-05,9.868910699085424,-9.881742096102515,0.0,1881952673.6185246,122536991.95703225,0.0001547629929515935,1.4631631820902146e-06,269.8256984586315,0.004990740803104402,1031.8901575521784,679732415518.6017,20.036137508787036,0.03870265289286246,20.05322389477989,20.033619414689934,20.021569216892683,59.85842382069032,14.001628132895632,0.9117118059457158
680406.8757735948,0.0,0.004188152756895851,1.1035785124622013,4.1080295505631656e-05,10.038307290984216,-10.050837219543295,0.0,1939001280.3138313,137205366.43911824,0.00015262644725782146,1.4646231038843187e-06,273.5955611484209,0.0049960318665792135,1031.8981918614893,701837671541.1621,20.00388392770277,0.04045439775350806,20.013302595445104,20.010157467438905,19.98819172022448,59.86321033072456,14.455216836186855,1.0230406308019762
691219.1112722381,0.0,0.004178887154615199,1.160226622144665,4.061933174541758e-05,10.215011687830222,-10.227110796739082,0.0,1996647673.97238,169116481.8781623,0.00015056909770659816,1.4670965147248956e-06,277.3284564674639,0.005000731312761834,1031.911894091331,724304958337.3042,19.949045308727474,0.03233323146142137,19.950923509683417,19.962008378938403,19.93420403755943,59.87931919008522,14.935297076651532,1.265097985825564
702031.3467708814,0.0,0.0041681840786119626,1.2155342425976257,4.0175131881229056e-05,10.3836644638055,-10.395600379111347,0.0,2054348155.6214626,212462768.05986616,0.00014863193502465133,1.4683554227017783e-06,280.9459565672771,0.005003432096016079,1031.9178886637621,747145384370.4056,19.923238714183537,0.032817087442998445,19.93831787484316,19.926165419265327,19.90523284844224,59.86627688960515,15.393179266193627,1.5920402921568544
712843.5822695247,0.0,0.0041608002691158625,1.2688901991751242,3.973542496838236e-05,10.539520485710057,-10.551764357457493,0.0,2114393037.3349483,214238094.84594974,0.00014664009475903855,1.4677935069614958e-06,284.76629047145303,0.005009845536665783,1031.9159923508262,770354519731.077,19.933082702590955,0.04003735529683601,19.961437063595657,19.92298679251877,19.91482425165792,59.858856669084254,15.830773840267538,1.6039773216028161
723655.8177681679,0.0,0.00414988308395197,1.320961070861385,3.9315813018530854e-05,10.690978389449498,-10.703365550349497,0.0,2173324550.1467676,218867173.55049166,0.0001448322310068869,1.4666449827293083e-06,288.32430605362646,0.005011746250902632,1031.9099178221225,793923756149.9183,19.957927860058383,0.03760960406191285,19.983778981558533,19.94221961852401,19.94778498009207,59.86043459928241,16.246270416289835,1.636113205827893
734468.0532668113,0.0,0.004141624255843594,1.3768632788165653,3.889961815688789e-05,10.846893543455245,-10.859352336792837,0.0,2234305427.354033,232708267.2143991,0.00014298224874402095,1.466118579605184e-06,292.0547051517581,0.005016659105729582,1031.9055296887516,817800539087.6162,19.972762029042393,0.03550379030327666,19.993929077832398,19.957149589116117,19.96720742017918,59.865083522212615,16.69055646358091,1.738509039071919
745280.2887654545,0.0,0.0041381693596895626,1.4365571362592684,3.848345397927089e-05,11.004706586675132,-11.01715032187945,0.0,2298610993.77816,267832132.14165893,0.00014102411583001922,1.4658784454360986e-06,296.10488392317524,0.005027141281962602,1031.9014435067681,842051487517.5562,19.984008333185248,0.02574620412576098,19.998328003133455,19.973121448274824,19.980575548148877,59.86634911809744,17.164941407087678,2.000108279598796
756092.5242640979,0.0,0.004127602065782078,1.4933294083418203,3.809380550093124e-05,11.157504253248787,-11.17015804291207,0.0,2359700460.78707,347693671.7027445,0.00013936057916649874,1.4649722521375707e-06,299.63367837957253,0.005028778055161011,1031.898968794513,866642642706.754,19.998629803588724,0.034724317749229704,20.015650970604156,19.985228386896434,19.99501005326285,59.86298736278581,17.599503089511153,2.593404606559345
766904.7597627412,0.0,0.004119478605316288,1.5522645784817606,3.771000034791799e-05,11.309439777399007,-11.320605176699942,0.0,2422993323.647742,547157146.7865142,0.00013767288782502794,1.463992481129124e-06,303.319511416847,0.00503313213907896,1031.894260661953,891647859074.2242,20.01880614762085,0.02937787840534971,20.032843452532664,20.00557979351717,20.017995196810574,59.86387032716211,18.046971927174138,4.074823510697057
777716.9952613844,0.0,0.004109656534614148,1.6127099776409863,3.733805838400272e-05,11.46361758387149,-11.473392199659557,0.0,2485801234.0318093,704722893.1532556,0.00013608125426406065,1.4633136361158052e-06,306.8610271148844,0.005035210932770596,1031.8913245950728,916955804279.4858,20.032084962786374,0.022553373614154663,20.042176418616435,20.021826406274226,20.03225206346794,59.85992690154065,18.49779464541416,5.244346358164364
788529.2307600278,0.0,0.004097672264329896,1.675855999494739,3.6979657340182076e-05,11.622930359853529,-11.631604001503158,0.0,2547900506.202804,714658215.7048771,0.00013460421775180072,1.4633045636616525e-06,310.2220228575496,0.005034430225393078,1031.8927601236278,942598661095.8828,20.029093241046308,0.017634492039261845,20.030569555833242,20.027502162222582,20.029208005082115,59.85520582813621,18.959700410678455,5.317897026382616
799341.466258671,0.0,0.004085759282565804,1.7412739037223013,3.663008799654545e-05,11.783856461231169,-11.789841247269138,0.0,2610610782.756111,445320564.275842,0.00013316842330713384,1.4634977217399622e-06,313.5626713616226,0.005033496407906463,1031.8927589318857,968606998369.5498,20.027112738361044,0.015771205290000822,20.02754511379868,20.0249065772289,20.028886524054336,59.86528682009027,19.43145665218381,3.314364631980071
810153.7017573144,0.0,0.004075866061345212,1.8090671057796197,3.628572665350899e-05,11.944088522760124,-11.944184048555906,0.0,2675298273.2518764,373670319.813952,0.0001317148356236485,1.4636009489907517e-06,317.03296322282813,0.005034798648989604,1031.892207117986,995026901145.5474,20.02723876727536,0.01593045470597201,20.028116394429546,20.025196384051643,20.02840352334393,59.85832402015139,19.9156935874498,2.7816497584243898
820965.9372559576,0.0,0.004066506402151389,1.8776384522948104,3.594738140419891e-05,12.102413614806101,-12.105440283747404,0.0,2740868539.3797936,324565554.73881465,0.00013027926270406747,1.4634715311166924e-06,320.5257932442719,0.0050365719106008735,1031.89025928995,1021764286905.3004,20.032753205176956,0.01720016829664325,20.035857826497594,20.030561238546017,20.031840550486976,59.86151665627142,20.400128697655422,2.4157384425699395
831778.1727546009,0.0,0.004055440726490018,1.9460493721227632,3.56204258740682e-05,12.258856835808524,-12.268545652374513,0.0,2805856088.128384,291914984.081625,0.0001289356121934766,1.463119364037356e-06,323.8631308986647,0.005036029776452997,1031.8868768218945,1048847248635.4038,20.043637459984666,0.018547797294830682,20.04710965031671,20.038867467216594,20.04493526242109,59.86559161790087,20.87375482233117,2.1717800867732193
842590.4082532442,0.0,0.004043784440299593,2.0150276103011087,3.530210118681017e-05,12.41404984444081,-12.428196200696268,0.0,2870984918.3716407,280129645.2603046,0.00012764635948358854,1.4626300002695494e-06,327.13181263055134,0.005034554651678064,1031.8828566186928,1076274712493.0543,20.057300703448945,0.014977405030908691,20.055940832476292,20.049861413856533,20.066099864014443,59.869230088649736,21.34390736671939,2.0827962638595765
853402.6437518875,0.0,0.004033797943905023,2.0887746048290317,3.498738980903426e-05,12.574196068627161,-12.590609446131088,0.0,2937836294.9478707,285633512.39561766,0.00012633935844327048,1.4627261183337332e-06,330.51233261474584,0.005034953967959118,1031.8851392567367,1104056009411.0684,20.05140865258662,0.01824894336645243,20.04427361062436,20.05631893465735,20.053633412477048,59.86352759780659,21.843928781339287,2.123937082056738
864214.8792505307,0.0,0.004025291135986319,2.167272234355643,3.4677317862309634e-05,12.738533193645049,-12.754892923427006,0.0,3006439899.78231,282131220.68046004,0.00012502464018131288,1.4633029790882252e-06,333.9930237272232,0.005036992185846293,1031.8928155938347,1132231498530.0535,20.02899030698804,0.027682630030054004,20.01523150596839,20.045324123988937,20.02641529100889,59.86034151167261,22.37184075565165,2.099419755634061
875027.1147491741,0.0,0.004014807429406609,2.2566811870025583,3.437787982857184e-05,12.922479576969764,-12.938484881507277,0.0,3074102397.7604675,292729410.8230798,0.00012380219383140235,1.4660919162838451e-06,337.29014775056214,0.005036379132102119,1031.9066074670202,1160741480831.6816,19.9707196883229,0.035156588144341396,19.94847657533508,19.995942765694355,19.967739723941552,59.858725660513095,22.963128778371253,2.186453083470204
885839.3502478173,0.0,0.004004492619704308,2.3449025886769426,3.4084438549586254e-05,13.099837477916244,-13.11555280973127,0.0,3142436411.420501,381315768.0188449,0.00012260531688865266,1.468071958747745e-06,340.5813349942997,0.005035798629043328,1031.9142272041663,1189594674706.1438,19.934017162142755,0.03395828291962561,19.907401156054508,19.958558862616762,19.936091467758082,59.85999999999999,23.5376133795228,2.858842971269176
896651.5857464607,0.0,0.003994467289008539,2.4326749627950606,3.379662425440848e-05,13.272345893520432,-13.287620303782333,0.0,3211526451.206753,489460320.74272686,0.0001214295818358539,1.4694658707820265e-06,343.87591152318805,0.005035401063176925,1031.9182009557505,1218796073181.2502,19.911167166330813,0.03505688636387014,19.889039188911184,19.9340642757063,19.910398034376232,59.85717834608217,24.101333189398378,3.676505726864228
907463.821245104,0.0,0.003985155523961836,2.5157928578905664,3.35143573540624e-05,13.432091714631122,-13.446983820522753,0.0,3281846967.7100563,486117929.5218083,0.0001202662866371706,1.4694453535192544e-06,347.20959594217584,0.005035703143928611,1031.9167256600824,1248405128335.5403,19.9145481289877,0.027203460986981506,19.904774507481118,19.92500313032191,19.913866749160434,59.864565666614006,24.62764552937396,3.6438847483497785
918276.0567437472,0.0,0.0039766311906266165,2.594221635768937,3.323561042060767e-05,13.580057009663259,-13.59478295127456,0.0,3353315472.104847,375242321.67849773,0.00011910429758116296,1.4681371373954836e-06,350.5953822564227,0.0050368529366585256,1031.9120986795715,1278323008065.232,19.93792207457065,0.023116433533454318,19.9286738828139,19.940061189442197,19.945031151455304,59.86232708461976,25.119015972635918,2.807999616076199
929088.2922423906,0.0,0.003969875218139724,2.683554712043365,3.295889133538248e-05,13.742124862333045,-13.75649930299114,0.0,3426906851.018421,334748584.5898494,0.00011791768461752286,1.4683621987457395e-06,354.1223389302011,0.005040090332774315,1031.9173273484291,1308588906253.0244,19.924375380544557,0.03174578140554811,19.904110665745478,19.935972730423305,19.93304274546581,59.85311699129185,25.678321299330293,2.5080745791347483
939900.5277410338,0.0,0.003962214719429839,2.7834828889719927,3.2690023820889916e-05,13.91972561583576,-13.934017655744578,0.0,3500360517.3594747,306399834.6419272,0.00011678700503248289,1.470232742647536e-06,357.5508083728699,0.005042012344292302,1031.9283729202004,1339231851897.2175,19.8814351126715,0.04504345357329387,19.849013030980995,19.905755650765226,19.889536656268223,59.858284145535684,26.29536758303534,2.3013654631998803
950712.7632396772,0.0,0.003952589177479708,2.8808568080852868,3.2430515164790295e-05,14.091575321981693,-14.106293537798164,0.0,3572660218.49219,285032981.59601295,0.00011574007226270865,1.4714614709604824e-06,360.7854121560296,0.00504128293865801,1031.933750068992,1370221725653.8777,19.857265164830462,0.04138078209169306,19.831946337320364,19.87182062673713,19.86802853043406,59.861398776778934,26.883320740421073,2.1443923109709004
961524.9987383204,0.0,0.003944556147099685,2.9548731900086147,3.217328469726253e-05,14.22113364786742,-14.235777802723149,0.0,3646997251.0792623,285026181.6089402,0.00011467314452028017,1.468316642768821e-06,364.1462227366498,0.005042420912847082,1031.9197054776353,1401586537871.051,19.919732626058323,0.046834758415012535,19.91680907060082,19.909906522772705,19.932482284801594,59.8591283266266,27.323482682509606,2.13526286653221
972337.2342369637,0.0,0.003936400579282739,3.02738696820465,3.192096439819868e-05,14.346380030461681,-14.360402752428115,0.0,3721744815.8439155,287368181.79719025,0.00011363221691561574,1.4647629542178893e-06,367.4798391257597,0.005043264937683687,1031.9015553126337,1433274519346.9958,19.99522029583839,0.05499043031734657,20.016385271596167,19.957403250398475,20.011872365521203,59.85921760169532,27.749007859251126,2.142613959063499
983149.469735607,0.0,0.003927884007651288,3.1083281309983355,3.167465716687149e-05,14.483373761542888,-14.497597064698391,0.0,3796763138.7375617,291150986.59270793,0.00011262711313212799,1.462481074789114e-06,370.76124477986104,0.005043489035369333,1031.8846458205433,1465343168814.7922,20.054984764727603,0.041597276942490165,20.068646495194173,20.022101049700392,20.074206749288994,59.85692531486188,28.220130759682757,2.164104136607323
993961.7052342503,0.0,0.003919683005631616,3.1945970037367957,3.1431775608161245e-05,14.626496320666915,-14.64133548525137,0.0,3872573716.1807075,295404470.79970735,0.0001116325363974632,1.4608592475980312e-06,374.05843356129844,0.005043997745534865,1031.8698189385768,1497710276311.2207,20.103497382246136,0.027304914678241754,20.101704598480676,20.083943060660598,20.124844487597535,59.85509064661952,28.71994155320077,2.1908975984169223
1004773.9407328937,0.0,0.003912441256953778,3.28763466534161,3.119177805315651e-05,14.77646714447829,-14.791540580718822,0.0,3949918297.122847,300627946.84815544,0.00011063376432351282,1.4599555442771673e-06,377.43012108552404,0.005045596513374539,1031.8611285666013,1530439961744.9402,20.131450367501408,0.02555436618114265,20.112852815629576,20.12467495461167,20.156823332262253,59.86009923875931,29.257149289033936,2.226857824117085
1015586.1762315369,0.0,0.0039040699413559732,3.384493572457945,3.095944222724646e-05,14.930553369386141,-14.944845775896743,0.0,4026806446.501978,308522825.8853913,0.00010969290334717646,1.4594742551555257e-06,380.6732577762527,0.005045574489527021,1031.8565002982325,1563593636824.277,20.14633740776138,0.02629682595873155,20.12298122902667,20.15112924077756,20.164901753480056,59.862577529668386,29.806862426953945,2.2837888818870504
1026398.4117301801,0.0,0.0038966133896684743,3.4909187163948836,3.072924325447131e-05,15.094927630262239,-15.108749290106624,0.0,4105164876.9723372,319626307.5577412,0.00010874533863169016,1.4599941449986626e-06,383.99161788650844,0.005046615513833912,1031.861499766552,1597066951311.6174,20.130256385611673,0.03414741745915827,20.09393513262733,20.15034891275846,20.146485111449223,59.85428251043175,30.40902022995786,2.3676582729239315
1037210.6472288235,0.0,0.003888693856257522,3.6097226493770003,3.0503977693968115e-05,15.274648162716835,-15.288784218970598,0.0,4183545107.9389324,338164570.7107745,0.00010782976917646119,1.4619714778791248e-06,387.2480147612114,0.0050469294025860005,1031.8786863902678,1630874322913.4592,20.073023014557776,0.047397616792194265,20.02024262547559,20.113323199019575,20.085503219179387,59.850976446488595,31.074592463143333,2.5117208577008365
1048022.8827274668,0.0,0.003879709979478462,3.750303239338416,3.0284937018452694e-05,15.482297465201972,-15.496497440819107,0.0,4261330796.066797,372641669.89377904,0.00010696341599031962,1.466555636193497e-06,390.38203761538335,0.005045731739613172,1031.9073110860193,1665034117785.298,19.964446858010117,0.059384386719633496,19.89992024349775,20.024452304356455,19.968968026177084,59.859053115289136,31.85256126361006,2.785324800437279
1058835.11822611,0.0,0.0038725035504614713,3.8867978154975074,3.0066925934950522e-05,15.677633912578395,-15.691619620544055,0.0,4341672744.881791,376642877.0232932,0.0001060694304860161,1.4699020168977736e-06,393.6761746548378,0.005046701341697349,1031.9268657768864,1699589597401.878,19.8880692794805,0.07676057501856204,19.84604372069768,19.930803198313424,19.887360919429543,59.8609620659787,32.601250654852905,2.8277925669351744
1069647.3537247535,0.0,0.0038647838664463536,4.008847600146004,2.9853943510071806e-05,15.850741685146597,-15.864479702725978,0.0,4421998890.303363,372076462.90603286,0.00010520860450460314,1.4711306805431903e-06,396.9010613481941,0.005046871585477048,1031.9313197007023,1734512126581.5264,19.865883950405976,0.0816788801608042,19.841377825751305,19.883706080412107,19.87256794505406,59.85825126664821,33.25838978175586,2.7987040201120483
1080459.5892233965,0.0,0.0038561983933091564,4.104214935146938,2.9646181947187972e-05,15.98718097288702,-15.99949702876762,0.0,4501836423.33488,385133606.0699176,0.00010438815689888083,1.4689489075156507e-06,400.0218990453598,0.005045795989832738,1031.9198416568524,1769763802842.3855,19.912948818621864,0.06574254101203662,19.890416378334187,19.90595155261516,19.942478524917522,59.8533562896254,33.75804324472487,2.888482406966992
1091271.82472204,0.0,0.0038481103874381775,4.202517401920093,2.9440721632119592e-05,16.12503885826914,-16.135463459958842,0.0,4582720172.248727,393600556.42896134,0.00010356960327184148,1.4669193952040983e-06,403.17967273585583,0.0050452632070654806,1031.9092254245177,1805328535112.7922,19.956598516238603,0.05425842939797452,19.937462909434547,19.9420491349859,19.990283504296382,59.85412004846071,34.2705633404908,2.943923977292355
1102084.0602206832,0.0,0.0038410511412142515,4.308883650878502,2.9237143632231476e-05,16.270050206047937,-16.280556856354455,0.0,4665393755.059464,403132329.5874934,0.00010274153629835072,1.4655907110586584e-06,406.42805365537583,0.005045951758049084,1031.9014563955704,1841268947933.3328,19.986934670231715,0.03875371749604379,19.955552847578932,19.990383458232206,20.014867704884807,59.85753689567603,34.82522750345911,3.0096411330320483
1112896.2957193265,0.0,0.003834367014300724,4.420770477825112,2.903648451911683e-05,16.419159746976703,-16.432113228512677,0.0,4749102830.800872,417407413.3159473,0.00010192069952595042,1.4646510754546843e-06,409.7010872934508,0.0050470156992047975,1031.893842331812,1877574434130.8142,20.012943633917065,0.036040394787205304,19.98196163413911,20.016295902387412,20.04057336522494,59.86018761939625,35.40461556323225,3.1121369127682796
1123708.53121797,0.0,0.0038275175396861676,4.535556033605511,2.8839556486081313e-05,16.56991630354981,-16.585281614296203,0.0,4833185491.760299,433622492.7743724,0.00010112056045134803,1.4638792561276222e-06,412.9429747844959,0.005047753076169263,1031.8867753268503,1914232132668.2793,20.036054109962603,0.04027633549874996,19.99820396020129,20.04147337219784,20.06848499748822,59.858318720837566,35.9931823366283,3.229481290202157
1134520.766716613,0.0,0.0038214865953987063,4.646675752108986,2.864435109861178e-05,16.712969501199932,-16.729583941276946,0.0,4918847995.958159,443080838.2324993,0.00010031436845432493,1.4624452526062535e-06,416.25935204777153,0.005049463344512023,1031.8765855194345,1951234125133.8015,20.07267363583408,0.0378968966821985,20.036072497311903,20.07779684171304,20.104151568476116,59.85536950211139,36.559228502135284,3.2930686289658273
1145333.0022152564,0.0,0.003812813950307544,4.761083659455675,2.8457497016901324e-05,16.861698214468618,-16.878210962487724,0.0,5001672557.577731,440014070.7109484,9.959350104352772e-05,1.4615286749769154e-06,419.2722331520422,0.005047568101363847,1031.8681872978996,1988606978928.5066,20.100130981897784,0.03453899674380329,20.06357376974964,20.105404737767913,20.13141443817359,59.85714214742885,37.128149306459626,3.2655015331828565
1156145.2377138997,0.0,0.0038065427926936156,4.88315657610083,2.826934278697561e-05,17.01382737694043,-17.029873668711154,0.0,5088204714.189324,430632575.81706554,9.882499683973232e-05,1.4609219204541286e-06,422.5351256543125,0.005048746144134249,1031.862566193252,2026334732525.2004,20.11843966211409,0.03757085151713318,20.074811980492242,20.129806430241192,20.15070057560997,59.86149667345406,37.739049363858065,3.192946783388163
1166957.473212543,0.0,0.0038019665683916635,5.0094138204867305,2.8081141212399163e-05,17.166134664950658,-17.181855579795254,0.0,5177588880.32409,422849375.04982233,9.802728784589168e-05,1.460343641239045e-06,425.9736613111922,0.005052071927905567,1031.8584560553245,2064415782379.0989,20.133209023205808,0.03956416775944376,20.085130004294058,20.148236827443174,20.16626023788174,59.864570878647754,38.371323685245436,3.132758329703447
1177769.7087111864,0.0,0.0037962105500314123,5.139531840186493,2.7898018753261564e-05,17.32238432982592,-17.338135464922466,0.0,5265961747.300128,416063167.8888855,9.727403005664157e-05,1.4601051116522884e-06,429.2697263019484,0.0050537395839090555,1031.8585715884283,2102833941212.923,20.135409621254045,0.04367871594624647,20.08121860871326,20.154635955545185,20.17037429950271,59.86703716328014,39.013563018325804,3.081695225445132
1188581.9442098294,0.0,0.003789577768745092,5.272887440686506,2.7719693761276698e-05,17.4811750097259,-17.496358751548026,0.0,5353726422.205388,413618213.74420387,9.655834331193439e-05,1.4600869628502342e-06,432.4524053994616,0.005054132965231308,1031.8612156217096,2141634573409.9783,20.12991407828152,0.05266845173925638,20.062899827689122,20.1583982267118,20.16844418044272,59.86433441651493,39.662540534821964,3.0638973997135373
1199394.179708473,0.0,0.003782286571861176,5.409606090213759,2.7545268554972292e-05,17.642361777522932,-17.656974501883266,0.0,5441092396.761115,413088891.80408317,9.587217264690389e-05,1.4602661902910657e-06,435.547852389705,0.005053557253816016,1031.8641158627095,2180767694139.9348,20.121841590765015,0.057451754640681196,20.048841619806435,20.152769907875836,20.163913244612683,59.86583228903746,40.31970146480758,3.0609319974138294
1210206.4152071162,0.0,0.003777567970264937,5.554262673070071,2.7368747891875677e-05,17.80587843498218,-17.820186121245936,0.0,5532658730.244083,409279286.92506313,9.51329251218853e-05,1.4606318425405823e-06,438.92692420647705,0.005056328812431778,1031.867632120743,2220227013305.7466,20.110531383417854,0.06039246817587638,20.03535637721282,20.13705074326211,20.159187029779705,59.86036552433156,41.01900178006813,3.0343751456501735
1221018.6507057594,0.0,0.0037702050142742094,5.698590563731475,2.720018225419931e-05,17.970326055262657,-17.9847503914409,0.0,5621000738.4238615,401148659.25327104,9.447528326588326e-05,1.4610690873224465e-06,441.9841489661187,0.005055452837016381,1031.870723997083,2260094278001.9233,20.099398139712534,0.05842599465871884,20.026753882399007,20.128564833895073,20.142875702844123,59.869461468531036,41.699132321709925,2.975852645556278
1231830.886204403,0.0,0.0037624630717259973,5.851341778549123,2.7034943452999965e-05,18.141627031463223,-18.156145310498957,0.0,5709278141.8469,391122211.5234775,9.38393462204175e-05,1.4620501995474707e-06,444.9820251217837,0.005053971402891859,1031.873008979939,2300315664654.905,20.084415228772354,0.05577478646229397,20.015721527125688,20.116606141505528,20.12091801768734,59.85985377785598,42.41135679613195,2.9050967959653184
1242643.121703046,0.0,0.0037563243323555755,6.003632516107239,2.686919985596066e-05,18.307490789878173,-18.32200735857808,0.0,5800443129.798336,389972195.2026968,9.317443704478702e-05,1.4625786959492722e-06,448.1558649254362,0.005054555489866157,1031.8730086550988,2340861306350.038,20.078990101407,0.06127021478487963,19.999766076715982,20.11506753174474,20.122136695761572,59.8674195831014,43.120344023798,2.898699831785866
1253455.3572016894,0.0,0.0037504717346562183,6.156549375507481,2.6705603295049367e-05,18.471019840526328,-18.48454885871628,0.0,5892650994.936328,381218886.0068458,9.25150090092012e-05,1.4629154061392406e-06,451.3518300932531,0.005055433863355251,1031.8717920930094,2381774755059.014,20.078147573976548,0.06273433368041557,19.995994883465116,20.113357925345245,20.125089913119336,59.867541404195,43.826163432889615,2.83362779022699
1264267.5927003326,0.0,0.0037465183952309807,6.310375024606248,2.6541079580846116e-05,18.629988133553525,-18.643161993196994,0.0,5988392905.547893,370566797.6992402,9.182027301662261e-05,1.4628887212510697e-06,454.7643619225906,0.005058786218472379,1031.8685082212135,2423037157983.092,20.085478377904394,0.05962987372993319,20.007644071899055,20.11465447183126,20.134136589983466,59.856857085670235,44.53704436545191,2.752578244321574
1275079.8281989759,0.0,0.0037394944303450854,6.455921376212075,2.638443698511104e-05,18.78369632071644,-18.796813432335927,0.0,6079830897.459956,360619066.81589705,9.121247989472309e-05,1.4624499399084098e-06,457.7940390856539,0.005057910958457596,1031.8628448336585,2464652074688.5063,20.10215341944647,0.055919001331608396,20.028610681500382,20.13512557712156,20.1427239997179,59.858298137065425,45.19035026206285,2.677988914304272
1285892.0636976194,0.0,0.003732146741183235,6.593522648829541,2.623093900396319e-05,18.928533542866063,-18.941295427070603,0.0,6171257228.918185,345758164.32494164,9.062436428885973e-05,1.4613376306071939e-06,460.7675098392535,0.0050564976972727865,1031.8533595716326,2506654243915.418,20.133956235588034,0.06235757399561997,20.052510579717108,20.16507262918297,20.184285497864526,59.861956322110586,45.79929898126244,2.5644543607925416
1296704.2991962624,0.0,0.003724962752781226,6.729819011625993,2.6079365512229213e-05,19.070246785099183,-19.083221461993578,0.0,6263415119.685162,339374614.5148795,9.004240836734247e-05,1.460003387122092e-06,463.7470563327699,0.005055220322960891,1031.8424291199224,2548997754266.6235,20.171143171785985,0.067198719375939,20.08412738536114,20.198346934699796,20.23095519529713,59.859049126607715,46.3977867918836,2.5119715596774834
1307516.5346949059,0.0,0.003718419340479248,6.866605696577303,2.592865590226771e-05,19.20997393156034,-19.223617128608623,0.0,6357085804.832503,328165640.34477276,8.945411681204e-05,1.4585376168067707e-06,466.7942056254951,0.0050547364079037435,1031.8309216997343,2591651815793.7954,20.210920302947017,0.0686204821994336,20.124065815528947,20.231513702154555,20.277181391157132,59.861552430585014,46.99681998465541,2.423725263823846
1318328.770193549,0.0,0.003713509040352382,7.001025473946394,2.5777585142099092e-05,19.34313413131723,-19.358401958262927,0.0,6454142873.199986,317882463.9858585,8.883811092195798e-05,1.4566056394419212e-06,470.0324914078271,0.005056380515226514,1031.8165513317854,2634702016127.9746,20.261636066148615,0.06689687986755118,20.17988390511258,20.2768224844258,20.328201808906545,59.85800901786312,47.5867190559375,2.3416866987522638
1329141.0056921924,0.0,0.003707756078972387,7.134390791006635,2.5630237948224492e-05,19.475233756779165,-19.490237542737482,0.0,6550306718.066654,309979763.4169418,8.825282254436912e-05,1.454625223953146e-06,473.1519431278253,0.005056794428399803,1031.8020739660126,2678122283577.1304,20.31307905279512,0.06419377130885269,20.237506802237522,20.323106200644233,20.378624155504006,59.85158021033701,48.16350010087225,2.2774168292145287
1339953.2411908356,0.0,0.0037018120465361075,7.267085348743598,2.548494699013919e-05,19.605920352401416,-19.61996365818059,0.0,6646581091.311452,299497499.5577188,8.768018567624298e-05,1.4525650876926444e-06,476.23789853796643,0.005056884920566387,1031.7870128950717,2721828727766.7227,20.366594842568727,0.06398478929511986,20.291864811158874,20.376938904391153,20.43098081215658,59.85095748022713,48.73281560021862,2.1945904814938806
