time,torque,temptop,tempmid,tempbot,fic,icangle,balance,mass,dm,alpha,torquenorm,alpha100
1185.658561085973,31.3381781130761,2538.5149321266967,2548.4823529411765,2509.1053393665156,-17.08520669683261,-739543623.9470251,462.65140271493215,24.651402714932125,-0.031413574660633874,0.6992004198194443,0.8618834181765477,69.92004198194442
1156.105,33.19812352258795,2527.5520833333335,2543.4114583333335,2491.6822916666665,-17.081776041666664,-739361893.037042,677.7786458333334,239.77864583333334,-0.422421875,0.7005596097468644,0.9130368739194953,70.05596097468644
1152.365,33.23328425258132,2527.835164835165,2542.263736263736,2491.8076923076924,-17.07962637362638,-739338899.8454038,835.5741758241758,397.5741758241758,-0.4217582417582417,0.7015582137920796,0.914003887701947,70.15582137920796
1148.775,33.27641706017721,2528.0169491525426,2538.954802259887,2491.7966101694915,-17.087703389830498,-739316817.6398227,991.8926553672317,553.8926553672317,-0.45048022598870047,0.7025488854934789,0.9151901548650271,70.2548885493479
1145.29,33.25809216439322,2527.408163265306,2540.3002915451893,2492.247813411079,-17.080524781341104,-739295384.7497139,1145.868804664723,707.868804664723,-0.4478717201166181,0.7035260661658801,0.914686171392885,70.352606616588
1141.9,33.262965770790586,2527.286567164179,2539.614925373134,2492.0805970149254,-17.08709253731344,-739274534.6440214,1304.7880597014926,866.7880597014926,-0.4879402985074628,0.7045360593101292,0.9148202085575681,70.45360593101292
1138.6549999999997,33.251345205931834,2525.643312101911,2539.5923566878982,2488.8216560509554,-17.07777707006368,-739254580.1469523,1462.5509554140128,1024.5509554140128,-0.4912738853503188,0.7055401214411792,0.9145006120537297,70.55401214411792
1135.4399999999998,33.1549412445661,2521.413373860182,2536.80547112462,2484.9392097264436,-17.078437689969597,-739234811.579037,1619.6474164133738,1181.6474164133738,-0.49072948328267424,0.7065413745770832,0.9118492461878568,70.65413745770832
1132.2500000000002,33.20041119658821,2519.9126213592235,2536.0873786407765,2484.0485436893205,-17.08178317152101,-739215197.9499681,1777.6990291262136,1339.6990291262136,-0.4881877022653726,0.7075501428016411,0.9130997910514328,70.7550142801641
1129.0800000000002,33.16871475737201,2519.8184615384616,2536.5938461538462,2483.996923076923,-17.086412307692303,-739195700.3944033,1931.76,1493.76,-0.48689230769230774,0.7085348348045796,0.9122280544981107,70.85348348045795
1125.835,33.15158028397853,2519.7716049382716,2538.41975308642,2481.395061728395,-17.08846913580246,-739175741.3167772,2090.722222222222,1652.7222222222222,-0.48734567901234527,0.7095522847885575,0.9117568108143287,70.95522847885574
1122.6399999999999,33.13396125936965,2520.0285714285715,2537.393650793651,2480.784126984127,-17.088695238095255,-739156084.9137124,2246.5809523809526,1808.5809523809523,-0.49520634920634926,0.7105512883517199,0.9112722406807348,71.05512883517198
1119.495,33.1293859060986,2519.9426751592355,2538.6751592356686,2480.8471337579617,-17.073165605095543,-739136747.0078537,2400.4458598726114,1962.4458598726114,-0.4881210191082802,0.7115388909496465,0.9111464062719064,71.15388909496465
1116.5949999999998,33.13533982161689,2519.751879699248,2540.4285714285716,2481.09022556391,-17.082323308270674,-739118919.0474929,2556.3007518796994,2118.3007518796994,-0.6190977443609034,0.7125406762134214,0.9113101548165704,71.25406762134214
1114.0399999999997,33.11437004427297,2519.938775510204,2540.534693877551,2481.9714285714285,-17.077685714285717,-739103206.2046614,2712.9673469387753,2274.9673469387753,-0.619469387755102,0.7135490877856345,0.9107334300525983,71.35490877856346
1111.5849999999998,33.12895466531715,2518.3414634146343,2540.3414634146343,2482.2276422764226,-17.07569105691058,-739088115.2981585,2866.849593495935,2428.849593495935,-0.6292276422764226,0.7145409706389605,0.9111345460011073,71.45409706389604
1108.98,33.1023845512179,2518.389090909091,2539.661818181818,2481.8436363636365,-17.090432727272717,-739072095.8360765,3025.1563636363635,2587.1563636363635,-0.5855636363636354,0.7155628109732003,0.9104037970507831,71.55628109732002
1106.4199999999998,33.024860798855556,2518.1054852320676,2540.8987341772154,2481.5232067510547,-17.089810126582286,-739056342.5163965,3180.6118143459917,2742.6118143459917,-0.6633755274261615,0.7165676694252393,0.9082716872505631,71.65676694252393
1104.16,33.08857313506397,2518.079069767442,2540.795348837209,2483.1767441860466,-17.086911627906968,-739042441.9370135,3329.9906976744187,2891.9906976744187,-0.6601395348837201,0.7175345676946686,0.9100239462974413,71.75345676946687
1101.855,33.135379208637815,2518.3333333333335,2538.959349593496,2483.3414634146343,-17.081638211382128,-739028264.6931709,3476.890243902439,3038.890243902439,-0.6440650406504067,0.7184867074194022,0.9113112380646171,71.84867074194023
1099.29,33.06242963903815,2518.430711610487,2534.6554307116103,2483.4644194756556,-17.07664044943821,-739012493.7721161,3641.434456928839,3203.434456928839,-0.596779026217229,0.7195547067589904,0.9093049304811258,71.95547067589904
1096.735,33.011177312254524,2517.3852459016393,2530.22131147541,2483.3852459016393,-17.07330327868851,-738996786.3817586,3792.9795081967213,3354.9795081967213,-0.5884836065573757,0.7205397283938401,0.907895354900874,72.053972839384
1094.235,33.02358520523187,2517.984375,2532.453125,2484.046875,-17.08414453124999,-738981414.9416217,3938.64453125,3500.64453125,-0.6302343750000006,0.7214878201310493,0.9082366050262991,72.14878201310493
1091.6299999999999,32.99920686357759,2517.950943396226,2533.324528301887,2483.0603773584908,-17.07291698113207,-738965400.118698,4105.815094339622,3667.8150943396226,-0.596452830188679,0.7225774103447078,0.9075661356595526,72.25774103447078
1089.1250000000002,33.08132928277126,2519.6271186440677,2532.737288135593,2483.3389830508477,-17.09287288135593,-738949998.0710553,4257.3983050847455,3819.398305084746,-0.6136864406779657,0.7235668185076773,0.909824721053642,72.35668185076773
1086.6650000000002,33.00193017002936,2520.4375,2532.609375,2480.2265625,-17.092,-738934858.5642895,4405.46875,3967.46875,-0.5933984375000012,0.7245346169529746,0.9076410338449201,72.45346169529746
1084.1100000000001,33.00312043962275,2520.3176470588237,2531.7764705882355,2475.956862745098,-17.076964705882357,-738919144.9311094,4554.478431372549,4116.478431372549,-0.5850588235294102,0.7255098535392838,0.9076737694309519,72.55098535392838
1081.5,33.001355201975734,2519.861423220974,2529.1498127340824,2473.8464419475654,-17.088662921348313,-738903094.0801727,4709.940074906367,4271.940074906367,-0.6103370786516855,0.7265287291930104,0.9076252206910854,72.65287291930103
1078.8950000000002,32.973687734342995,2518.8110236220473,2529.8740157480315,2470.9448818897636,-17.075322834645668,-738887071.6415547,4868.377952755905,4430.377952755905,-0.5684645669291352,0.7275685699670572,0.9068642915940093,72.75685699670572
1076.245,33.03878401532347,2514.6666666666665,2529.4927536231885,2470.659420289855,-17.075347826086947,-738870782.0300868,5016.865942028986,4578.865942028986,-0.5769927536231884,0.7285444697600074,0.9086546128105009,72.85444697600074
1073.5900000000001,32.92607708355855,2511.8549019607844,2529.211764705882,2471.164705882353,-17.078486274509803,-738854461.0758194,5175.874509803922,4737.874509803922,-0.5855686274509793,0.7295909593600629,0.9055548718092458,72.95909593600629
1071.1299999999999,33.020415123308766,2511.5822784810125,2529.3544303797466,2469.4556962025317,-17.0845400843882,-738839334.0619873,5318.481012658228,4880.481012658228,-0.5875105485232058,0.7305307724008172,0.9081494193247588,73.05307724008172
1068.525,32.93619052368898,2511.549295774648,2526.5915492957747,2468.9718309859154,-17.08571478873239,-738823311.9312295,5469.06338028169,5031.06338028169,-0.5673239436619715,0.7315244848310407,0.9058330183663839,73.15244848310407
1065.7749999999999,32.95931922505178,2511.9323308270677,2525.3609022556393,2469.7293233082705,-17.087928571428574,-738806395.3628757,5622.443609022556,5184.443609022556,-0.5715413533834611,0.732538021715716,0.906469119294671,73.2538021715716
1063.1699999999998,32.94880233091247,2512.372549019608,2525.062745098039,2469.9333333333334,-17.087949019607844,-738790371.33111,5776.18431372549,5338.18431372549,-0.6057254901960786,0.7335553707976781,0.9061798766770345,73.35553707976781
1060.6150000000002,32.888937742196255,2511.6171875,2527.234375,2469.5390625,-17.078140624999993,-738774657.2788858,5926.66796875,5488.66796875,-0.5702343749999983,0.7345525157993625,0.9045334409409079,73.45525157993626
1058.0600000000002,32.946958884274004,2511.7921568627453,2525.4627450980392,2469.156862745098,-17.076509803921574,-738758950.6681334,6076.396078431372,5638.396078431372,-0.5637254901960784,0.7355460213728947,0.9061291769814664,73.55460213728946
1055.505,32.95203494272059,2510.6796875,2525.0078125,2469.421875,-17.07729296875,-738743244.2878288,6221.0546875,5783.0546875,-0.591562500000002,0.7365071606524252,0.9062687821170624,73.65071606524252
1052.8,32.93026582256291,2511.259649122807,2526.6701754385963,2469.119298245614,-17.084708771929822,-738726608.6667053,6374.894736842105,5936.894736842105,-0.5748771929824534,0.737530671169344,0.9056700732953659,73.7530671169344
1050.085,32.95644590817341,2510.5348837209303,2526.046511627907,2464.5581395348836,-17.077100775193795,-738709914.5083373,6528.422480620155,6090.422480620155,-0.5407751937984513,0.7385535123465145,0.9063900954227758,73.85535123465145
1047.4850000000001,32.900289210919325,2510.8549618320612,2526.671755725191,2460.2290076335876,-17.089698473282446,-738693926.3022063,6678.93893129771,6240.93893129771,-0.6117938931297708,0.7395577049298044,0.9048456365838411,73.95577049298045
1044.895,32.89254691473002,2511.71875,2527.5390625,2459.3515625,-17.086140624999995,-738677991.4231716,6831.4375,6393.4375,-0.5533203124999986,0.7405764783315707,0.9046327028044715,74.05764783315706
1042.2900000000002,32.88164126409869,2512.177358490566,2527.422641509434,2459.0075471698115,-17.0846603773585,-738661969.4929813,6976.2,6538.2,-0.570490566037737,0.7415448850375302,0.9043327683472209,74.15448850375303
1039.58,32.79186542492743,2511.6353790613716,2527.6714801444045,2459.231046931408,-17.076801444043312,-738645302.7368481,7128.574007220217,6690.574007220217,-0.5513718411552364,0.7425655733845792,0.9018636935064499,74.25655733845792
1036.975,32.83141000248003,2511.9590163934427,2527.0245901639346,2460.098360655738,-17.07544672131147,-738629291.1816394,7272.086065573771,6834.086065573771,-0.5810655737704907,0.7435281741537515,0.9029512747802687,74.35281741537516
1034.33,32.848165534386034,2511.6315789473683,2526.1508771929825,2459.8280701754384,-17.080582456140355,-738613031.5379301,7425.642105263158,6987.642105263158,-0.5491929824561387,0.7445595517102468,0.9034120965632201,74.45595517102468
1031.575,32.800605136855864,2511.5864661654136,2527.0451127819547,2459.8045112781956,-17.07543609022557,-738596088.5233526,7576.714285714285,7138.714285714285,-0.5564285714285723,0.7455756232116338,0.9021040588768802,74.55756232116339
1028.87,32.80845998707563,2511.836363636364,2527.210909090909,2459.7345454545452,-17.079829090909108,-738579462.2214652,7725.309090909091,7287.309090909091,-0.5152727272727267,0.7465763894484853,0.9023200881920576,74.65763894484853
1026.1699999999998,32.83949625991506,2511.807547169811,2526.08679245283,2457.7849056603773,-17.094369811320757,-738562851.3315098,7867.4301886792455,7429.4301886792455,-0.5694716981132104,0.7475348172000111,0.9031736684105944,74.75348172000112
1023.5150000000002,32.809837305933094,2511.2105263157896,2527.8496240601503,2458.127819548872,-17.074766917293218,-738546522.2748797,8019.954887218045,7581.954887218045,-0.5419172932330814,0.7485647722047951,0.9023579681313606,74.8564772204795
1020.81,32.784852890326626,2511.269090909091,2527.887272727273,2458.490909090909,-17.083661818181806,-738529890.2656547,8161.963636363636,7723.963636363636,-0.5434909090909092,0.7495249828799265,0.9016708301156678,74.95249828799265
1018.0099999999999,32.79984950057495,2510.1157894736843,2527.9894736842107,2458.487719298246,-17.082533333333338,-738512668.847474,8313.849122807018,7875.849122807018,-0.52659649122807,0.7505533518492887,0.9020832768652921,75.05533518492888
1015.21,32.792014593834715,2506.2727272727275,2527.690909090909,2458.192727272727,-17.07973454545455,-738495452.4165894,8462.207272727273,8024.2072727272725,-0.545418181818181,0.751559191009955,0.9018677960489536,75.1559191009955
1012.46,32.7700874028469,2503.8727272727274,2527.0581818181818,2458.2945454545456,-17.084570909090907,-738478540.8607094,8608.603636363636,8170.603636363637,-0.5148000000000023,0.7525530493830256,0.9012647398581503,75.25530493830256
1009.705,32.75573238814533,2503.731884057971,2526.978260869565,2456.768115942029,-17.075297101449262,-738461603.0350616,8753.18115942029,8315.18115942029,-0.545615942028986,0.7535358603022068,0.9008699386959921,75.35358603022068
1007.0,32.72422447416171,2502.932075471698,2527.241509433962,2452.532075471698,-17.081358490566018,-738444972.2844411,8899.981132075472,8461.981132075472,-0.5367547169811312,0.7545350818671976,0.9000033870890087,75.45350818671976
1004.2450000000002,32.73530813930837,2499.923076923077,2528.4545454545455,2449.090909090909,-17.085517482517496,-738428025.9098496,9047.734265734265,8609.734265734265,-0.534685314685315,0.7555421418590778,0.9003082174198614,75.55421418590778
1001.54,32.68232894096102,2497.549019607843,2526.929411764706,2449.2980392156865,-17.088799999999985,-738411388.8618432,9196.494117647058,8758.494117647058,-0.5416862745098008,0.7565574114560973,0.8988511482692839,75.65574114560974
998.79,32.72390722806,2498.077966101695,2527.169491525424,2449.4338983050848,-17.08834237288135,-738394471.2748675,9342.505084745762,8904.505084745762,-0.5086779661016931,0.7575552568180377,0.8999946619757122,75.75552568180377
995.9899999999999,32.62874065481389,2498.0188679245284,2526.5622641509435,2449.5358490566036,-17.0791471698113,-738377249.3835957,9487.6,9049.6,-0.5474339622641567,0.7585481342984285,0.897377327580919,75.85481342984285
993.2350000000001,32.693990619069126,2497.7342657342656,2526.020979020979,2449.622377622378,-17.078604895104878,-738360311.8214374,9634.41958041958,9196.41958041958,-0.4972377622377592,0.7595541414808602,0.8991718754970512,75.95541414808602
990.4350000000001,32.583613023060416,2496.897810218978,2521.715328467153,2449.963503649635,-17.083558394160544,-738343094.6992368,9776.715328467153,9338.715328467153,-0.5102189781021937,0.760530429172355,0.8961361974370557,76.0530429172355
987.5400000000001,32.642607824217265,2495.4262295081967,2520.731147540984,2449.4983606557375,-17.079760655737687,-738325289.7755213,9917.83606557377,9479.83606557377,-0.4847868852458976,0.761499887581272,0.8977587116972097,76.1499887581272
984.1899999999999,32.619139735118125,2495.5698630136985,2522.364383561644,2449.27397260274,-17.086761643835636,-738304686.1042408,10063.172602739725,9625.172602739725,-0.39221917808219137,0.7624995902339442,0.8971132767016635,76.24995902339442
981.2999999999998,32.66922650296629,2495.112676056338,2524.755868544601,2449.347417840376,-17.09007981220656,-738286907.2341502,10214.887323943662,9776.887323943662,-0.784037558685446,0.7635446261458146,0.8984907963048334,76.35446261458146
978.9549999999999,32.628697406867595,2495.0859375,2526.046875,2449.359375,-17.086222656249998,-738272481.9920893,10367.328125,9929.328125,-0.5165624999999991,0.7645960130492043,0.8973761381471349,76.45960130492043
976.2350000000001,32.619755382909695,2495.1388888888887,2523.5,2448.9305555555557,-17.078763888888872,-738255755.6435521,10508.145833333334,10070.145833333334,-0.5108680555555591,0.7655685725484402,0.8971302086567081,76.55685725484402
973.3499999999999,32.59271238140401,2495.78892733564,2525.221453287197,2450.2733564013843,-17.080678200692056,-738238018.2300622,10653.058823529413,10215.058823529413,-0.5025259515570919,0.7665706969485377,0.8963864540424045,76.65706969485377
970.6049999999999,32.60480088556513,2495.653846153846,2524.5692307692307,2452.853846153846,-17.082453846153843,-738221135.435757,10792.626923076923,10354.626923076923,-0.5153076923076906,0.7675370904082559,0.8967189201241733,76.75370904082558
967.7349999999999,32.52787489587353,2498.9936305732485,2524.955414012739,2452.515923566879,-17.07084713375797,-738203497.020207,10937.891719745223,10499.891719745223,-0.5049044585987289,0.7685442455829697,0.8946032503905091,76.85442455829697
964.8149999999998,32.55684743529207,2499.1555555555556,2524.348148148148,2452.777777777778,-17.089655555555535,-738185542.3863037,11084.707407407408,10646.707407407408,-0.4868148148148167,0.7695634672595255,0.8954000724398703,76.95634672595256
961.9100000000001,32.55747636148198,2499.527331189711,2523.1993569131832,2450.717041800643,-17.08269774919613,-738167670.4731162,11228.135048231512,10790.135048231512,-0.4940836012861732,0.7705605089372556,0.8954173695862578,77.05605089372555
959.01,32.53932819372839,2499.066914498141,2525.3197026022303,2448.0631970260224,-17.087219330855017,-738149835.897736,11370.810408921932,10932.810408921932,-0.501710037174718,0.7715535696126323,0.8949182466059534,77.15535696126324
956.14,32.497359026696614,2497.432786885246,2525.6360655737703,2448.698360655738,-17.087570491803277,-738132183.0076952,11513.144262295082,11075.144262295082,-0.49104918032787026,0.7725455511063943,0.8937639826596306,77.25455511063943
953.1900000000003,32.47423526447326,2497.79298245614,2525.7508771929824,2448.6070175438595,-17.08188771929824,-738114038.4414594,11658.663157894736,11220.663157894736,-0.4687017543859647,0.773561033999383,0.8931280175708416,77.3561033999383
950.2399999999999,32.426780759917435,2497.6360655737703,2522.6721311475408,2448.2655737704918,-17.07995737704918,-738095898.002364,11800.560655737705,11362.560655737705,-0.4985901639344253,0.7745525488056413,0.8918228922235139,77.45525488056413
947.2850000000001,32.49751985924856,2497.5524475524476,2521.7062937062938,2448.5384615384614,-17.073790209790218,-738077730.4687823,11944.405594405594,11506.405594405594,-0.49667832167831916,0.7755589432158764,0.8937684059834475,77.55589432158764
944.355,32.48028401102513,2497.8533333333335,2522.3733333333334,2447.56,-17.100193333333344,-738059706.3414136,12088.94,11650.94,-0.4571666666666715,0.7765714947684855,0.8932943742216654,77.65714947684856
941.3899999999999,32.44080022393865,2497.6757679180887,2521.1160409556314,2444.3037542662114,-17.08339590443686,-738041463.9861971,12221.464163822526,11783.464163822526,-0.4462457337883959,0.7775010608982261,0.8922084648476789,77.75010608982261
938.225,32.430714366587104,2497.705882352941,2524.7,2441.335294117647,-17.08082352941177,-738022001.5347179,12366.744117647058,11928.744117647058,-0.46264705882352725,0.778521402782388,0.8919310768904712,77.8521402782388
934.915,32.419626147582186,2499.751552795031,2528.2919254658386,2441.031055900621,-17.0775310559006,-738001647.4593072,12514.75155279503,12076.75155279503,-0.4383850931677014,0.779562244866624,0.89162612131638,77.95622448666239
931.6549999999999,32.376134765838,2499.29696969697,2528.060606060606,2440.7818181818184,-17.073706060606053,-737981609.2986971,12658.257575757576,12220.257575757576,-0.4208484848484879,0.7805727770007923,0.890429992408578,78.05727770007923
928.3949999999999,32.39528655187892,2499.4534161490683,2526.6024844720496,2442.55900621118,-17.07937267080745,-737961567.8330743,12795.574534161491,12357.574534161491,-0.4263354037267045,0.7815409524219907,0.8909567175665489,78.15409524219908
925.035,32.33300034347422,2499.674285714286,2527.154285714286,2443.017142857143,-17.078194285714293,-737940912.495168,12936.388571428572,12498.388571428572,-0.4184571428571456,0.7825350310634932,0.8892436808350772,78.25350310634931
921.6100000000001,32.34884014617829,2500.2358208955225,2526.5343283582088,2442.838805970149,-17.08960298507463,-737919843.2472621,13079.731343283582,12641.731343283582,-0.41534328358208783,0.783548251794018,0.8896793176244454,78.3548251794018
918.2299999999998,32.32135957034872,2500.1847507331377,2528.3489736070383,2442.2903225806454,-17.08318475073314,-737899052.1374315,13220.686217008797,12782.686217008797,-0.41451612903225915,0.784545885455686,0.8889235285500459,78.4545885455686
914.84,32.29853412139763,2498.0148367952524,2532.9109792284867,2441.5044510385756,-17.07892581602373,-737878204.936525,13358.06824925816,12920.06824925816,-0.40875370919881304,0.785519442828749,0.8882957678712854,78.5519442828749
911.33,32.26021884595886,2497.641095890411,2535.0,2441.3561643835615,-17.079619178082183,-737856627.3084632,13501.591780821918,13063.591780821918,-0.4016164383561648,0.7865378243683014,0.8872419956818369,78.65378243683014
907.7649999999998,32.30600361231448,2500.0459770114944,2532.1264367816093,2439.8333333333335,-17.08224137931035,-737834702.4848136,13645.221264367816,13207.221264367816,-0.39844827586206855,0.7875582680219947,0.8885011987786031,78.75582680219946
904.2,32.28684258674714,2503.6575342465753,2530.391780821918,2437.8383561643836,-17.08762191780822,-737812779.7655697,13784.605479452055,13346.605479452055,-0.3873150684931479,0.7885498235075254,0.8879742195090312,78.85498235075255
900.5549999999998,32.25892595636615,2508.1758241758243,2530.8406593406594,2438.296703296703,-17.07883791208791,-737790359.9465082,13926.623626373626,13488.623626373626,-0.3868131868131898,0.7895613979145717,0.8872064377723289,78.95613979145718
896.925,32.191838503676706,2511.038674033149,2533.546961325967,2439.060773480663,-17.08056353591161,-737768042.2159207,14065.812154696132,13627.812154696132,-0.37740331491712426,0.7905540720976888,0.8853613540271252,79.05540720976887
893.29,32.2070823891562,2511.6027397260273,2536.013698630137,2443.53698630137,-17.08728767123288,-737745689.730063,14203.05205479452,13765.05205479452,-0.37213698630136965,0.7915340752801947,0.8857806015046253,79.15340752801947
889.4950000000001,32.20687741600754,2511.451776649746,2532.5888324873094,2447.8883248730963,-17.081746192893394,-737722347.4373628,14343.873096446701,13905.873096446701,-0.33946700507614214,0.7925409196043047,0.8857749641967589,79.25409196043047
841.9413211678834,32.195179722991035,2518.228467153285,2542.3788321167885,2459.8598540145986,-17.083837591240886,-737429883.1670064,11211.046715328468,14045.078832116787,-0.05435401459854025,0.7935374286570233,0.8854532464630264,79.35374286570233
773.9750000000001,32.18870317505425,2527.2640692640693,2564.844155844156,2480.839826839827,-17.089820346320344,-737011869.9362636,6019.590909090909,14185.59090909091,-0.2999567099567098,0.794544629688459,0.8852751241339746,79.4544629688459
769.355,32.17116029951993,2532.134199134199,2565.099567099567,2481.08658008658,-17.079335497835483,-736983454.5221255,6158.422077922078,14324.422077922078,-0.29729437229437305,0.7955410073558982,0.8847926483028778,79.55410073558981
764.6349999999999,32.190498881264034,2532.1535269709543,2564.3319502074687,2485.991701244813,-17.078093360995844,-736954430.0804695,6298.458506224067,14464.458506224066,-0.29153526970954446,0.7965473070612247,0.8853245108405197,79.65473070612246
759.815,32.158197351964304,2532.2157676348547,2562.7883817427387,2488.1659751037346,-17.08785892116182,-736924798.2605951,6437.836099585063,14603.836099585062,-0.2857468879668041,0.7975501294207488,0.8844361326972617,79.75501294207487
754.95,32.12552856486104,2532.7596741344196,2569.3951120162933,2491.020366598778,-17.083745417515267,-736894870.5707824,6577.382892057027,14743.382892057027,-0.2860896130346219,0.798555437835977,0.8835376539856198,79.85554378359771
750.2349999999999,32.09582249816116,2537.721238938053,2574.902654867257,2491.933628318584,-17.081736725663703,-736865873.633455,6716.320796460177,14882.320796460177,-0.30400442477876477,0.7995576139095522,0.8827206579810821,79.95576139095522
745.7550000000001,32.125105746990506,2542.198198198198,2575.436936936937,2491.9054054054054,-17.081204954954938,-736838325.7066444,6853.403153153153,15019.403153153153,-0.3007207207207176,0.8005476365433857,0.8835260253673188,80.05476365433857
741.085,32.09427238217808,2544.734693877551,2575.2285714285713,2491.5183673469387,-17.083130612244897,-736809610.5647609,6989.271428571428,15155.271428571428,-0.2930408163265309,0.8015301091360372,0.8826780256602993,80.15301091360372
736.2750000000001,32.08840438588446,2545.6525423728813,2578.6186440677966,2490.1228813559323,-17.087169491525422,-736780020.5530149,7130.593220338983,15296.593220338984,-0.288516949152543,0.8025532819685157,0.8825166401232988,80.25532819685156
731.5050000000001,32.064369900901156,2550.485477178423,2578.50622406639,2488.4979253112033,-17.077039419087136,-736750686.5929823,7267.375518672199,15433.3755186722,-0.2963070539419081,0.8035448442433544,0.881855627731424,80.35448442433544
726.7850000000001,32.07727082966027,2551.65367965368,2584.121212121212,2493.3939393939395,-17.07406493506492,-736721673.5641428,7405.893939393939,15571.89393939394,-0.28969696969697,0.8045502304639216,0.8822104376548484,80.45502304639216
722.02,32.03578142881744,2552.600814663951,2585.725050916497,2495.2525458248474,-17.08394093686355,-736692372.3931111,7546.486761710794,15712.486761710794,-0.2881670061099792,0.8055719755243282,0.8810693685573567,80.55719755243283
717.2050000000002,32.0504388528621,2553.3474576271187,2591.665254237288,2495.580508474576,-17.08869915254237,-736662758.4909089,7686.275423728814,15852.275423728814,-0.28474576271186364,0.8065891497824014,0.8814724867824079,80.65891497824013
712.5400000000001,32.017062501153745,2557.2603036876358,2590.6919739696314,2497.5813449023863,-17.086739696312346,-736634061.7061069,7818.483731019523,15984.483731019523,-0.2994360086767915,0.8075523455829577,0.8805545481583799,80.75523455829577
707.8249999999999,32.0314966631183,2562.609958506224,2591.97510373444,2497.9834024896268,-17.07977593360997,-736605063.0124067,7955.531120331951,16121.53112033195,-0.2780497925311212,0.8085520173638032,0.8809515260812072,80.85520173638032
703.0099999999999,32.00748071182545,2562.4386694386694,2597.3700623700624,2498.5218295218297,-17.079954261954253,-736575458.8110453,8091.288981288982,16257.28898128898,-0.28638253638253636,0.8095435041849554,0.8802910234152146,80.95435041849554
698.145,31.9837056890605,2560.808943089431,2604.609756097561,2498.6869918699185,-17.080160569105697,-736545546.6850406,8230.957317073171,16396.95731707317,-0.2838617886178822,0.8105648136699367,0.8796371469258429,81.05648136699367
693.3699999999999,31.98909188784848,2561.6997840172785,2604.5161987041038,2498.6976241900647,-17.08294384449244,-736516182.8309672,8368.233261339094,16534.233261339094,-0.29326133909287794,0.8115698875186623,0.8797852817473891,81.15698875186624
688.6999999999999,31.974037711424486,2565.815286624204,2605.063694267516,2498.2611464968154,-17.076341825902322,-736487462.0080189,8503.585987261147,16669.585987261147,-0.2888535031847118,0.8125620977923901,0.8793712517745129,81.25620977923901
683.8900000000001,31.97883318174176,2566.865580448065,2605.122199592668,2501.81466395112,-17.08233604887985,-736457890.4217715,8639.006109979633,16805.006109979633,-0.2727087576374775,0.8135560178996046,0.8795031399887513,81.35560178996046
679.075,31.972739152759825,2566.7923728813557,2608.635593220339,2507.5550847457625,-17.07805720338982,-736428287.489413,8773.85593220339,16939.85593220339,-0.2824999999999926,0.8145469643561586,0.8793355379504175,81.45469643561586
674.3050000000001,31.924301322521952,2568.609958506224,2612.589211618257,2514.2365145228214,-17.084701244813292,-736398952.0761877,8910.69917012448,17076.69917012448,-0.2951659751037353,0.815553793239673,0.8780033685261506,81.5553793239673
669.4850000000001,31.926638601320835,2574.2116182572613,2611.136929460581,2515.4771784232366,-17.080612033195013,-736369308.676948,9046.948132780082,17212.948132780082,-0.27593360995850624,0.8165574763633006,0.878067649922253,81.65574763633006
664.62,31.881889107806916,2581.020366598778,2610.62932790224,2515.3462321792263,-17.07935030549898,-736339395.8460115,9184.816700610998,17350.816700610998,-0.2712219959266841,0.8175743561304785,0.8768369195877619,81.75743561304785
659.8,31.858629892137596,2586.4841437632135,2615.964059196617,2515.8837209302324,-17.077697674418594,-736309760.8796362,9316.241014799154,17482.241014799154,-0.28619450317124523,0.8185448833296113,0.8761972291682089,81.85448833296113
654.935,31.912196370658002,2586.64,2627.324,2521.32,-17.089488000000014,-736279839.5443838,9451.816,17617.816,-0.27912000000000264,0.8195472650238499,0.8776704500887188,81.95472650238499
649.96,31.894872874629822,2586.9959595959594,2633.90101010101,2524.0060606060606,-17.08146464646466,-736249240.046748,9588.68686868687,17754.68686868687,-0.2655353535353509,0.8205604746068315,0.8771940077787139,82.05604746068315
645.0949999999999,31.893000318245516,2587.4853556485355,2633.2594142259413,2530.100418410042,-17.078251046025102,-736219328.5814404,9721.18410041841,17887.18410041841,-0.27401673640167273,0.8215425018524932,0.8771425074875544,82.15425018524932
640.29,31.82856243227544,2587.3933747412007,2635.695652173913,2537.2111801242236,-17.080859213250527,-736189780.5094719,9852.828157349897,18018.828157349897,-0.28010351966873887,0.8225193728394903,0.8753702938885518,82.25193728394903
635.3149999999999,31.817694176947082,2586.59375,2637.1640625,2538.390625,-17.086933593750008,-736159186.0612004,9989.30859375,18155.30859375,-0.26810546875000085,0.8235333595801638,0.875071387901796,82.35333595801639
630.3399999999998,31.870361765537645,2591.4927536231885,2645.2028985507245,2539.815734989648,-17.0842132505176,-736128585.417728,10125.436853002071,18291.43685300207,-0.27973084886128485,0.8245459644450583,0.8765198869535837,82.45459644450584
625.4449999999999,31.82890926698085,2593.564516129032,2647.717741935484,2545.5403225806454,-17.079752016129024,-736098482.7173,10260.245967741936,18426.245967741936,-0.26508064516128943,0.8255499904482643,0.8753798327673074,82.55499904482643
620.5699999999999,31.788930084425306,2593.6931106471816,2645.4592901878914,2551.6931106471816,-17.076968684759905,-736068509.8525434,10393.553235908143,18559.55323590814,-0.28580375782880546,0.8265440350808034,0.8742802986976321,82.65440350808035
615.665,31.79811573404234,2598.386454183267,2645.4501992031874,2554.2470119521913,-17.085013944223096,-736038350.9446683,10528.936254980079,18694.93625498008,-0.2647410358565766,0.8275547805999371,0.8745329285429772,82.75547805999372
610.7249999999999,31.768693165062647,2607.251028806584,2646.604938271605,2553.7654320987654,-17.08740534979424,-736007962.1416581,10660.633744855968,18826.633744855968,-0.27530864197530713,0.8285391948766612,0.8737237294813006,82.85391948766612
605.8900000000001,31.73767989342287,2612.3970893970895,2649.0498960498962,2557.4823284823283,-17.080783783783783,-735978223.5701392,10793.83575883576,18959.835758835758,-0.27717255717255657,0.8295360465857183,0.8728707818570552,82.95360465857183
600.9549999999999,31.8030703459229,2612.320158102767,2649.4308300395255,2560.98814229249,-17.082523715415014,-735947879.7166927,10928.642292490118,19094.64229249012,-0.267588932806327,0.8305461322001431,0.8746691935743376,83.0546132200143
596.0100000000001,31.764210588413224,2612.0062111801244,2650.383022774327,2561.0248447204967,-17.077935817805372,-735917479.0291429,11062.302277432713,19228.30227743271,-0.2700207039337438,0.831548839267407,0.873600446676828,83.1548839267407
590.975,31.72014247750342,2613.7137404580153,2651.9274809160306,2564.5114503816794,-17.085326335877863,-735886509.497619,11194.832061068702,19360.8320610687,-0.2629198473282451,0.8325442622980378,0.8723884561799179,83.25442622980378
585.945,31.730290367259055,2620.6431535269708,2655.2033195020745,2569.298755186722,-17.081014522821594,-735855573.443809,11332.815352697095,19498.815352697096,-0.2732987551867211,0.8335819095050698,0.8726675501935618,83.35819095050698
581.0950000000001,31.74033337501935,2626.217213114754,2661.0819672131147,2569.8934426229507,-17.080309426229512,-735825755.6253786,11462.797131147541,19628.79713114754,-0.2680532786885273,0.8345605690210947,0.8729437596728106,83.45605690210947
576.1650000000001,31.662721055987397,2626.4939759036147,2667.389558232932,2569.0963855421687,-17.0808232931727,-735795443.2530428,11594.508032128513,19760.508032128513,-0.25973895582329026,0.8355534213226041,0.8708092140531353,83.5553421322604
571.0699999999999,31.664978337210542,2627.671785028791,2675.4529750479846,2572.915547024952,-17.078502879078705,-735764110.8847637,11726.769673704415,19892.769673704413,-0.25936660268714207,0.8365516168989479,0.8708712953027016,83.65516168989478
565.9649999999999,31.68364077104668,2628.916,2678.328,2575.02,-17.076966000000002,-735732724.2256099,11860.382,20026.382,-0.26109999999999856,0.8375612101228703,0.8713845619708578,83.75612101228704
560.8349999999999,31.63044111624101,2635.6425855513307,2677.467680608365,2578.361216730038,-17.081598859315584,-735701184.8558193,11988.731939163497,20154.7319391635,-0.25515209125475813,0.8385321871166611,0.8699214296801331,83.85321871166612
555.705,31.588652415463567,2640.36,2681.36,2585.496,-17.07864199999999,-735669644.5596299,12122.588,20288.588,-0.2603399999999965,0.8395460228634122,0.8687721290367689,83.95460228634121
550.685,31.58689482984957,2645.003968253968,2691.7738095238096,2589.031746031746,-17.081047619047595,-735638770.9209157,12254.57142857143,20420.571428571428,-0.26263888888888687,0.8405468735007702,0.8687237907482039,84.05468735007702
545.7,31.59765348754994,2645.3853955375253,2688.5091277890465,2594.042596348884,-17.086866125760647,-735608113.4155453,12385.354969574037,20551.354969574037,-0.25649087221095485,0.8415397977367566,0.8690196825080991,84.15397977367566
540.4849999999999,31.57735431241896,2645.5272727272727,2686.1563636363635,2595.4727272727273,-17.08005454545454,-735576045.6168711,12516.381818181819,20682.381818181817,-0.24869090909090696,0.8425357582663697,0.8684614010922196,84.25357582663698
535.165,31.57321486820381,2645.3891050583657,2689.719844357977,2595.7003891050585,-17.07684435797666,-735543337.5740864,12648.536964980545,20814.536964980543,-0.25190661478599846,0.8435414737372172,0.8683475553441792,84.35414737372172
530.0450000000001,31.593106246109304,2648.4117647058824,2690.176470588235,2599.321568627451,-17.08725490196077,-735511847.1431726,12779.223529411765,20945.223529411764,-0.25662745098038703,0.84453720017107,0.8688946212495285,84.453720017107
524.9,31.58884908590329,2655.42774566474,2680.0944123314066,2604.2601156069363,-17.085493256262037,-735480198.8198522,12912.231213872832,21078.231213872834,-0.25660886319845916,0.8455518219483642,0.868777537998012,84.55518219483642
519.735,31.56110495978829,2659.1770428015566,2688.171206225681,2604.140077821012,-17.078219844357992,-735448444.6460172,13039.98832684825,21205.988326848248,-0.24344357976653894,0.846527531026133,0.8680145005883694,84.6527531026133
514.445,31.546187748097783,2662.676470588235,2692.1470588235293,2604.047794117647,-17.0801544117647,-735415914.0113386,13170.49080882353,21336.490808823528,-0.25242647058823475,0.8475253811433511,0.8676042375106919,84.75253811433511
509.17,31.515204547255085,2661.4442270058707,2691.289628180039,2603.9432485322895,-17.08205479452054,-735383475.5826106,13305.207436399218,21471.207436399218,-0.2493542074364029,0.8485566715024707,0.8667521169135085,84.85566715024707
503.93500000000006,31.499640690826812,2659.2537313432836,2689.223880597015,2603.7126865671644,-17.080901119402988,-735351282.1177571,13433.205223880597,21599.205223880595,-0.24727611940297992,0.8495377019165454,0.8663240693821553,84.95377019165454
498.63000000000005,31.484851431441555,2663.824761904762,2690.9542857142856,2604.7028571428573,-17.07810095238098,-735318666.908209,13566.379047619048,21732.379047619048,-0.24847619047619185,0.8505596015903064,0.8659173253338807,85.05596015903065
493.46000000000004,31.48870904428736,2672.3929273084477,2691.829076620825,2610.477406679764,-17.0791669941061,-735286882.5816143,13695.522593320236,21861.522593320235,-0.2518664047151291,0.8515517526502147,0.866023419968149,85.15517526502147
488.415,31.454971704116495,2678.344,2693.168,2610.572,-17.082792,-735255856.2343626,13823.294,21989.294,-0.2535400000000009,0.8525344997699206,0.8650955531993239,85.25344997699206
483.23499999999996,31.443103603196683,2678.686567164179,2693.0932835820895,2615.0858208955224,-17.08462873134329,-735223994.5625665,13955.623134328358,22121.623134328358,-0.26024253731342906,0.8535535019269632,0.8647691487940925,85.35535019269632
478.025,31.439459164723154,2678.292490118577,2690.920948616601,2616.494071146245,-17.080029644268773,-735191959.9239758,14086.326086956522,22252.32608695652,-0.24391304347826462,0.8545611633041139,0.8646689170231974,85.45611633041139
473.0300000000001,31.419627176774235,2676.655172413793,2693.701825557809,2617.1095334685597,-17.07802231237324,-735161252.2521114,14211.839756592291,22377.839756592293,-0.2579513184584143,0.8555299515983257,0.8641234844999354,85.55299515983256
467.7300000000001,31.461849213040953,2677.0246913580245,2697.6384479717813,2617.811287477954,-17.08714109347444,-735128649.5069512,14345.335097001764,22511.335097001764,-0.24409171075838,0.8565615502062572,0.8652847030241465,85.65615502062572
462.45500000000004,31.399350130656813,2676.9795081967213,2694.1188524590166,2618.22131147541,-17.080643442622947,-735096207.5498687,14473.506147540984,22639.506147540982,-0.2418237704918,0.8575531626200079,0.8635658116909052,85.75531626200079
457.295,31.375316335137427,2676.5569852941176,2691.5588235294117,2624.3088235294117,-17.081683823529403,-735064482.9369433,14599.367647058823,22765.367647058825,-0.2443198529411762,0.8585280400691503,0.8629048182611256,85.85280400691502
451.89500000000004,31.394489873126947,2677.5858208955224,2692.0522388059703,2628.402985074627,-17.079828358208946,-735031279.7740724,14730.083955223881,22896.08395522388,-0.2537500000000038,0.8595416873513977,0.8634321416556547,85.95416873513977
446.735,31.390399910485744,2677.5262096774195,2689.2258064516127,2626.576612903226,-17.084508064516136,-734999543.0749276,14861.973790322581,23027.97379032258,-0.24975806451613108,0.8605656434723253,0.8633196567827723,86.05656434723254
441.66,31.366849167615708,2676.4450867052024,2693.6820809248557,2625.5202312138726,-17.082055876685953,-734968330.936148,14987.001926782274,23153.001926782275,-0.24371868978805003,0.8615374616917548,0.8626719485882441,86.15374616917548
436.45500000000004,31.383600325752482,2671.7969348659003,2694.9080459770116,2623.7164750957854,-17.08286973180078,-734936326.2162052,15116.283524904215,23282.283524904215,-0.24381226053639932,0.862543494455341,0.863132650080885,86.25434944553409
431.18,31.341395814179908,2669.622889305816,2694.317073170732,2620.924953095685,-17.081028142589112,-734903889.788835,15241.86679174484,23407.86679174484,-0.238105065666041,0.8635218651228034,0.8619719135324683,86.35218651228034
425.685,31.294647136489008,2669.7438162544167,2691.798586572438,2620.7809187279154,-17.08389045936397,-734870093.6929591,15373.098939929328,23539.09893992933,-0.23712014134275464,0.8645454397720304,0.8606862003050405,86.45454397720303
420.34,31.346745279815938,2668.7395626242546,2689.3737574552683,2620.1729622266403,-17.078009940357845,-734837224.7853538,15499.75944333996,23665.75944333996,-0.2318489065606414,0.8655344910567969,0.8621190380944375,86.55344910567969
414.85,31.294386161510992,2668.727731092437,2690.344537815126,2619.978151260504,-17.076174789915957,-734803477.3203113,15624.695798319328,23790.695798319328,-0.22865546218487273,0.8665112112830533,0.860679022797615,86.65112112830533
396.8241029900334,31.2689143814047,2667.2322259136213,2685.0724252491696,2622.7787375415282,-17.081251495016637,-734692634.377717,15802.778737541528,23968.77873754153,-0.03963455149501637,0.8679052808996849,0.8599784809592912,86.79052808996849
306.94433333333336,31.26924851652062,2641.7083333333335,2662.9055555555556,2607.435185185185,-17.080325925925944,-734139988.4433372,2435.766666666667,24011.483333333334,-0.1424629629629635,0.8682399256184943,0.8599876705654899,86.82399256184942
299.28499999999997,31.27733081166054,2636.453703703704,2658.8796296296296,2607.537037037037,-17.082597222222216,-734092887.2624857,2377.0555555555557,24180.055555555555,-0.6176388888888882,0.8695621605378814,0.8602099552221399,86.95621605378814
297.22,31.172568085981393,2635.2944162436547,2655.7817258883247,2606.6751269035535,-17.076609137055822,-734080192.1580305,2504.2944162436547,24307.294416243654,-0.6268527918781622,0.8705615012981464,0.8573287010605217,87.05615012981464
295.40000000000003,31.238284067797547,2635.88622754491,2655.5389221556884,2606.1377245508984,-17.08092215568861,-734069000.3223054,2622.7784431137725,24425.778443113773,-0.7502395209580891,0.8714931168294257,0.8591360657015727,87.14931168294257
293.63,31.170329962882537,2635.1604278074865,2652.2834224598932,2603.224598930481,-17.067812834224593,-734058121.0885452,2756.1978609625667,24559.197860962566,-0.7506951871657809,0.8725433771256123,0.8572671467104321,87.25433771256122
291.91,31.215179845795475,2635.522292993631,2652.808917197452,2604.1592356687897,-17.08787261146496,-734047547.424936,2882.815286624204,24685.815286624205,-0.6965605095541438,0.8735412295324915,0.8585006380209462,87.35412295324915
290.23999999999995,31.162023629947093,2635.6101694915255,2655.700564971751,2603.406779661017,-17.07865536723163,-734037277.1345145,3000.5254237288136,24803.525423728814,-0.7797175141242847,0.874469936693202,0.857038700417317,87.44699366932021
288.46999999999997,31.23286057200716,2635.406779661017,2655.2937853107346,2603.4180790960454,-17.0736836158192,-734026396.4241073,3138.5706214689267,24941.570621468927,-0.7033333333333424,0.8755603298400817,0.8589869051130593,87.55603298400817
286.75,31.150684191529162,2635.4550898203593,2655.4191616766466,2602.4131736526947,-17.07524550898205,-734015824.5097244,3263.0239520958085,25066.02395209581,-0.7453892215568836,0.8765445356803426,0.8567268356398374,87.65445356803426
285.03000000000003,31.215139889022502,2635.3276836158193,2655.7457627118642,2599.915254237288,-17.087327683615815,-734005246.8262203,3387.553672316384,25190.553672316386,-0.7413559322033758,0.8775304461953051,0.8584995391031998,87.75304461953051
283.31,31.135736401008003,2635.4191616766466,2653.754491017964,2597.131736526946,-17.07707784431138,-733994668.207982,3517.814371257485,25320.814371257486,-0.7337125748503143,0.8785629136317035,0.8563157315628207,87.85629136317034
281.64,31.17451329914566,2634.916167664671,2651.622754491018,2597.754491017964,-17.07763473053892,-733984401.5673951,3639.0299401197603,25442.02994011976,-0.7427544910179693,0.8795247793182305,0.8573821996067693,87.95247793182305
279.92,31.14027343765327,2635.2937853107346,2649.5649717514125,2595.6666666666665,-17.08143502824857,-733973825.8797799,3767.7570621468926,25570.75706214689,-0.7305084745762671,0.8805474126038887,0.8564405121623215,88.05474126038887
278.2,31.20960178144042,2635.37125748503,2647.562874251497,2594.317365269461,-17.087814371257483,-733963247.042593,3890.9221556886228,25693.922155688622,-0.7382634730538974,0.8815269548206096,0.8583472263849603,88.15269548206096
276.48,31.092331434849847,2634.175141242938,2648.762711864407,2592.6723163841807,-17.081355932203394,-733952668.984859,4017.231638418079,25820.231638418078,-0.7230508474576246,0.8825326511562853,0.8551219793139425,88.25326511562854
274.7099999999999,31.150301421047686,2634.683615819209,2650.084745762712,2592.864406779661,-17.07356497175141,-733941786.0668981,4146.118644067797,25949.118644067796,-0.7070056497175108,0.8835600528985103,0.8567163084314668,88.35600528985103
272.99,31.13670703675611,2634.880239520958,2651.047904191617,2592.497005988024,-17.07329341317366,-733931215.3711259,4269.670658682635,26072.670658682633,-0.7507185628742454,0.8845460505480306,0.8563424266327563,88.45460505480305
271.27,31.14631770161702,2634.299435028249,2650.7966101694915,2592.468926553672,-17.080519774011304,-733920642.6982822,4394.3785310734465,26197.378531073446,-0.7322033898305003,0.8855423777717376,0.8566067455300254,88.55423777717377
269.59499999999997,31.069344915836183,2634.3291139240505,2649.493670886076,2591.73417721519,-17.07522151898736,-733910342.8357342,4521.208860759493,26324.208860759492,-0.7247468354430509,0.8865568190741198,0.8544897887791899,88.65568190741197
267.82500000000005,31.12723640509945,2632.0714285714284,2647.5510204081634,2589.887755102041,-17.074499999999993,-733899462.2804844,4646.683673469388,26449.683673469386,-0.7023979591836645,0.8875615756815075,0.8560819590218096,88.75615756815075
266.01000000000005,31.106423201414604,2629.5988023952095,2645.88622754491,2587.431137724551,-17.078203592814376,-733888307.6842393,4771.766467065869,26574.766467065867,-0.7144910179640701,0.8885642984194112,0.85550954045075,88.85642984194112
264.34,31.06080332125267,2627.323353293413,2647.88622754491,2585.131736526946,-17.081826347305384,-733878038.4046707,4893.65868263473,26696.65868263473,-0.7164670658682721,0.8895425531262493,0.854254872163752,88.95425531262492
262.62,31.038848856746327,2626.412429378531,2646.129943502825,2584.401129943503,-17.091920903954797,-733867456.6160282,5019.225988700565,26822.225988700564,-0.7080790960452076,0.8905514331114369,0.8536510658785019,89.0551433111437
260.8,31.068521432619928,2626.2085561497324,2644.4010695187167,2584.0802139037432,-17.079475935828878,-733856263.4763528,5143.1122994652405,26946.11229946524,-0.7157219251336906,0.8915479164405704,0.8544671407960598,89.15479164405704
259.08,30.966202193691494,2626.566878980892,2642.5923566878982,2583.484076433121,-17.086554140127394,-733845684.461,5270.547770700637,27073.547770700636,-0.7289808917197267,0.8925741141712988,0.8516530890322763,89.25741141712989
257.46,31.04590406251892,2626.2095808383233,2639.994011976048,2582.9281437125746,-17.08862874251497,-733835717.8872213,5387.251497005988,27190.25149700599,-0.7031137724551011,0.8935149245863022,0.8538451028402322,89.35149245863022
255.64000000000001,31.00783888181183,2626.6345177664975,2639.3350253807107,2583.4060913705584,-17.08008629441624,-733824526.8583246,5514.380710659899,27317.380710659898,-0.7030456852791879,0.8945409268151258,0.8527982089224377,89.45409268151258
253.825,30.98155909850279,2626.4939759036147,2640.626506024096,2583.10843373494,-17.07348795180722,-733813367.4298974,5643.740963855422,27446.74096385542,-0.684939759036149,0.8955861267195392,0.8520754448426113,89.55861267195392
252.10500000000002,30.984472089779235,2626.247191011236,2640.1685393258426,2583.7078651685392,-17.077808988764037,-733802793.6887473,5761.808988764045,27564.808988764045,-0.7188202247190848,0.8965411567444049,0.8521555598661906,89.65411567444049
250.32999999999998,31.018380781050862,2625.214689265537,2638.785310734463,2583.700564971751,-17.090457627118646,-733791876.6290399,5888.423728813559,27691.42372881356,-0.7220903954802333,0.8975664497492936,0.8530881392469584,89.75664497492936
248.61,31.052504385606184,2622.568862275449,2636.9760479041915,2584.005988023952,-17.079341317365255,-733781297.9588807,6011.760479041916,27814.760479041917,-0.6857485029940146,0.8985663254792383,0.8540266293157979,89.85663254792384
246.88,31.063820968145578,2620.5083798882683,2633.6927374301677,2584.217877094972,-17.079117318435756,-733770662.109531,6130.9553072625695,27933.95530726257,-0.7036312849162052,0.8995336893275747,0.854337865495704,89.95336893275747
245.16,31.079119806083888,2619.2181818181816,2632.7090909090907,2584.163636363636,-17.07890909090909,-733760087.0881879,6253.060606060606,28056.060606060608,-0.7138787878787932,0.9005257443318554,0.8547586243122766,90.05257443318554
243.405,30.982370734332303,2620.2258064516127,2633.1720430107525,2584.4193548387098,-17.09096774193549,-733749291.6854568,6377.645161290323,28180.645161290322,-0.7167204301075144,0.9015390816978486,0.8520977669910315,90.15390816978486
241.59,30.98358047338077,2620.322033898305,2632.536723163842,2583.9491525423728,-17.078276836158185,-733738128.1778924,6504.949152542373,28307.949152542373,-0.7036158192090445,0.9025757021431697,0.8521310380389664,90.25757021431697
239.87,31.007806609404977,2619.6107784431138,2632.5449101796407,2584.2335329341317,-17.07737724550897,-733727554.1930422,6627.604790419162,28430.604790419162,-0.6997604790419196,0.9035756013572688,0.8527973213452393,90.35756013572687
238.15,31.005605404945662,2620.1186440677966,2632.9887005649716,2583.870056497175,-17.090322033898307,-733716973.3921186,6746.672316384181,28549.67231638418,-0.6815819209039515,0.9045473171683651,0.8527367823561298,90.4547317168365
236.38000000000002,30.97781094868808,2620.0169491525426,2632.4576271186443,2582.954802259887,-17.08463276836157,-733706086.3076274,6870.728813559322,28673.728813559323,-0.7150847457627102,0.905560860795739,0.8519723607334304,90.5560860795739
234.61,30.96114343290924,2620.3785310734465,2632.039548022599,2582.9887005649716,-17.08120903954803,-733695200.4185985,6993.6384180790965,28796.638418079096,-0.6878531073446328,0.9065661445759121,0.8515139596285498,90.65661445759122
232.93999999999997,31.080134119503978,2620.2101910828023,2630.452229299363,2583.0127388535034,-17.091808917197458,-733684929.248911,7112.554140127389,28915.554140127388,-0.7224840764331228,0.9075398322647966,0.854786520634598,90.75398322647966
231.26999999999995,30.989487367708975,2619.723163841808,2629.5649717514125,2582.6045197740114,-17.08016949152542,-733674659.0697795,7232.6214689265535,29035.621468926554,-0.7123163841807802,0.9085240110989148,0.8522934933755858,90.85240110989147
229.55000000000004,30.859105212792016,2620.377245508982,2626.8323353293413,2583.0958083832334,-17.08383832335329,-733664081.6102931,7354.616766467066,29157.616766467065,-0.7346706586826487,0.9095250768314773,0.8487076366310241,90.95250768314773
227.82999999999998,30.924786269369683,2620.5706214689267,2624.954802259887,2583.361581920904,-17.07762711864407,-733653505.288588,7478.3615819209035,29281.361581920904,-0.671299435028247,0.9105416318421513,0.8505140407349367,91.05416318421513
226.10999999999999,30.880507731038225,2620.293413173653,2620.7844311377244,2584.2814371257487,-17.07586826347304,-733642931.6924372,7597.664670658683,29400.664670658683,-0.6813772455089873,0.9115227788617029,0.8492962629231163,91.15227788617028
224.335,30.889961361818045,2620.6702127659573,2615.9148936170213,2584.521276595745,-17.088441489361692,-733632016.5684892,7716.984042553191,29519.98404255319,-0.7169148936170151,0.9125051158730386,0.8495562629646405,91.25051158730386
222.55999999999997,30.801400917565964,2620.437125748503,2613.8502994011974,2584.497005988024,-17.08513173652694,-733621097.141659,7841.682634730539,29644.68263473054,-0.7064071856287495,0.9135328543858804,0.8471206147233227,91.35328543858805
220.845,30.959101100259655,2621.3863636363635,2611.375,2582.5113636363635,-17.0904034090909,-733610547.5814887,7964.653409090909,29767.653409090908,-0.6848295454545389,0.9145475029742083,0.8514577900376206,91.45475029742083
219.13,30.91137394782863,2621.323353293413,2608.5209580838323,2580.125748502994,-17.07668263473054,-733600000.4267844,8082.958083832335,29885.958083832335,-0.7083832335329298,0.915524709101629,0.8501451661470849,91.5524709101629
217.41,30.879729028912582,2621.5197740112994,2608.954802259887,2577.237288135593,-17.085559322033898,-733589420.4813621,8206.135593220339,30009.13559322034,-0.7215254237288087,0.9165432808869174,0.8492748465393251,91.65432808869174
215.69000000000003,30.904239775079922,2620.197604790419,2610.5209580838323,2573.047904191617,-17.08162874251497,-733578844.4090421,8327.898203592815,30130.898203592813,-0.7067664670658831,0.9175512534794226,0.849948957383055,91.75512534794225
213.93999999999997,30.852862380685245,2618.7158469945357,2609.6666666666665,2569.72131147541,-17.07885792349726,-733568081.6761035,8450.27868852459,30253.27868852459,-0.6512021857923402,0.9185654686161576,0.8485359421101788,91.85654686161577
212.17,30.85203177573047,2616.251461988304,2610.625730994152,2566.2397660818715,-17.075584795321646,-733557200.4470642,8569.116959064328,30372.116959064326,-0.7412865497076142,0.9195514041637395,0.848513098260259,91.95514041637395
210.48,30.84275000043612,2614.365269461078,2610.5209580838323,2563.179640718563,-17.082209580838303,-733546810.3774133,8691.730538922156,30494.730538922155,-0.7010778443113659,0.9205697559306912,0.8482578247026011,92.05697559306913
208.80999999999995,30.893077463976443,2612.62874251497,2610.2215568862275,2561.191616766467,-17.08710778443113,-733536541.0757902,8808.347305389221,30611.347305389223,-0.720538922155699,0.9215393529785565,0.8496419640787888,92.15393529785565
207.14000000000001,30.788200271391442,2610.2814371257487,2611.0958083832334,2561.311377245509,-17.082718562874263,-733526269.2582935,8928.45508982036,30731.45508982036,-0.6468862275449032,0.9225390463023259,0.8467575617721912,92.25390463023258
205.37,30.914746777289228,2606.9893048128342,2610.1550802139036,2560.6898395721923,-17.078101604278082,-733515387.8003534,9046.64705882353,30849.647058823528,-0.722994652406421,0.9235238706676966,0.8502379279462533,92.35238706676967
203.65,30.809371568128167,2603.4458598726114,2607.6751592356686,2561.3439490445858,-17.08022292993631,-733504811.1922419,9168.630573248407,30971.630573248407,-0.6862420382165475,0.9245413546895133,0.8473398288565392,92.45413546895132
201.93,30.864297594987956,2601.7593582887703,2608.048128342246,2561.3636363636365,-17.10653475935829,-733494225.2876952,9286.133689839573,31089.13368983957,-0.6813903743315609,0.9255225504444893,0.8488504409797443,92.55225504444893
200.11000000000004,30.788881909942216,2598.3107344632767,2608.6610169491523,2560.5254237288136,-17.085525423728814,-733483025.2015142,9411.299435028248,31214.29943502825,-0.6879661016949177,0.9265688687684863,0.8467763086489873,92.65688687684863
198.34,30.808617347581436,2594.6158192090397,2609.0225988700563,2560.8870056497176,-17.08164971751413,-733472139.1724635,9531.892655367232,31334.89265536723,-0.6785310734463195,0.9275780823383167,0.8473190857814143,92.75780823383167
196.61499999999995,30.78770282057049,2591.7976190476193,2607.5833333333335,2561.5,-17.086494047619063,-733461526.8203694,9650.517857142857,31453.51785714286,-0.6942261904761965,0.9285718985851417,0.846743880548848,92.85718985851416
194.94500000000002,30.828251275128572,2587.855421686747,2609.0963855421687,2560.746987951807,-17.08390963855423,-733451254.7597046,9765.55421686747,31568.55421686747,-0.6679518072289218,0.9295366629776555,0.8478590711157723,92.95366629776555
193.17999999999998,30.827847627363052,2585.513368983957,2609.770053475936,2561.470588235294,-17.081422459893062,-733440402.136679,9883.508021390375,31686.508021390375,-0.6728342245989289,0.9305269467210197,0.8478479697264499,93.05269467210196
191.36499999999998,30.784387217094523,2583.7954545454545,2608.409090909091,2561.6136363636365,-17.067738636363643,-733429247.3524488,10005.630681818182,31808.63068181818,-0.6816477272727132,0.9315533307801469,0.8466526926167711,93.15533307801469
189.635,30.79549773933074,2582.764705882353,2608.9411764705883,2560.9411764705883,-17.084176470588222,-733418610.7552997,10122.376470588235,31925.376470588235,-0.6736470588235319,0.9325355770555329,0.8469582615891641,93.25355770555329
187.845,30.73364202346915,2580.3936170212764,2608.1170212765956,2561.351063829787,-17.07530851063831,-733407603.734117,10243.696808510638,32046.69680851064,-0.6786170212766051,0.9335574290169242,0.8452570645499431,93.35574290169242
186.11500000000004,30.748076462571664,2579.1012658227846,2606.025316455696,2561.5443037974683,-17.0836329113924,-733396967.8108803,10364.556962025317,32167.556962025315,-0.6959493670886021,0.9345765055127043,0.845654050094803,93.45765055127043
184.45,30.838936788568482,2579.937142857143,2604.497142857143,2561.365714285714,-17.079594285714293,-733386730.1939546,10475.65142857143,32278.65142857143,-0.6786857142857168,0.9355142163218934,0.8481529512135664,93.55142163218933
182.705,30.727312681397088,2579.632183908046,2603.4597701149423,2559.390804597701,-17.086856321839086,-733375997.6755977,10594.155172413793,32397.155172413793,-0.6672413793103364,0.936515507736733,0.8450829907744928,93.65155077367329
180.92000000000002,30.78691669843488,2579.6666666666665,2599.590163934426,2557.5792349726776,-17.092131147540982,-733365015.579109,10714.120218579235,32517.120218579235,-0.6655191256830649,0.9375302481154523,0.8467222600950073,93.75302481154523
179.145,30.715372116834033,2579.639534883721,2599.5813953488373,2554.1511627906975,-17.0805058139535,-733354095.2357208,10832.89534883721,32635.89534883721,-0.6788953488372118,0.9385359938675908,0.8447545934259478,93.85359938675907
177.415,30.766020128873464,2580.770114942529,2599.183908045977,2554.1609195402298,-17.10789655172414,-733343450.7328334,10949.747126436781,32752.74712643678,-0.6486206896551548,0.9395265081177194,0.8461475487401617,93.95265081177195
175.635,30.735132895128004,2583.3626373626375,2595.6703296703295,2551.2417582417584,-17.084631868131883,-733332495.9587474,11066.467032967033,32869.46703296703,-0.6855494505494729,0.9405169597778494,0.8452980674939163,94.05169597778495
173.85999999999999,30.764126260593393,2583.092485549133,2594.341040462428,2549.2196531791906,-17.08750289017342,-733321578.1760865,11186.375722543353,32989.37572254335,-0.6635260115606987,0.9415355400904991,0.8460954623150698,94.15355400904991
172.03,30.734654119359895,2580.8031088082903,2593.1761658031087,2546.378238341969,-17.07499481865286,-733310325.4127043,11306.720207253886,33109.720207253886,-0.6758549222797671,0.9425589468198545,0.8452848998842976,94.25589468198545
170.20000000000005,30.75058701402928,2578.3872832369943,2592.549132947977,2543.2196531791906,-17.081780346820807,-733299074.1013584,11431.693641618496,33234.6936416185,-0.6436994219653213,0.9436228786326686,0.8457230969508133,94.36228786326686
168.475,30.657507553844884,2575.0,2588.686046511628,2539.8255813953488,-17.081593023255806,-733288468.1334244,11544.372093023256,33347.37209302326,-0.6811046511627992,0.9445831843573352,0.8431631637276281,94.45831843573352
166.79,30.729041199071315,2573.181818181818,2583.6181818181817,2538.2606060606063,-17.08268484848485,-733278106.0094854,11658.4,33461.4,-0.6553333333333174,0.9455559726962933,0.8451305296172444,94.55559726962933
165.095,30.632430526752916,2571.735632183908,2581.574712643678,2538.2413793103447,-17.080436781609183,-733267680.2237184,11769.402298850575,33572.402298850575,-0.6546551724138132,0.9465039233234467,0.8424734786492633,94.65039233234467
163.275,30.727108712834816,2570.1263157894737,2578.3368421052633,2537.926315789474,-17.096610526315782,-733256482.7120845,11889.905263157894,33692.905263157896,-0.6817894736842152,0.9475340882388682,0.8450773810954292,94.75340882388682
161.505,30.605245790263286,2569.670731707317,2578.6585365853657,2538.012195121951,-17.09235975609757,-733245591.6785729,12009.329268292682,33812.329268292684,-0.6674390243902386,0.9485561114974617,0.84172582594516,94.85561114974617
159.775,30.66731078886037,2569.4725274725274,2577.5494505494507,2535.6703296703295,-17.093423076923074,-733234943.6550773,12124.516483516483,33927.51648351648,-0.6640659340659373,0.9495429389626969,0.843432778817371,94.95429389626969
157.955,30.68120474628357,2570.076923076923,2576.802197802198,2532.989010989011,-17.086032967032963,-733223750.1834943,12243.873626373626,34046.87362637363,-0.6486263736263497,0.9505665689168544,0.8438148996756002,95.05665689168545
156.175,30.70458195411858,2569.689655172414,2575.264367816092,2530.264367816092,-17.082034482758626,-733212802.7389886,12360.747126436781,34163.747126436785,-0.660517241379312,0.9515699692628536,0.8444578351941732,95.15699692628536
154.44,30.761549587371857,2570.5606936416184,2574.5606936416184,2527.092485549133,-17.091236994219646,-733202128.6207457,12474.982658959538,34277.98265895954,-0.6471676300578405,0.9525517450824817,0.8460245969343292,95.25517450824817
152.615,30.63827041390977,2570.9166666666665,2571.3333333333335,2524.15625,-17.085744791666663,-733190900.7896299,12593.953125,34396.953125,-0.6623958333333348,0.9535752998187247,0.8426340911100882,95.35752998187247
150.79500000000002,30.65029804396106,2570.0,2566.9302325581393,2520.4302325581393,-17.08529651162792,-733179706.6653198,12712.21511627907,34515.21511627907,-0.6380232558139416,0.9545938274231109,0.8429648829915999,95.45938274231109
149.125,30.684516601281864,2567.2716049382716,2566.41975308642,2517.283950617284,-17.085493827160512,-733169436.7273396,12822.246913580248,34625.246913580246,-0.642098765432079,0.9555424652906064,0.8439059845145508,95.55424652906063
147.405,30.639166618695487,2564.978021978022,2565.6153846153848,2515.164835164835,-17.083203296703296,-733158857.6197526,12933.203296703297,34736.203296703294,-0.6929670329670473,0.9565000374532534,0.8426587391301905,95.65000374532534
145.66500000000005,30.65170315751034,2562.240963855422,2565.012048192771,2513.156626506024,-17.07880120481926,-733148157.1489031,13051.156626506025,34854.156626506025,-0.6450602409638659,0.9575190187387205,0.8430035273590041,95.75190187387204
143.92000000000002,30.651747979678603,2560.8360655737706,2565.601092896175,2510.901639344262,-17.072693989071023,-733137430.053579,13165.349726775956,34968.34972677596,-0.680928961748637,0.9585065771984377,0.8430047600880878,95.85065771984377
142.18,30.635811341331735,2559.7636363636366,2566.430303030303,2508.0666666666666,-17.087830303030305,-733126733.3739697,13283.4,35086.4,-0.6887272727272692,0.9595285424601591,0.842566460060464,95.9528542460159
140.44500000000002,30.585861916658473,2556.4615384615386,2565.6703296703295,2505.6593406593406,-17.08718131868133,-733116059.7584012,13402.587912087913,35205.58791208791,-0.6543406593406401,0.9605614776976582,0.8411927177606402,96.05614776976581
138.755,30.661298980359945,2554.3846153846152,2560.7820512820513,2504.3205128205127,-17.092435897435898,-733105661.4240769,13513.608974358975,35316.60897435898,-0.6981410256410481,0.961524619888516,0.8432674380614065,96.1524619888516
137.1,30.564716382226344,2551.902857142857,2559.6628571428573,2505.902857142857,-17.082782857142856,-733095480.2509371,13627.08,35430.08,-0.6594857142856927,0.9625100258751829,0.8406111592083283,96.25100258751829
135.315,30.598241788977848,2547.3296703296705,2559.3186813186812,2505.769230769231,-17.091032967032962,-733084501.9420718,13745.274725274725,35548.27472527473,-0.652802197802185,0.9635375309057991,0.8415331972432928,96.35375309057991
133.48500000000004,30.589179060269846,2544.7065217391305,2557.0760869565215,2504.9347826086955,-17.08829347826087,-733073243.5356523,13864.527173913044,35667.52717391304,-0.6580978260869771,0.9645753373847568,0.8412839480505453,96.45753373847568
131.7,30.653938343919393,2544.063583815029,2556.965317919075,2502.3872832369943,-17.086595375722535,-733062261.1420059,13981.739884393064,35784.739884393064,-0.6150867052022903,0.965596476664349,0.8430650009422974,96.5596476664349
129.88500000000002,30.527261198057136,2540.452631578947,2557.9052631578948,2499.6105263157897,-17.089731578947365,-733051096.6574003,14092.421052631578,35895.42105263158,-0.6044736842105569,0.9665617119943339,0.839581041821041,96.65617119943339
127.94000000000001,30.569005356118332,2536.407035175879,2557.753768844221,2496.748743718593,-17.0811608040201,-733039134.2344927,14208.311557788944,36011.31155778895,-0.506532663316561,0.9675734123299677,0.8407291174209965,96.75734123299678
125.43000000000002,30.55168036521042,2534.6897689768975,2553.6204620462045,2493.3366336633662,-17.08645874587458,-733023697.4213567,14321.465346534653,36124.46534653466,-0.37257425742574063,0.9685622455484555,0.840252633997815,96.85622455484555
122.31000000000003,30.5465468948522,2534.314641744548,2552.0155763239877,2490.4454828660437,-17.07430218068536,-733004514.0468005,14435.44859813084,36238.44859813084,-0.3775389408099761,0.9695593450700289,0.8401114498816393,96.9559345070029
119.24,30.54906046867808,2534.146757679181,2552.569965870307,2489.853242320819,-17.09359726962458,-732985630.7651701,14551.201365187713,36354.20136518771,-0.36617747440273335,0.9705729697011424,0.8401805798608318,97.05729697011424
116.24,30.540446761354197,2532.159609120521,2554.7785016286643,2489.9902280130295,-17.088482084690554,-732967174.396179,14660.185667752443,36463.18566775244,-0.37654723127035356,0.9715282957446345,0.8399436799528445,97.15282957446345
113.06000000000002,30.53551148080025,2527.759878419453,2551.4437689969604,2487.419452887538,-17.080179331307008,-732947614.8377233,14778.881458966565,36581.88145896656,-0.3605775075987762,0.9725698258504526,0.8398079465844863,97.25698258504526
109.94000000000001,30.52080048719825,2523.8813559322034,2547.386440677966,2487.420338983051,-17.083088135593233,-732928428.5411184,14892.528813559322,36695.52881355932,-0.37661016949154513,0.9735680943926287,0.8394033550538391,97.35680943926288
106.92,30.54769950682182,2520.624595469256,2545.686084142395,2485.964401294498,-17.085375404530758,-732909857.4027773,15005.46278317152,36808.46278317152,-0.37113268608414335,0.9745611161746306,0.8401431497826555,97.45611161746307
103.89999999999999,30.521679652865714,2520.328813559322,2545.7050847457626,2482.722033898305,-17.0794881355932,-732891281.8557085,15116.047457627119,36919.047457627115,-0.36179661016947773,0.9755344589370663,0.8394275344527781,97.55344589370662
100.82,30.5935598338589,2519.9719626168226,2543.07476635514,2480.8068535825546,-17.07990342679128,-732872348.1681627,15229.376947040499,37032.376947040495,-0.3648909657321017,0.9765329812192628,0.8414044309995402,97.65329812192628
97.755,30.478609849950786,2519.513698630137,2542.0,2476.458904109589,-17.094386986301366,-732853491.680544,15342.184931506848,37145.18493150685,-0.3729109589041076,0.9775279105640692,0.8382430000863397,97.75279105640692
94.64,30.52735115125047,2517.628398791541,2543.6163141993957,2474.7220543806648,-17.08703625377643,-732834326.4195619,15455.719033232628,37258.71903323263,-0.3593957703927466,0.9785302785522786,0.8395835157735939,97.85302785522786
91.41499999999999,30.52322536750357,2513.0891719745223,2545.331210191083,2472.643312101911,-17.0819331210191,-732814489.9703633,15573.146496815287,37376.14649681529,-0.35996815286623834,0.9795680937819827,0.8394700457248372,97.95680937819827
88.33500000000001,30.52602753829044,2509.0596026490066,2545.6953642384105,2473.0860927152316,-17.08098344370861,-732795551.3684301,15684.920529801324,37487.920529801326,-0.3652317880794798,0.9805569647322386,0.839547112889603,98.05569647322386
85.265,30.48434399484531,2504.9423076923076,2548.858974358974,2472.153846153846,-17.087708333333346,-732776671.055314,15795.301282051281,37598.30128205128,-0.3638782051282014,0.9815344929957104,0.8384007043531346,98.15344929957104
82.07,30.488004599953264,2504.0948012232416,2545.672782874618,2469.0244648318044,-17.075724770642196,-732757020.8342594,15910.360856269113,37713.360856269115,-0.345565749235474,0.9825544938849773,0.8385013807495624,98.25544938849772
78.86,30.4979687815834,2504.0539682539684,2543.5142857142855,2466.0730158730157,-17.094904761904754,-732737279.9745177,16021.485714285714,37824.485714285714,-0.34653968253967055,0.9835406158272428,0.8387754223001505,98.35406158272428
75.575,30.461626468194876,2504.2690058479534,2539.0,2462.6198830409357,-17.08919005847956,-732717063.2493478,16134.473684210527,37937.47368421053,-0.3421637426900704,0.9845442918804618,0.8377759118252683,98.45442918804618
72.26500000000001,30.47169127177285,2504.10625,2539.0125,2459.075,-17.08891874999999,-732696700.5304438,16248.603125,38051.603125,-0.3607812499999909,0.9855591441753712,0.8380527207475917,98.55591441753711
69.045,30.474617070117965,2504.1296296296296,2538.5555555555557,2455.3333333333335,-17.08224382716049,-732676896.057833,16361.246913580248,38164.246913580246,-0.3405246913580301,0.9865618069844986,0.8381331879996918,98.65618069844986
65.75999999999999,30.41762582538497,2504.843843843844,2539.4264264264266,2451.708708708709,-17.076471471471482,-732656699.7956944,16476.393393393395,38279.393393393395,-0.33723723723722415,0.9875878149100509,0.836565776880916,98.75878149100508
62.53,30.440587855386962,2505.364217252396,2537.9329073482427,2447.408945686901,-17.08284025559107,-732636836.4487889,16585.811501597444,38388.81150159745,-0.342076677316293,0.9885637570444216,0.8371972939025815,98.85637570444216
59.239999999999995,30.459910301269844,2505.3246376811594,2537.5391304347827,2443.805797101449,-17.081718840579732,-732616608.5131476,16695.84347826087,38498.84347826087,-0.3286086956521815,0.9895461555324626,0.8377287126610358,98.95461555324626
55.730000000000004,30.47229068990127,2505.4089635854343,2537.3305322128854,2443.6498599439774,-17.084296918767503,-732595019.5227143,16809.93557422969,38612.93557422969,-0.3283473389355775,0.9905658290457696,0.8380692063436457,99.05658290457696
52.245,30.40162788405566,2505.794117647059,2537.758823529412,2443.535294117647,-17.082202941176458,-732573588.2646908,16924.370588235295,38727.370588235295,-0.3187352941176548,0.9915896205518823,0.8361257908578952,99.15896205518823
48.839999999999996,30.394055124010304,2505.7448680351904,2534.3137829912025,2443.6217008797653,-17.07872140762463,-732552650.890882,17033.448680351907,38836.4486803519,-0.3204105571847354,0.9925664760843114,0.8359175197743187,99.25664760843114
45.455000000000005,30.382607124450953,2505.7916666666665,2533.875,2445.1964285714284,-17.081886904761884,-732531838.8180716,17142.675595238095,38945.67559523809,-0.33720238095238964,0.9935456268951451,0.8356026692761215,99.35456268951451
42.025,30.36807057149698,2507.6285714285714,2534.5657142857144,2445.1885714285713,-17.08367428571427,-732510740.887786,17255.96285714286,39058.962857142855,-0.30882857142856146,0.9945621990677688,0.8352028753282005,99.45621990677688
38.475,30.37933303911372,2507.7944444444443,2535.4444444444443,2445.7444444444445,-17.08286111111111,-732488913.6392137,17365.866666666665,39168.86666666667,-0.3141388888888994,0.995549404398579,0.8355126232035108,99.5549404398579
34.85,30.36511477480131,2507.6027397260273,2534.413698630137,2446.1835616438357,-17.081715068493157,-732466617.2766304,17478.03287671233,39281.03287671233,-0.3039452054794584,0.9965579372547867,0.8351215830415109,99.65579372547867
31.235,30.374776411133727,2506.9888268156424,2532.7486033519554,2446.3128491620114,-17.08551955307261,-732444384.8796539,17588.00837988827,39391.00837988827,-0.29921787709495906,0.9975477665954128,0.8353873037900916,99.75477665954128
27.595000000000002,30.375310449851526,2507.4324324324325,2524.7567567567567,2447.091891891892,-17.080451351351343,-732421998.2496569,17696.256756756757,39499.25675675676,-0.3131081081081042,0.9985230121314642,0.8354019912781094,99.85230121314642
12.870000000000003,30.375129511224607,2505.2120388349513,2532.501359223301,2446.7079611650483,-17.083591844660152,-732331437.0699031,17847.651650485437,39650.65165048544,-0.03547070707070742,0.999888552620539,0.8353970149836456,99.9888552620539
