time,pixels,walltimedt,source,numDroplets,numFrames,walltime,diastd,diameter,alpha,tempbot,icangle,torque,mass,diastdsmooth
67.332,260.80084110185607,68.21033333333357,p1,3,2,2019-02-28 16:05:16.541400,24.733890058441762,84.10827125534858,0.7058580910067861,20.04427959614762,7.983220494853538,6.9179013842830885,55605.19752268432,24.733890058441762
70.6165,260.2387643431742,70.30851000000025,p1,20,11,2019-02-28 16:05:17.926300,17.482025594000774,83.92700150067368,0.7037045494405969,20.045465864950977,7.983097310217292,6.879699584043352,55350.76025499572,21.107957826221266
73.90100000000002,262.50977747949065,74.2553214285717,p1,14,6,2019-02-28 16:05:21.553200,18.2526728500037,84.65940323713573,0.702100895766789,20.048021247915763,7.983342222720694,6.913349541931053,55175.94311675656,20.15619616748208
77.1855,264.06355607239493,77.29669411764738,p1,17,10,2019-02-28 16:05:24.521000,27.338541844929985,85.16049683334734,0.7007633507919896,20.053024081123805,7.983462982353868,6.919136388791121,55029.74553855761,21.951782586844054
80.47,263.56073133066667,80.58044782608731,p1,23,16,2019-02-28 16:05:27.884200,20.15401277961234,84.99833585414001,0.6995018245611985,20.058772252174546,7.983329284524359,6.8808523121858425,54883.52338970094,21.592228625397713
83.75450000000002,257.11515578974854,83.85056363636406,p1,22,13,2019-02-28 16:05:30.983600,19.17076161570916,82.91963774219391,0.6982556092939308,20.06128376166814,7.983185248674258,6.884407013250013,54737.47393643958,21.188650790449618
87.039,261.6204003983702,86.66895714285756,p1,21,13,2019-02-28 16:05:34.083000,17.84136596137024,84.37257912847438,0.6969971634594525,20.060710542870353,7.983146189421756,6.926390804116091,54591.60098470245,20.710467243438277
90.3235,261.5078287111794,90.26875750000048,p1,40,20,2019-02-28 16:05:37.710100,32.029695107449754,84.33627475935538,0.6957222913710168,20.060279458307843,7.983211505345227,6.936310009504613,54445.15621334316,22.125370726439712
93.60799999999999,261.9483713509502,93.99148620689716,p1,29,14,2019-02-28 16:05:41.205200,36.96221868675892,84.47834976068144,0.6944381094525681,20.06041758801752,7.98328557817503,6.913765275997411,54299.0204441733,23.7739093886974
96.8925,264.86811528519183,97.02954482758685,p1,29,15,2019-02-28 16:05:44.172800,30.155352150299997,85.41996717947437,0.6931596925578681,20.05964239474865,7.983225233642375,6.9089709888539,54155.13228622593,24.41205366485766
100.177,262.73235266047203,99.92847826087021,p1,23,14,2019-02-28 16:05:47.272400,23.41312638222785,84.73118373300224,0.6919009818962497,20.059567420069868,7.983146924995147,6.930581800205189,54013.23464428882,24.321242093709497
103.4615,260.08186554538514,103.3617966666674,p1,30,17,2019-02-28 16:05:50.503600,22.28767779429338,83.87640163838671,0.6906733935565247,20.063523615312,7.983306450153185,6.959119907487734,53871.68363237796,24.151778402091484
106.746,257.7514099819804,107.01960000000078,p1,24,12,2019-02-28 16:05:53.932900,14.312169289336527,83.12482971918867,0.68946983687313,20.070841202842367,7.983592066413314,6.976320885292721,53729.72381664658,23.394885393418026
110.0305,257.33889350995537,110.21635862069044,p1,29,15,2019-02-28 16:05:57.230200,24.115683316062213,82.99179315696061,0.6882720120427515,20.078412335598266,7.983678995684244,6.967247422699613,53587.21456772646,23.44637095932118
113.315,258.9627489499116,113.29540526315878,p1,19,8,2019-02-28 16:06:00.461300,20.437054056338294,83.51548653634646,0.6870674725207208,20.084543326717736,7.983528388298865,6.9496595055316135,53444.60461814419,23.245749832455655
116.5995,261.87222631784493,116.76493333333424,p1,18,10,2019-02-28 16:06:03.956700,30.468628917515154,84.45379298750497,0.6858489963981355,20.088667718496332,7.983316581284582,6.963461431591917,53302.731753416134,23.697179775271874
119.884,261.8685783901338,119.59977500000099,p1,20,10,2019-02-28 16:06:07.121900,25.66004549012545,84.45261653081816,0.6846227806245451,20.0908466034268,7.983159502815985,6.999248475914468,53161.473728925725,23.755064489752105
123.1685,258.60367394242985,122.85065263157995,p1,19,11,2019-02-28 16:06:10.287400,19.886439124868343,83.39968484643362,0.6834065074099998,20.09168571041958,7.983109759248078,7.003856852373564,53019.841759873874,23.905340335431326
126.45299999999999,262.8562473694042,126.46997777777884,p1,18,9,2019-02-28 16:06:14.244200,34.22741520563926,84.77113977663284,0.6822005694120631,20.09164495616614,7.983147370116189,6.972635700726162,52877.41689416822,24.90376173265855
129.7375,261.1505104544551,129.43578000000107,p1,20,10,2019-02-28 16:06:17.014000,14.541326522290518,84.22103962156177,0.6809878241796098,20.091018713191787,7.983182031653425,6.9516641779034885,52734.40471684175,24.10393577499358
133.02200000000002,263.37575802307657,132.98290769230886,p1,13,7,2019-02-28 16:06:20.179400,12.38635318500034,84.9386819624422,0.6797740790969943,20.09027450132581,7.9831867863944,6.960145274749491,52591.219870640896,23.61845705033033
136.3065,267.6720326666981,135.90032222222342,p1,9,5,2019-02-28 16:06:23.608600,10.646143277796083,86.32423053501014,0.6785937665106291,20.09009231740082,7.983215635561146,6.981378390711342,52448.48567315397,23.08566840421076
139.591,269.0577050318006,139.54785588235416,p1,34,16,2019-02-28 16:06:26.642200,32.29140909353669,86.77110987275572,0.6774500290239615,20.090628558663468,7.983274806583319,6.998348614664919,52306.10560530683,23.988796099971164
142.8755,261.78270110856886,142.81105714285846,p1,21,13,2019-02-28 16:06:30.071400,7.238299653023697,84.42492110751346,0.6762968839033981,20.09124259999027,7.983292185960337,6.996892173341393,52162.89596587937,22.439333884069537
146.16,259.1860361525082,146.73020000000128,p1,25,10,2019-02-28 16:06:33.698400,15.956768802502625,83.5874966591839,0.67510038755055,20.091701006387183,7.983235225177102,6.9741579319237035,52018.514851569445,21.126493266303516
149.4445,258.70595303449414,149.17708947368544,p1,19,10,2019-02-28 16:06:36.797600,23.987359088916765,83.43266985362436,0.6738651287269991,20.09290394115306,7.983181734988692,6.953920990940034,51874.85509649699,20.740993699967063
152.72899999999996,258.0406486120411,152.65098260869698,p1,23,12,2019-02-28 16:06:39.963300,40.872721641472936,83.21810917738325,0.6726097541018978,20.095211697221185,7.983196987298989,6.955752878276813,51733.33917311054,21.83221840366988
156.01350000000005,260.84006537224855,156.6962437500014,p1,16,8,2019-02-28 16:06:43.128800,13.324334341328466,84.12092108255015,0.6713772542257244,20.096933200447953,7.983262689989416,6.975642120402071,51593.06935887249,21.272009437859573
159.298,263.95834044944297,159.57699615384752,p1,26,12,2019-02-28 16:06:46.953600,21.913038747214195,85.12656479494537,0.6701964584169537,20.096687458978543,7.9833346141952575,7.002599149513225,51453.10047088884,21.74706377897693
162.58249999999995,261.8963028659926,162.64758148148286,p1,27,11,2019-02-28 16:06:49.987100,30.036995225244542,84.46155767428263,0.6690413041887758,20.09510601300012,7.983336411146269,7.0175804058187445,51313.585607232264,22.117145773300827
165.86700000000002,258.70186932791495,165.17455625000142,p1,16,9,2019-02-28 16:06:52.954700,21.962915084906307,83.43135285825254,0.6678823667851231,20.093225421776328,7.983224224350875,7.006415980129938,51174.68747634283,22.212512087586326
169.1515,267.1347721990727,169.41876666666818,p1,21,12,2019-02-28 16:06:56.515700,25.14834462803478,86.15096403420095,0.6667202331392226,20.09223667136747,7.983125225860869,6.983241407004083,51035.711509221976,21.879994319493804
172.43599999999998,268.25000711680315,172.78220500000154,p1,20,10,2019-02-28 16:06:59.615200,24.733306163716787,86.51062729516903,0.6655612337461659,20.09317071926729,7.983185040817722,6.968567211839808,50895.80334932961,21.822073111593262
175.72050000000004,268.9907314899799,175.45518750000156,p1,24,11,2019-02-28 16:07:02.912300,12.632877273525331,86.74951090551852,0.6643930410141853,20.095606244965648,7.983340822717066,6.97215988155714,50754.67219531764,21.368725495884323
179.005,266.6129176821055,178.49769600000164,p1,25,12,2019-02-28 16:07:06.077700,31.58644288625349,85.98266595247902,0.6631986735808114,20.098512899799914,7.983446108583369,6.997420728387285,50612.33985489196,21.203664725922714
182.2895,266.29124568328683,182.94778666666832,p1,15,10,2019-02-28 16:07:10.034800,27.060630528149858,85.87892673285998,0.6620012584849936,20.101129945496698,7.983437157921592,7.028256866092299,50469.60497381995,21.986121226288923
185.574,270.64787485979485,185.33692380952544,p1,21,11,2019-02-28 16:07:12.738500,39.98014888863595,87.28393964228384,0.6608469986405624,20.102950613717823,7.983308809401625,7.037726186363143,50327.65881303145,23.710733457766146
188.8585,269.77064943728465,189.203833333335,p1,30,13,2019-02-28 16:07:16.101600,23.067718915243354,87.0010344435243,0.6597371238859223,20.104796124002792,7.9831438900895515,7.0265020914781235,50185.92935363888,24.487081935106602
192.143,264.22110906394875,191.50764117647233,p1,17,9,2019-02-28 16:07:19.333200,4.095760947137627,85.21130767312347,0.6586353224205006,20.108552186914977,7.983095472002368,7.018122086986527,50042.409982665886,22.724853925956662
195.4275,263.24572937846585,195.51236363636542,p1,22,12,2019-02-28 16:07:22.696400,39.952675231546266,84.89674772455524,0.6575080689268196,20.114095300939177,7.983201056900513,7.025615742124777,49897.071040365205,24.76950239961432
198.71200000000002,262.8933154884843,198.83702380952565,p1,21,15,2019-02-28 16:07:26.191500,16.416871140032868,84.7830942450362,0.6563280256526035,20.1181090030332,7.983313994762637,7.044475525983503,49753.0432074648,24.798258795709962
201.99650000000003,261.9417877572715,202.32275333333519,p1,15,8,2019-02-28 16:07:29.884400,13.042378357312105,84.47622655172006,0.6550949906750804,20.1186732317805,7.983333817547292,7.06638743535296,49612.269153563546,24.11419749998467
205.28099999999998,264.43785424885675,205.18593750000198,p1,24,10,2019-02-28 16:07:32.324600,32.32018006809242,85.28120799525631,0.6538786765072085,20.118270725047392,7.983323674379987,7.077053272262453,49472.84389161944,23.57966365164839
208.5655,266.00208234992715,208.8476470588255,p1,17,8,2019-02-28 16:07:36.413200,18.639957469785205,85.78567155785153,0.652731934898046,20.119055622222106,7.98334520425681,7.06889400179898,49332.89887992289,23.911890097176936
211.85,260.2108753109726,211.92456000000197,p1,10,6,2019-02-28 16:07:38.919100,10.304692814426463,83.91800728778867,0.651624336049505,20.120101746852466,7.983377163634317,7.057032793354706,49192.51741395016,23.1863684763777
215.1345,254.7872711970457,214.7975666666687,p1,24,13,2019-02-28 16:07:42.282300,12.51625209659074,82.16889496104727,0.6505138596160498,20.12020375383897,7.983389862899214,7.057426358415452,49052.088608798884,22.09132203083684
218.419,260.81743524605605,218.5070666666687,p1,12,9,2019-02-28 16:07:45.711500,32.93533247289217,84.11362286685308,0.6493792830331194,20.119766213596147,7.983391677137725,7.067284906444297,48911.7062958021,22.777098117585957
221.7035,257.82221293480814,222.02512058823743,p1,34,14,2019-02-28 16:07:48.745000,21.45241215457333,83.14766367147563,0.6482096016673049,20.119665640211263,7.983401991650775,7.077643756895118,48771.35347780174,22.546102337994615
224.988,261.82802647837184,224.95612631579155,p1,19,7,2019-02-28 16:07:52.108300,25.6340927144398,84.43953853927492,0.6470274677537483,20.11975153076622,7.983414219533045,7.083761447525048,48630.925219638215,22.602401497414803
228.2725,261.88179191399007,227.883490000002,p1,20,7,2019-02-28 16:07:55.339600,27.359197807594512,84.4568778922618,0.6458749190640372,20.119264123912284,7.983406581425071,7.08359367776606,48490.30116291934,23.52279653079413
231.557,256.0007241121432,231.20037894737058,p1,19,8,2019-02-28 16:07:58.900700,19.23667995726317,82.56023352616619,0.6447572576537015,20.118244656254387,7.983381543114191,7.075317930817166,48350.11109647201,22.75093634773223
234.8415,254.40029750576556,235.21557391304572,p1,23,11,2019-02-28 16:08:02.264100,16.2456197504698,82.04409594560939,0.6436472335237412,20.11744518873111,7.983363015660587,7.0573492208239825,48211.62747691983,22.07499817412723
238.12599999999998,258.2906876809251,237.63965000000226,p1,24,13,2019-02-28 16:08:05.363500,31.55781876825532,83.29874677709834,0.6425314594826845,20.117208005191788,7.983360848243065,7.033484875884194,48074.711708156006,21.548602541603444
241.4105,261.50465178955056,241.3808606060629,p1,33,17,2019-02-28 16:08:08.463000,18.026697660296726,84.33525020213006,0.6414208161380242,20.11717207134657,7.983360918869064,7.016225372325215,47936.90419886808,21.23353871316928
244.695,257.8333199905689,244.94511200000233,p1,25,12,2019-02-28 16:08:12.288100,14.064228634287444,83.15124569695847,0.6403241360763914,20.117048314694003,7.983349771449957,7.014567502167559,47796.59880082728,21.85656794361614
247.9795,257.05597023469454,248.3767071428595,p1,14,8,2019-02-28 16:08:15.255600,36.356887004284566,82.90055040068897,0.6392364908715583,20.116987191951846,7.983323160047199,7.023629893946399,47655.62907923378,21.631831179412284
251.264,258.9723606436515,251.03742592592843,p1,27,16,2019-02-28 16:08:18.354900,36.14980752302185,83.51858630757759,0.6381501841521773,20.117187678429104,7.983281445055206,7.036049400906507,47516.242152988096,22.865139703349094
254.5485,262.2131055956632,254.92854583333576,p1,24,14,2019-02-28 16:08:22.047900,38.42991988210656,84.56372655460139,0.6370575564253096,20.117535265066483,7.983246521913618,7.046925030988722,47378.4968747443,24.451861048648748
257.833,269.5308152682602,257.74660000000233,p1,34,17,2019-02-28 16:08:25.147400,36.18081670261238,86.92368792401392,0.6359514304336547,20.117773913671893,7.983248327628331,7.052818293309405,47241.42903075785,24.693150838306245
261.1175,269.9196204884732,260.99778888889097,p1,27,15,2019-02-28 16:08:28.444700,15.300093085068324,87.04907760753258,0.6348356209479908,20.11779222358686,7.98326711777218,7.0574521421138545,47104.25343669962,24.48440931426144
264.402,266.5631601530235,264.39375263158087,p1,38,19,2019-02-28 16:08:31.478200,35.5388750210801,85.96661914935007,0.6337250112699284,20.11762631333194,7.983233174384285,7.071712131887401,46966.3735202797,26.061545702177295
267.6865,269.05222024362234,267.66864358974516,p1,39,18,2019-02-28 16:08:35.039200,26.381901899253865,86.76934102856819,0.6326236200846934,20.11729132027153,7.98313990869079,7.094276860226245,46827.28600486041,26.92814881484374
270.971,271.205495799993,271.4188809523823,p1,21,8,2019-02-28 16:08:39.193900,20.135401446415038,87.46377239549776,0.6315133204854453,20.11674862629751,7.9831081602810885,7.099402610000155,46686.65306937819,26.128153125688918
274.2555,270.97041065328176,273.8915777777792,p1,36,19,2019-02-28 16:08:41.304200,25.546914532418146,87.38795743568339,0.6303846757100071,20.116017951125603,7.983220227829164,7.070641796353927,46544.62163946282,26.38405952430422
277.54,267.91495244650787,277.89377000000115,p1,20,11,2019-02-28 16:08:45.261000,14.971651337816365,86.40257216399877,0.6292748611506112,20.115386536742133,7.9833377139171136,7.041759669206837,46403.26882111971,25.717656938265254
280.8245,270.13099335614413,280.95692000000116,p1,10,5,2019-02-28 16:08:47.964600,22.932330040870706,87.1172453573565,0.6282243043245221,20.115172195594347,7.983293172225543,7.053553617426579,46264.64701198657,25.440977702845014
284.10900000000004,266.912938802803,283.9122714285724,p1,14,8,2019-02-28 16:08:51.262100,18.367855135409798,86.07942276390398,0.6271951460255792,20.115349059649844,7.983168703621067,7.09379643148761,46126.15271776163,25.38667615147918
287.3935,270.3083528122467,287.13681111111185,p1,18,12,2019-02-28 16:08:54.625200,29.00480462096854,87.17444378194956,0.6261101608422589,20.115716101061505,7.983173236861102,7.122949141360239,45982.89351662602,26.184125205885348
290.678,271.8032743597,290.7847428571434,p1,21,10,2019-02-28 16:08:57.790600,23.83011975340189,87.65655598100327,0.6249764990582048,20.116317435081587,7.98331865105903,7.123922788930317,45837.79174201335,25.701144017457008
293.9625,270.69700867137533,294.12414666666706,p1,30,15,2019-02-28 16:09:01.088100,30.959361887254662,87.29978529651855,0.6239270399804155,20.117563248962437,7.983322747708071,7.113301534973146,45705.396752845896,26.509435531641877
297.247,273.48707317139883,297.05447500000037,p1,8,7,2019-02-28 16:09:04.385500,10.876073461765456,88.19958109777609,0.6230708400872806,20.119774780018098,7.982960936836418,7.106162359123082,45597.453885002265,26.310175833359253
300.5315,274.3075458237996,300.88402857142864,p1,14,7,2019-02-28 16:09:08.144300,10.109242505364382,88.46418352817534,0.6224083023896732,20.122894332785073,7.982268796632798,7.104050916766625,45513.74059627067,24.66969805217674
303.8160000000001,275.6760929599849,303.8797285714285,p1,7,4,2019-02-28 16:09:11.573400,11.803015232450232,88.90553997959513,0.6219181785722544,20.126788702040546,7.981333748874943,7.105816482566616,45451.64951090831,23.148023534016012
307.1005,274.12348361566467,306.74661176470545,p1,17,9,2019-02-28 16:09:14.739000,28.78144676205128,88.40482346605185,0.6215792203196847,20.131324682561697,7.980243215340579,7.110308331185893,45408.57325317234,22.54499396401256
310.385,276.86204372344343,310.0013521739125,p1,23,10,2019-02-28 16:09:17.772500,44.37520565605127,89.28800910081051,0.6213701793166256,20.136369069125724,7.97908461780744,7.1163757372873,45381.90444731994,23.057143273602488
313.6695,273.9028279936678,314.43975652173833,p1,23,13,2019-02-28 16:09:21.860800,15.260780822326725,88.33366202795787,0.6212698072477376,20.1417886565098,7.977945378053252,7.122867975533677,45369.035717608276,23.05468625718114
316.954,269.53970118614467,316.7600684210517,p1,19,9,2019-02-28 16:09:24.037200,14.720981295101812,86.92655363253168,0.6212568557976821,20.14745023949112,7.97691291785575,7.128634320587868,45367.35968829454,21.753567899307495
320.2385,270.2651580966948,320.1107749999988,p1,24,11,2019-02-28 16:09:27.466400,37.644570217293946,87.16051348618406,0.6213100766511198,20.153220612846876,7.976074658992662,7.132524047112711,45374.26898363591,22.457484669185
323.52299999999997,269.25279717651483,716.5743909090903,p1 p2,44,22,2019-02-28 16:09:30.631900,32.355674065859326,86.83402708942602,0.6214082214927118,20.158966571354245,7.97551802324172,7.1333864297710505,45387.15622788956,23.22125170790027
326.8075,269.9068281093327,738.4473482758624,p2,29,15,2019-02-28 16:16:25.499400,19.95115636242448,87.0449520652598,0.6215300339808606,20.164555120229632,7.975330056539465,7.130078145404958,45403.412510643575,22.871516822275662
330.092,266.6185128842252,740.963911538463,p2,26,10,2019-02-28 16:16:28.731000,19.99777380289152,85.98447040516263,0.6216531632956745,20.169881960645203,7.975546554288624,7.12246524836187,45420.21965062372,23.18564947634286
333.3765,264.19618128297054,744.8549166666687,p2,18,10,2019-02-28 16:16:32.292100,24.497353450517302,85.20326846375801,0.6217530632037287,20.17490035497823,7.976100508468532,7.112438502885809,45434.33969022438,23.283463439445775
336.661,259.0611052416781,748.2270181818211,p2,44,17,2019-02-28 16:16:35.457500,25.324369555935412,83.54720644044119,0.6218049252139879,20.17957044169737,7.976912630465485,7.102130539079231,45442.48452660039,23.718245590728625
339.9455000000001,261.1080215152466,751.1015416666706,p2,36,15,2019-02-28 16:16:38.754600,28.08624799073434,84.20733693866703,0.6217839408354174,20.183852359271295,7.977903631665794,7.093673987044598,45441.36605690664,23.66083580133899
343.23,264.57607794976917,754.2670419354894,p2,31,14,2019-02-28 16:16:41.854200,22.594956502647094,85.32578513880054,0.6216653015769822,20.187706246168673,7.978994223455757,7.089201476884367,45427.69617829799,23.583638098166816
346.5145,260.4163818307607,758.183404000007,p2,25,15,2019-02-28 16:16:45.217600,10.801424634058206,83.98428314042033,0.6214241989476473,20.19109224085816,7.98010511722168,7.090845638700994,45398.1867879293,22.323767019842037
349.79900000000004,256.6863779925169,761.1903085106458,p2,47,23,2019-02-28 16:16:48.382900,14.887111596043004,82.7813569025867,0.6210358244563778,20.193970481808428,7.9811570243498675,7.100739102596937,45349.54978295544,22.574456903234385
353.0835,253.0771631084652,764.6811218750084,p2,32,14,2019-02-28 16:16:51.746200,15.644671099052024,81.61738510248003,0.6204753696121387,20.196301107488136,7.982070656226618,7.121014498674656,45278.49706053127,22.920421190339862
356.36800000000005,254.39139295780475,768.0058351351441,p2,37,16,2019-02-28 16:16:54.977700,27.688681516472553,82.041224228892,0.6197180259238949,20.198044256365947,7.982766724238236,7.153804457036607,45181.74051781165,23.91327533309126
359.6525000000001,254.0827701642846,771.3140644444549,p2,45,21,2019-02-28 16:16:58.538700,23.706381542914013,81.94169337798178,0.6187392707159001,20.199159720810815,7.983166518108588,7.201122784491197,45056.01854772175,23.59608375689518
362.93699999999995,252.43956179182445,774.456041463426,p2,41,18,2019-02-28 16:17:01.572100,18.80610925982559,81.41175867786339,0.6175511921620447,20.199562960347464,7.98326540837643,7.2497628922804775,44901.46345772234,21.998015232131074
366.2215,254.08985350772357,778.1554463414756,p2,41,16,2019-02-28 16:17:05.726900,31.60966721190482,81.94397775624084,0.6162379810192966,20.19908234261361,7.983204870116842,7.256655988545831,44724.90637214057,23.019820631479703
369.506,255.7699867546792,780.8404081081212,p2,37,15,2019-02-28 16:17:08.232700,27.181338155084287,82.48582072838407,0.6148656137572874,20.197617534425994,7.983136234019336,7.211830894360199,44534.808043692145,23.79859293522861
372.7905,260.05402964530185,784.4840846153986,p2,39,16,2019-02-28 16:17:11.596000,24.115260325511766,83.86742456060985,0.6134399433561112,20.195269445098646,7.983189934305025,7.186586015356721,44341.43086860133,22.95301106699222
376.075,260.1967331630087,787.1769384615534,p2,26,13,2019-02-28 16:17:14.695500,16.316679505884835,83.91344644507029,0.6119655918369616,20.192869336437578,7.983306679332871,7.201019731231463,44150.699622370375,21.950573906993817
379.3595,263.4617951824989,790.5491236842262,p2,38,18,2019-02-28 16:17:17.992800,21.42936702862449,84.9664289463559,0.6104588135444543,20.192187442572,7.9832172178024035,7.197840129525825,43962.232649659054,22.04296207363132
382.644,262.2962096736396,794.4125541666838,p2,24,13,2019-02-28 16:17:21.290100,23.2505672544704,84.59052761974877,0.608959962059215,20.19500157289442,7.983075824275918,7.182719374573063,43773.67264796566,22.246261664355
385.9285,260.4351575735413,797.7702052631765,p2,38,17,2019-02-28 16:17:25.180900,17.839848530770983,83.99033831746709,0.6075055588862873,20.201425316495108,7.983175834626754,7.189999883429226,43582.61285162044,21.830167606870855
389.213,260.96854235861304,800.8570219512393,p2,41,20,2019-02-28 16:17:27.818800,17.594149096473167,84.16235491065271,0.6060660195642709,20.205638544292114,7.983341279306004,7.206350908456087,43389.91192764276,21.347028828154468
392.4975,255.79881620755887,804.3878510638502,p2,47,19,2019-02-28 16:17:31.445700,19.58809853051743,82.49511822693773,0.604618858903401,20.20608403390196,7.983397147488332,7.212720178484846,43197.47141462448,20.815894486890908
395.782,254.90794812008735,807.1279075471913,p2,53,24,2019-02-28 16:17:34.413300,31.057333793559607,82.20781326872819,0.6031784582132729,20.210207371821323,7.983356917307039,7.200440146190936,43007.46888695897,21.34479306757294
399.0665,256.006933889829,810.3524971428795,p2,35,16,2019-02-28 16:17:37.710700,22.054811915341592,82.56223617946985,0.601744355469133,20.217158201126562,7.9832839492417556,7.182246723783407,42818.58114717591,22.04812977265315
402.351,257.7730413230813,813.9040000000236,p2,34,12,2019-02-28 16:17:41.337500,18.709256064004315,83.13180582669372,0.6003049989671968,20.21967382763663,7.983259934853001,7.182592222597762,42627.16589338187,22.287013801900734
405.6355,258.6152470939941,817.3757073170987,p2,41,19,2019-02-28 16:17:44.701100,15.873970284207413,83.40341718781309,0.5988770458206818,20.218564654413548,7.983312910649914,7.190791693457968,42433.68765613368,22.301345000972947
408.92,257.1849544577385,820.0628230769488,p2,39,17,2019-02-28 16:17:47.536700,19.016469963978547,82.94214781262069,0.5974796788871692,20.217053304465324,7.983407410436446,7.193834119968814,42240.883181949466,21.75933177894207
412.2045,262.45617777807115,823.3724980000266,p2,50,19,2019-02-28 16:17:51.031700,30.199090312876677,84.64211733342795,0.5961034363663322,20.215252074698082,7.983382957649987,7.216459452618014,42053.105680108085,22.165126077064738
415.48900000000003,260.497913334763,826.9124875000282,p2,40,13,2019-02-28 16:17:54.197200,21.09406382275597,84.01057705046107,0.5947325144181297,20.212049126952017,7.98321604487152,7.259551484935823,41869.18896395528,22.308123237247887
418.7735,266.63805183618183,830.1306307692595,p2,26,14,2019-02-28 16:17:57.428700,34.644023548420094,85.99077171716861,0.5933499007594474,20.20533216888632,7.98315659512818,7.271600220464921,41678.22460839279,22.49777050828009
422.05800000000005,265.5731871296556,833.9907177778077,p2,45,18,2019-02-28 16:18:00.857700,23.82833516056891,85.64735284931392,0.591944688444604,20.195314647562785,7.983260391929373,7.251213844276684,41480.55471042148,22.288207821122878
425.3425,263.38960372289483,836.7684461538772,p2,26,13,2019-02-28 16:18:04.155200,30.96367258741364,84.94314720063359,0.5905143251974198,20.18482122392601,7.983348569338012,7.252007347168743,41288.57323741408,22.716233587491747
428.62699999999995,264.44541782785547,839.9413302325896,p2,43,20,2019-02-28 16:18:07.254400,27.906044829269923,85.28364724948341,0.5890735181891338,20.176446803644687,7.983305173623431,7.2726736762943265,41101.528685339494,23.440568920203315
431.9115,266.51043125650995,843.6352565217721,p2,46,18,2019-02-28 16:18:10.617600,31.196349770818077,85.94961408022445,0.5876453543468962,20.17178796674522,7.983124401748654,7.281198038286559,40912.0455769179,24.051005341590415
435.19599999999997,267.52825625543704,846.3948558139875,p2,43,17,2019-02-28 16:18:13.849300,15.384672646463908,86.27786264237845,0.5862439540342025,20.168819183064592,7.983100247022057,7.2668893109677395,40721.06191773109,23.55938692859001
438.4805,262.8334587639347,850.1738866667018,p2,60,23,2019-02-28 16:18:17.146600,20.36003347614809,84.76379045136895,0.5848735739520702,20.165867912710375,7.983359052961605,7.238432222856936,40530.78441488554,23.716898487676076
441.765,265.2885801378302,853.3329860465477,p2,43,16,2019-02-28 16:18:20.509800,18.648030454165024,85.55556709445024,0.5835215748725124,20.16451577031879,7.983440984599771,7.234151403694781,40340.66545576676,23.782766072531814
445.0495,258.8668135571214,856.2899741935852,p2,31,16,2019-02-28 16:18:23.741100,14.352774297410795,83.48454737217166,0.5821689199962209,20.165300353412967,7.983230821044652,7.25896688411526,40150.70343816142,23.45555830796265
448.334,256.39509570659845,859.7338375000381,p2,40,14,2019-02-28 16:18:26.906400,19.866353237862764,82.68741836537802,0.5807917643473276,20.166585222302135,7.983218666937021,7.2647497462886825,39962.145706541836,22.756122023231597
451.6185,253.68925643631562,863.6642642857524,p2,14,8,2019-02-28 16:18:30.863400,17.467952321776348,81.81478520071178,0.5793889064953367,20.167393094445288,7.983441444745123,7.246722636981505,39773.55855480083,22.46944329863377
454.903,254.05880466758427,866.3400675000388,p2,40,19,2019-02-28 16:18:33.567000,19.452838341596717,81.93396450529592,0.5779816534242193,20.167607430667974,7.983491698495549,7.240858016041715,39581.44345565519,22.515917190983295
458.1875,248.9807135454286,869.4948293103847,p2,58,21,2019-02-28 16:18:36.864400,18.982944155048514,80.29628011840073,0.5765928375820587,20.16761716263431,7.983362751526279,7.2316323495168024,39388.32290982161,22.710228057910864
461.472,252.5098811592069,873.17420000004,p2,41,17,2019-02-28 16:18:40.095900,32.43598587962393,81.43443667384423,0.5752433732664876,20.16785222423646,7.983251434537197,7.189801469406309,39198.81313935912,23.548947802638704
464.7565,255.43080987920368,876.1791529412163,p2,51,20,2019-02-28 16:18:43.327300,24.73959134594403,82.37643618604321,0.5739431435723552,20.167666748747372,7.983213920041583,7.163308154338185,39011.20812753879,23.20772911720541
468.041,253.76784288553262,879.4671600000407,p2,45,19,2019-02-28 16:18:46.756300,24.817215341606317,81.84012933058428,0.5726830772076904,20.166536653274683,7.9832520662253845,7.197324938927534,38822.65224686352,23.440426087133556
471.3255,258.5775899502789,882.9335303030717,p2,33,17,2019-02-28 16:18:49.987800,26.52044181373909,83.39127275896494,0.5713995881046668,20.165519214838863,7.983330913977959,7.244322954259947,38633.076378000755,22.932702228715993
474.61,262.6006057010814,886.0761513513937,p2,37,15,2019-02-28 16:18:53.350800,21.390808570875613,84.68869533859876,0.5700399008509276,20.165533467164266,7.983398103253365,7.253049195692792,38443.052787631415,22.780356816860163
477.8945,264.74970878396005,889.4075394737271,p2,38,13,2019-02-28 16:18:56.978000,22.59289707844347,85.38178108282713,0.5686237723060419,20.165951259865,7.983372307977625,7.225149623632,38253.25752145146,22.257183347549528
481.17900000000003,269.06292156639654,892.9019880952808,p2,42,21,2019-02-28 16:18:59.945700,31.617425765094104,86.77279220516289,0.5671965921223354,20.16531731227119,7.98325535788232,7.191406521490085,38064.582940004206,22.489144656038537
484.4635,270.2462266010699,895.7919489362131,p2,47,20,2019-02-28 16:19:03.044800,20.935453347983863,87.15440807884504,0.5658223057576988,20.161394428249512,7.983209953009634,7.214365818202574,37878.18303569602,21.8478386296114
487.74800000000005,268.512839822758,899.3183153846593,p2,39,21,2019-02-28 16:19:06.540200,20.646388093405648,86.59539084283945,0.5645098049198484,20.156276846679184,7.983279715518832,7.287234032550271,37692.82743311366,22.176695845045256
491.0325,269.49956485109954,902.4178977778216,p2,45,22,2019-02-28 16:19:09.903200,31.870271131536107,86.91360966447962,0.5632125684160285,20.155878595023516,7.983369928410291,7.333968322167377,37505.195173347754,22.896085698507008
494.31699999999995,271.92747616786806,905.8515238806418,p2,67,20,2019-02-28 16:19:12.936800,20.978164595174594,87.69661106413747,0.5619092556062987,20.157349779771113,7.983364495717348,7.3316045273162445,37316.69585745403,23.041719082320107
497.6015,274.7460947645584,909.1925600000453,p2,35,15,2019-02-28 16:19:16.432200,29.364045939454304,88.60561556157009,0.5605993443048801,20.15214996202976,7.983164089834447,7.30022845050771,37131.83235223698,23.979923559947824
500.88599999999997,275.4100531854428,912.3492113636826,p2,44,23,2019-02-28 16:19:19.531600,28.77931288442842,88.81974215230532,0.5592816260719694,20.143292705740915,7.98297636986068,7.26635388390973,36949.094616492235,24.536983537858177
504.1705,273.2092510202194,915.5474104167128,p2,48,18,2019-02-28 16:19:22.762900,21.21537262059097,88.10998345402076,0.5579566274008072,20.139624211772755,7.983126860030868,7.255301866390694,36763.81626543015,24.77119730653409
507.455,269.7036247832763,918.8453480000474,p2,50,23,2019-02-28 16:19:26.126200,21.782639204637192,86.9794189926066,0.556643892266777,20.139860669918797,7.983405670134136,7.257955697796087,36575.68657898562,24.91680986047412
510.7395,270.29611755620414,922.1221282051764,p2,39,17,2019-02-28 16:19:29.489500,14.951137976548864,87.17049791187584,0.5553655914530706,20.13862836418356,7.983433478989283,7.253669956327285,36386.493676764396,24.664821974317892
514.024,269.02575116599496,925.6376516129526,p2,62,22,2019-02-28 16:19:32.588900,22.061100162375013,86.76080475103338,0.554109178046061,20.1342413016526,7.983280327785302,7.246844327658154,36198.32006999201,24.016391616989836
517.3085000000002,269.77906311076487,928.4674125000496,p2,24,14,2019-02-28 16:19:35.886300,37.16748513544988,87.00374785322167,0.5528519020913882,20.12663510772514,7.983146836830655,7.247435689131408,36012.61869195013,24.79313497883395
520.5930000000002,272.2917198614003,932.231068000051,p2,50,20,2019-02-28 16:19:39.183500,27.05852797746035,87.81407965530158,0.5515807979440407,20.117464865450444,7.983097924652643,7.248869582332242,35827.05698764741,24.93321701857483
523.8775,266.63343295996924,935.3244235294626,p2,68,24,2019-02-28 16:19:42.744700,20.969737738829203,85.98928212959007,0.5502889404517294,20.10880529689803,7.983139919353707,7.242602506479689,35639.13296112116,24.586298013892964
527.1619999999999,265.6128410965638,938.6450173077444,p2,52,19,2019-02-28 16:19:45.910100,22.51497318363029,85.66014125364183,0.5489832631209586,20.102068661841635,7.983208691476765,7.236479097774242,35451.45500414868,24.65655830219013
530.4465,269.9394302721346,941.7172094340144,p2,53,24,2019-02-28 16:19:49.075500,24.783282733086835,87.0554662627634,0.5476802575816712,20.098202181229738,7.983240452365909,7.240879590979441,35266.85942533952,24.79345740560534
533.731,271.14312325872186,945.4884805195334,p2,77,26,2019-02-28 16:19:52.372800,31.182574464149337,87.4436572509378,0.5464171060550984,20.097132729264857,7.98325454577323,7.256902894455376,35083.12262864677,24.766279199296296
537.0155,273.91933643702185,948.3454910448294,p2,67,24,2019-02-28 16:19:55.802000,30.303650084525103,88.33898600093956,0.5452143902775716,20.098106587142553,7.9832717688526165,7.281174128430159,34897.88575562722,25.351791495330122
540.3,274.3122074330872,952.0249391304887,p2,46,23,2019-02-28 16:19:58.901400,21.17733736040681,88.46568689717061,0.5440220869126131,20.098946309076034,7.98325222707803,7.30298724061883,34712.330892045684,25.384975824517696
543.5844999999998,275.4574492295056,955.1497689655732,p2,58,27,2019-02-28 16:20:02.264700,43.427179479953566,88.83502737651554,0.5427878276246066,20.097968043923977,7.983171203962832,7.312977864734171,34527.81075922381,26.107282596293786
546.8689999999998,276.40644803337057,958.2814207792778,p2,77,29,2019-02-28 16:20:05.495800,28.566870175520307,89.14107949076202,0.5415102536922063,20.09680195546479,7.983120480748362,7.3137761015661535,34343.34394808235,26.581576695065394
550.1535,276.62539398384223,961.4564475410403,p2,61,23,2019-02-28 16:20:08.727400,20.56366502716052,89.21168955978912,0.5402074498100866,20.097399606735678,7.983179043478939,7.310534729300228,34157.8804031282,26.031552888047035
553.4380000000001,275.0074678857217,964.9381235294701,p2,68,27,2019-02-28 16:20:12.024500,22.792377785226673,88.68990839314526,0.5389219631429807,20.099444233469157,7.983247463004839,7.3057651992753545,33972.61357008289,25.657369444346926
556.7225000000002,274.2243485780655,968.3405290909681,p2,55,22,2019-02-28 16:20:15.321800,33.92248837348026,88.43735241642612,0.5376847885790149,20.101684936523927,7.983234146069307,7.300295229289721,33788.65376108465,26.451564178902508
560.0070000000002,267.0061263661184,971.5921984615973,p2,65,28,2019-02-28 16:20:18.619100,16.622818182273846,86.1094757530732,0.5364676759638944,20.10169548657614,7.98322545728366,7.291601857148538,33604.92474502207,26.129075365004798
563.2915,264.55851205516296,974.9197933333929,p2,60,24,2019-02-28 16:20:21.982500,33.05187622658636,85.32012013779006,0.5352403916707023,20.0981548125487,7.983295426662812,7.2747963405098535,33420.22297707877,27.26037150563214
566.576,266.621345509563,977.839057407468,p2,54,22,2019-02-28 16:20:25.213800,25.102506856086237,85.98538392683407,0.534010816800219,20.094726584439435,7.983336011649268,7.238819193923225,33234.5516837387,27.45045942398909
569.8605,261.9029224505664,981.6964786885852,p2,61,19,2019-02-28 16:20:28.511000,22.49939119071846,84.46369249030765,0.5327908264760974,20.094551201335214,7.983244911611633,7.180080368167391,33048.276671752756,26.533703552443377
573.145,260.96492860312327,984.4787396552333,p2,58,23,2019-02-28 16:20:31.808500,41.49590698044658,84.16118947450724,0.5315725537794972,20.093892399101446,7.9831160828850685,7.131521740500203,32862.10853073943,27.436039740130017
576.4295,266.3231638839533,988.0430245283636,p2,53,25,2019-02-28 16:20:35.039700,40.04400635482881,85.88922035257495,0.5303479282689654,20.088227896947807,7.983071929482534,7.12726534490839,32677.051493638628,28.62818152862999
579.7139999999998,268.96362828369814,991.4788622222853,p2,45,18,2019-02-28 16:20:38.337200,25.870131500361108,86.74077012149266,0.5291321391698318,20.077717947468074,7.983129979534807,7.162234253919096,32495.090654367297,28.837878923425666
582.9984999999998,269.4101891860579,994.21055769237,p2,78,29,2019-02-28 16:20:41.568500,22.89805718901064,86.88478601250368,0.5279442071269943,20.064290758327175,7.983260211584335,7.217106012696712,32317.94038686251,28.720052326920904
586.2829999999999,274.9033850960768,997.9557644068435,p2,59,23,2019-02-28 16:20:44.865800,36.012558393953164,88.65634169348478,0.526785800492474,20.05193761988535,7.983342061759421,7.2583793221614625,32144.173228651405,29.02192632253364
589.5675,274.73090121062717,1001.2523152543016,p2,59,20,2019-02-28 16:20:48.300300,27.4232242209828,88.60071564042727,0.5256514680738243,20.044842549136828,7.983252080953205,7.253481228016017,31971.39886294038,28.841899706062247
592.8520000000002,277.25108426007546,1004.4167507247032,p2,69,27,2019-02-28 16:20:51.592400,28.316188188541965,89.41347467387432,0.524526102497923,20.042643751131987,7.983114886299965,7.22070533591101,31798.319967052586,29.288077882820694
596.1365000000002,279.0966578861272,1007.737657377116,p2,61,26,2019-02-28 16:20:54.889600,32.051449534887674,90.00867216827605,0.5233910376059479,20.042697812451785,7.9831689758129,7.202662743986059,31624.271077849808,28.577094761254077
599.4209999999999,277.0577280579515,1010.8908173334004,p2,75,30,2019-02-28 16:20:58.121100,28.444340735305854,89.35111729868939,0.5222553286537778,20.043541048503684,7.9833798410997705,7.204968063076473,31449.92922742593,28.569436671240673
602.7055,273.8728524998461,1014.2557929825246,p2,57,22,2019-02-28 16:21:01.286600,27.053915014385524,88.32399493120039,0.5211527890225326,20.044795946590945,7.983465613043792,7.199542202971373,31277.159873002147,28.975077295442237
605.99,274.07404336506903,1017.4604394366893,p2,71,28,2019-02-28 16:21:04.649700,26.92092048119061,88.38887898523475,0.5200787071563435,20.04553455312246,7.983328922982232,7.176325981785405,31105.665964137188,29.23311121393998
609.2745,277.26708325711866,1020.7443967392004,p2,92,32,2019-02-28 16:21:08.078900,43.4011783523686,89.4186343504208,0.5189649670850499,20.04387980442496,7.983183658916843,7.15622296858903,30931.60327775944,29.8255293376205
612.559,277.0288322295206,1024.1602405406118,p2,37,19,2019-02-28 16:21:11.244100,25.79218440171478,89.3417983940204,0.517784320468244,20.039964259857793,7.983202379692779,7.156073605606329,30753.600128257338,30.39861472633556
615.8435,276.86183462752035,1027.4748722892289,p2,83,31,2019-02-28 16:21:14.409800,27.62218309013073,89.28794166737532,0.5166797180687416,20.041574431887128,7.983303999081542,7.167662497899052,30580.486777432685,30.059258905307082
619.1279999999998,276.2141458868391,1030.3271681818935,p2,66,26,2019-02-28 16:21:17.773100,28.61152325281105,89.07906204850563,0.5158096316879587,20.05689180963464,7.98336440703513,7.178274055908798,30422.701788119062,30.278572430102383
622.4124999999998,274.1608974397585,1033.8303758621457,p2,58,20,2019-02-28 16:21:21.136300,20.331544447152133,88.41688942432212,0.5151691479667223,20.08462832055317,7.9833636706935875,7.183731665131369,30285.63797093136,30.143082008629484
625.697,276.7538816596538,1159.208927536311,p2 p3,69,29,2019-02-28 16:21:24.301700,33.48971173337109,89.25312683523836,0.514683517805473,20.11944831612295,7.9833263856659755,7.183508526277809,30172.53142995909,29.642694805687267
628.9815000000001,278.079779773594,1295.5816135594034,p3,59,30,2019-02-28 16:25:42.829200,30.610307387716727,89.68072897698404,0.5142777292190264,20.156000911363165,7.983277315181733,7.177091579212525,30086.610150710374,29.05308862024276
632.2660000000002,277.9647077030758,1298.9103500000826,p3,46,26,2019-02-28 16:25:46.192600,22.78187563896204,89.64361823424196,0.5138771168848169,20.188962429859135,7.983241084845474,7.164009140612662,30031.012945694576,28.86007262890532
635.5505,275.8288772160917,1302.2073960785167,p3,51,28,2019-02-28 16:25:49.292000,26.050258543405327,88.95481290218956,0.5134343870230931,20.215157509991766,7.983231453777721,7.147056528391487,30001.837768594247,29.05708521355499
638.835,278.20364278041677,1305.6521215687144,p3,51,30,2019-02-28 16:25:52.589300,28.56084925972905,89.72067479668439,0.5129489563943908,20.23507696802215,7.983243637045888,7.134604317724676,29983.16708963445,28.591353392665983
642.1195,281.8110508154446,1308.855862069055,p3,58,33,2019-02-28 16:25:55.886600,28.980036498115727,90.88406388798089,0.5124248060456857,20.249569858114018,7.98327103769874,7.135567865992623,29957.9092948213,28.688654159986793
645.404,283.50457706971423,1311.9648686275416,p3,51,33,2019-02-28 16:25:59.249800,39.70711671791624,91.43022610498282,0.5118659170239533,20.259485234431082,7.98330705878504,7.15886253057571,29908.97277016086,29.400587193072685
648.6885,286.37797615691443,1315.3261651516075,p3,66,35,2019-02-28 16:26:02.481200,23.19668897966961,92.35689731060492,0.5112745024696695,20.265674541258505,7.983344383661843,7.212807552030645,29819.41580905683,28.847164658371554
651.9730000000001,289.64961769284315,1318.5720204546408,p3,44,26,2019-02-28 16:26:05.712600,38.53703206499959,93.41200170594192,0.5105720602859437,20.269098345856616,7.983342837564134,7.27850596297459,29679.140851467015,29.477957866477414
655.2574999999998,286.23794105914936,1321.9659386364606,p3,88,36,2019-02-28 16:26:09.009900,25.422777092709364,92.31173599157567,0.5095677204979284,20.270869131252315,7.983216502227005,7.299171698104989,29487.57842956329,29.376011746372654
658.5419999999998,287.70660785127944,1325.3445711865395,p3,59,32,2019-02-28 16:26:12.307100,32.784677063655316,92.78538103203762,0.508086093441023,20.272242698175894,7.982893980235839,7.236069983170741,29246.143125503746,29.7424965327767
661.8265,297.9330823803128,1328.7421059702508,p3,134,39,2019-02-28 16:26:15.604500,61.223189184796496,96.08341906765091,0.5063463513514628,20.276663928953628,7.982600692640839,7.396202858476481,28977.453729407393,30.856372209803443
665.1110000000001,311.759152288204,1331.7258088051342,p3,159,43,2019-02-28 16:26:18.901800,52.76189934459468,100.5423266129458,0.5047371194061737,20.287159248575165,7.9825528068880915,8.134146413433651,28713.222510694948,32.54197939373344
668.3955000000002,325.072147321311,1335.2012362574155,p3,171,46,2019-02-28 16:26:22.133300,57.91371272226508,104.8357675111228,0.503184495570454,20.299992300640607,7.9822481045132205,9.09086273561065,28459.60481183212,34.43519999574184
671.6800000000002,335.96915067733846,1338.1520631580013,p3,152,45,2019-02-28 16:26:25.430200,42.27533013036485,108.35005109344166,0.5015826973870171,20.309613472007577,7.9820658534853735,9.82753125527317,28207.425932070335,35.289187925588955
674.9645,344.878251279236,1342.0258941748673,p3,103,38,2019-02-28 16:26:28.793600,41.302033240824144,111.22323603755362,0.49990294610116076,20.311855105663113,7.982874056728135,10.076051237892244,27942.654642093534,36.59984347519345
678.2489999999999,351.8992541074205,1344.910258209067,p3,134,44,2019-02-28 16:26:32.025000,42.04285362524321,113.48750944964311,0.4982183361948735,20.31111243117553,7.9834077638973575,10.102467406048412,27673.76299517497,37.13441484343546
681.5335,367.67311613786836,1348.3032798246752,p3,114,43,2019-02-28 16:26:35.322300,51.40516100815761,118.57457995446256,0.4965682422021347,20.311092074767718,7.983241155483756,10.130550176785736,27409.174119803825,38.434093194713014
684.818,378.9399023345436,1351.559321296412,p3,108,40,2019-02-28 16:26:38.553900,51.33323160523425,122.2081185028903,0.4949279837074488,20.311776867898292,7.983288853747539,10.167962356695444,27148.80631922576,40.21855294260503
688.1025,381.9590957348185,1355.0463563381481,p3,142,47,2019-02-28 16:26:41.851100,44.69862429477946,123.18180837447895,0.4932921925028038,20.312090244783143,7.983299764400752,10.214302614197289,26887.15113556369,41.384075802065915
691.387,377.3219024883412,1358.5766723271656,p3,159,43,2019-02-28 16:26:45.148500,38.73459620477253,121.68631355249002,0.4916643497215609,20.314156215173213,7.983158697840303,10.25511043164295,26618.921815870424,42.01993498613113
694.6714999999998,374.9277561340165,1361.3486937800285,p3,209,45,2019-02-28 16:26:48.445700,41.69962937199621,120.9142013532203,0.4900476972973171,20.321889191283834,7.983219149879209,10.265422467759182,26344.228366338135,42.814909540748666
697.9559999999999,368.49326482345117,1364.5404718895234,p3,217,45,2019-02-28 16:26:51.742800,39.338314521623055,118.83907790556304,0.4884290814287967,20.326818789414734,7.983230608404114,10.259024616315283,26081.348880184367,42.79185940348034
701.2405,372.10075486361677,1367.8524286765974,p3,136,45,2019-02-28 16:26:54.974300,41.57392998002933,120.00249344351644,0.4868085456590153,20.324902422845888,7.983137265107549,10.249899367999198,25829.726665873193,43.94043696600282
704.5250000000002,376.03209341384917,1371.14371551737,p3,116,44,2019-02-28 16:26:58.271700,53.01890416853694,121.27035012596636,0.48520703525382913,20.32365286947822,7.9833721235943536,10.236337026160658,25558.310707640143,44.8455539724739
707.8095000000002,375.17366463558363,1374.3884113208846,p3,159,46,2019-02-28 16:27:01.568800,45.76819722122693,120.99350684497571,0.4835976712430577,20.321943565000332,7.983554945609593,10.243328351686637,25279.842400056503,46.11714273050625
711.0939999999999,374.2206408180562,1377.7920866072766,p3,112,43,2019-02-28 16:27:04.866200,44.0632772795755,120.68615666382313,0.4819638892470884,20.31764128688828,7.983324034717721,10.275614356446226,25012.285819491593,46.82205524400126
714.3785,369.38887772781715,1380.9543553958167,p3,139,43,2019-02-28 16:27:08.163600,37.029085721160705,119.12791306722102,0.48034723103512944,20.314593410777135,7.983074545853466,10.28027350396364,24745.162087058878,45.30992377752403
717.663,373.29697923808374,1384.2670315790826,p3,171,48,2019-02-28 16:27:11.394900,54.98046022640885,120.388275804282,0.4787477965494455,20.314128806641815,7.983117173684679,10.258108482486552,24477.889806920808,45.44858383263741
720.9475,373.981958548004,1387.6179500001388,p3,138,46,2019-02-28 16:27:14.692300,43.68554095505661,120.60918163173127,0.4771459134949939,20.31523312624352,7.983429980358171,10.237907363489855,24213.765569143874,44.559323097186876
724.232,377.40806125951286,1390.9230333334754,p3,159,44,2019-02-28 16:27:17.989400,42.47713950306713,121.71409975619291,0.4755415554320816,20.315744452699796,7.983444528069787,10.231447042950508,23947.256701081944,44.57193618298077
727.5165,374.8814852734584,1394.3213623712784,p3,194,47,2019-02-28 16:27:21.286800,50.50498310458241,120.89927900069034,0.4739409590507288,20.31538057313831,7.983162755255098,10.23746458048814,23676.986667020275,45.14712054946566
730.8009999999998,372.4375278090909,1397.617076571574,p3,175,45,2019-02-28 16:27:24.650100,46.993681232409294,120.11110271843182,0.4723512055361064,20.315120150522457,7.983030805094318,10.247137555681737,23405.703098560924,45.45654727491354
734.0854999999998,372.20934569171226,1400.6900291926934,p3,161,46,2019-02-28 16:27:27.881500,48.8429355985899,120.0375139855772,0.4707735239629528,20.314757838296394,7.983248064501325,10.253343303336973,23135.457819141742,45.296408186815555
737.3699999999999,370.7731524876376,1404.0329513229,p3,189,46,2019-02-28 16:27:31.112900,43.425538654833794,119.57434167726312,0.4692067956916802,20.314345964247348,7.983554950770481,10.248361668935763,22866.663854026152,44.802177377415525
740.6545,374.8489947860828,1407.3131708334845,p3,168,46,2019-02-28 16:27:34.410100,46.35537143825465,120.88880081851171,0.46764762826290923,20.314466119100747,7.983403059837001,10.227491281613336,22598.13687902022,44.90572407388272
743.9390000000002,372.6227747149125,1410.754068786279,p3,173,42,2019-02-28 16:27:37.707400,43.10661552655793,120.17084484555927,0.46608593313781627,20.31534306306008,7.983161766282585,10.21070407136543,22328.79506855603,45.17897528149431
747.2235000000002,370.3313592452952,1413.1442283583633,p3,67,18,2019-02-28 16:27:41.070700,42.054836131154715,119.43186335660772,0.46452260091629705,20.31642513458259,7.9832081518259,10.21295644034623,22059.65331250908,45.201175703941715
760.3615,370.816732573648,1426.978454166829,p3,192,43,2019-02-28 16:27:54.193900,41.43852494801415,119.58839625500151,0.45848192586984743,20.312336328505154,7.9831386138680145,10.18345669704459,20991.178560429576,45.33243885559116
763.6460000000001,372.53585072146006,1430.48830380451,p3,184,43,2019-02-28 16:27:57.425300,42.58511696529785,120.14281185767088,0.45688688318590126,20.3021437907677,7.983199147685403,10.170453773032522,20716.56398344178,45.39563804217044
766.9304999999998,372.8112753854312,1433.4306650719338,p3,209,44,2019-02-28 16:28:00.722400,42.15671580049721,120.23163631180157,0.4552481562844004,20.291076770084082,7.983405608035708,10.170400868649821,20443.771811464245,44.71675126916796
770.2149999999998,372.0233611042655,1436.9594646466305,p3,198,44,2019-02-28 16:28:03.954200,44.10700554972119,119.97753395612564,0.45365956234645455,20.280180104708535,7.9835211045503405,10.175786582367692,20172.539883312686,44.61292678969885
773.4995,371.7871187884217,1440.301275862236,p3,174,44,2019-02-28 16:28:07.317400,42.08361427598321,119.90134580926599,0.4521700441213033,20.26891269955636,7.983382244104397,10.176000827949611,19900.82372912891,44.48919785197433
776.7840000000001,372.3186025161959,1443.3431323172415,p3,164,45,2019-02-28 16:28:10.548500,46.653660876832475,120.07274931147316,0.4506803486481051,20.25861211273581,7.983234760773101,10.165262868597457,19627.532235628187,45.09073379920382
780.0685000000002,371.2187887523607,1446.651761538631,p3,169,42,2019-02-28 16:28:13.845800,44.82369780336586,119.71805937263632,0.44915268227310745,20.25055045413514,7.9831920985452145,10.150810917838406,19355.84395146444,44.45593614776363
783.3530000000002,366.4291826765559,1450.198656647574,p3,173,41,2019-02-28 16:28:17.143300,41.55925979804941,118.17341141318927,0.44762147090731597,20.245161808197427,7.983201089396368,10.147352848226927,19090.370914099465,44.32304357545068
786.6375,365.7940614837899,1453.2895726317522,p3,190,44,2019-02-28 16:28:20.374700,44.90909756637437,117.96858482852224,0.446126584657382,20.23982829558848,7.983191123867672,10.150557423529467,18823.669464351548,44.47504095440738
789.922,362.0824617341352,1456.634956544679,p3,191,45,2019-02-28 16:28:23.672000,40.51143413998319,116.7715939092586,0.44466771413063666,20.232107586188604,7.983134413373512,10.1507932331401,18551.00041271703,43.85044414411993
793.2065,355.577042337025,1459.940506217795,p3,193,44,2019-02-28 16:28:26.969200,38.2463905197051,114.67359615369057,0.44316939386936766,20.221955896508522,7.983092938204263,10.141241827044908,18280.19840905407,43.30373847457592
796.4910000000001,352.16889675758813,1463.1522171272504,p3,181,45,2019-02-28 16:28:30.266600,42.50799815279807,113.57446920432214,0.44162639653186375,20.211229770182573,7.9831304275377555,10.1237603106439,18010.630091537285,42.90780488421394
799.7755,351.1570085329047,1466.4040627120473,p3,177,42,2019-02-28 16:28:33.563900,42.13537678697997,113.24813525186177,0.44009916838352137,20.202722991826167,7.983257537226968,10.108756281026315,17735.60414025628,42.82716976747307
803.06,347.78257429198715,1469.7421566504295,p3,203,46,2019-02-28 16:28:36.795100,52.441459184978456,112.15988020916583,0.4386288635267669,20.19667935840153,7.983253396378754,10.112565188958264,17461.963880071067,43.20755025164331
806.3444999999998,347.0659639159456,1473.0654268819044,p3,186,45,2019-02-28 16:28:40.158200,38.741473115627635,111.92877336289247,0.4372083400612898,20.191435355939138,7.983056562364888,10.133574105241944,17193.460915902928,42.93472885096017
809.6289999999998,349.79035265747865,1476.238307843325,p3,204,44,2019-02-28 16:28:43.389800,37.97834108366683,112.80738873203686,0.43575492757606943,20.183392723457757,7.983034703476001,10.134114940767043,16920.11475129069,42.679947910492174
812.9135,348.35134997454725,1479.4693983697525,p3,184,42,2019-02-28 16:28:46.686900,41.96010994080401,112.34331036679147,0.4342545199791035,20.171473267012715,7.983245325221207,10.109501131580659,16643.673025081,42.712546972541546
816.1980000000002,349.248055514748,1482.8678922653842,p3,181,43,2019-02-28 16:28:49.984300,43.30739431912588,112.63249790350623,0.43276545778583303,20.157170608143065,7.983401660720368,10.08863894146569,16376.079422351318,42.7576893071558
819.4825000000002,352.08616920540743,1486.1034466294052,p3,178,44,2019-02-28 16:28:53.215500,40.112011859845,113.54778956874388,0.43132475650859575,20.14120833449749,7.983267222584023,10.081974931420543,16110.315531907747,42.62989531086504
822.7669999999999,350.37405547250086,1489.4655642513994,p3,207,45,2019-02-28 16:28:56.579100,38.94301071149699,112.99563288988155,0.42991865292056786,20.124265207228447,7.982963551651902,10.08704231503902,15835.530197173444,42.307145633476026
826.0515,349.46030225619586,1492.6198224491754,p3,245,46,2019-02-28 16:28:59.810300,39.88674633235704,112.70094747762316,0.4284253068199547,20.10786090849482,7.983486654569416,10.088498799392859,15552.716523655516,42.16984138699939
829.336,347.40016096451444,1496.0894969164972,p3,227,42,2019-02-28 16:29:03.173700,37.56660749845177,112.03655191105595,0.4269205472553702,20.091785599082357,7.9839912109848425,10.075573731410092,15276.435665488701,41.60190055085059
832.6205,345.63733185271525,1499.3237068967496,p3,203,46,2019-02-28 16:29:06.404800,45.58151933202833,111.46803952250069,0.4257539907619596,20.073493497318285,7.981190665923957,10.047800151145925,15035.712549054046,41.649264396391985
835.905,344.2564329094693,1590.083458911094,p3 p4,202,44,2019-02-28 16:29:09.636300,36.492562285671504,111.02269961330386,0.4249828577632112,20.05338126196315,7.975375839934246,10.01446431723441,14842.492228939322,41.332595801868365
839.1895,343.32610794727896,1762.1620565002027,p4,200,39,2019-02-28 16:33:29.292400,36.05947677433547,110.7226698129975,0.4244695098613586,20.033787094360534,7.969179636803178,9.99045465629023,14697.407994889032,40.779494502365935
842.4739999999998,344.00053584307295,1765.3357062113853,p4,161,37,2019-02-28 16:33:32.590000,36.539645364156684,110.94017280939104,0.4240734120194987,20.017078057509853,7.965269776139908,9.990742872959418,14600.924983620102,40.53125770387678
845.7584999999998,343.3922510249774,1768.811446700717,p4,197,44,2019-02-28 16:33:35.953100,28.126885665624872,110.74400095555521,0.4236611337190495,20.005346844924723,7.965879904332642,10.026781236434665,14549.751883440464,39.89878865049677
849.0429999999999,345.1237521002558,1772.2029246915658,p4,243,39,2019-02-28 16:33:39.184400,31.221464552495213,111.30241005233252,0.42315001913274186,19.998725281652117,7.970141425956084,10.08486925527633,14513.75073383855,39.19338030047784
852.3275,344.41821602675515,1775.3725177372205,p4,327,48,2019-02-28 16:33:42.415800,34.699023409183624,111.07487466862852,0.4224795092494361,19.996491835508508,7.97583567008143,10.140360119860464,14451.100086972876,38.72860821436557
855.6120000000002,343.8335917785166,1778.3696908048141,p4,261,46,2019-02-28 16:33:45.713000,31.585655061202537,110.88633334857158,0.4215891358902658,19.99792146645761,7.9807384160922545,10.168562024082226,14319.930468276827,37.42512045662957
858.8965000000002,343.1604381794793,1781.9138074868472,p4,187,46,2019-02-28 16:33:49.076300,30.995729236601214,110.66924131288208,0.4204357484315272,20.00216760258218,7.9830776295620485,10.152625262614507,14091.650041366942,36.94101146419042
862.181,344.9398546568617,1785.184835533215,p4,197,47,2019-02-28 16:33:52.307700,33.19769586894467,111.24310312683792,0.4190660411033926,20.007753154898232,7.983427253991097,10.116385572839429,13806.552413049474,36.64222113827029
865.4655,343.80746146259787,1788.6052871923387,p4,203,48,2019-02-28 16:33:55.605000,32.988746457708075,110.87790632168785,0.417563008734385,20.013296990404605,7.983049860946081,10.090843133695914,13516.187483509355,36.08151092057679
868.75,340.41691451726035,1791.766204605488,p4,152,44,2019-02-28 16:33:58.902300,29.461020049757124,109.78445493181648,0.41604204494906805,20.01879378950064,7.982880702431713,10.079545249664175,13221.774349030075,35.21611252874124
872.0345,340.41839819402304,1794.9958016218438,p4,185,48,2019-02-28 16:34:02.133800,36.83703341432154,109.78493341757242,0.41456346836115715,20.024754626227747,7.983196252857453,10.077780446602777,12921.087303219514,35.01142637589603
875.319,340.29814302222593,1798.4244360467403,p4,172,48,2019-02-28 16:34:05.431000,32.85123105448048,109.74615112466786,0.4130815710886837,20.031805217143877,7.983365969339297,10.079947864085298,12628.70936440871,34.6306901473325
878.6034999999998,336.2563233858195,1801.691795431701,p4,197,44,2019-02-28 16:34:08.794100,27.241713115423757,108.4426642919268,0.4115704706596539,20.039318474603824,7.98326612915375,10.077258009811304,12338.152202588306,33.84037557127417
881.8879999999998,336.64712155499313,1804.9972052633887,p4,171,43,2019-02-28 16:34:12.025700,29.84934607994197,108.5686967014853,0.41003034525942905,20.046186128634954,7.98316657796128,10.063896667452203,12033.039716863515,33.35804673261731
885.1725,337.0404886328558,1808.2369495329426,p4,214,45,2019-02-28 16:34:15.322700,33.16164393461836,108.695557584096,0.4084797752938932,20.05332378474994,7.98313913399652,10.057816141091681,11728.042054112897,32.58180452027919
888.4570000000001,333.21745347213067,1811.4792085002343,p4,200,46,2019-02-28 16:34:18.554200,27.086964486396408,107.46262874476213,0.40693613713824656,20.05997893589655,7.983191023159876,10.060422985519217,11435.483545845835,31.993954657824496
891.7415000000002,333.36468129428846,1814.752722275116,p4,211,47,2019-02-28 16:34:21.851500,33.57489313487167,107.51010971740807,0.4054070171466845,20.062459092612063,7.983308547371093,10.04176548982435,11149.688284436717,31.83866818035801
895.0260000000002,335.11989474540746,1818.0975774013696,p4,177,47,2019-02-28 16:34:25.148900,35.30757778538869,108.07616605539393,0.40389937399876685,20.062153743060307,7.983346334716871,10.016025668688581,10859.524311920448,31.76166395668501
898.3105,336.60728789038535,1821.363329070007,p4,172,47,2019-02-28 16:34:28.446300,35.608216930837834,108.55585034464927,0.40241983743395954,20.06236757929969,7.983204241267123,10.010650740926303,10557.203833268813,32.22924716076082
901.595,334.65553684041384,1824.7009456649807,p4,173,44,2019-02-28 16:34:31.743500,33.313405214607336,107.92641063103343,0.4009731196274349,20.06277317200662,7.983165948868446,10.009761984762548,10253.02109469202,32.359993452142824
904.8795,337.7349068617532,1827.8782936587854,p4,205,48,2019-02-28 16:34:34.974800,33.44012842630444,108.9195074629154,0.3995418924970887,20.06293981124402,7.983326569184636,10.001722261869634,9953.883423867403,32.28131251571288
908.164,338.6026495547729,1831.2050089111367,p4,202,47,2019-02-28 16:34:38.272100,33.832130880932695,109.19935448141426,0.3980806325350159,20.063177664154647,7.983417056876742,9.993068207588646,9656.736512328422,32.421717254446015
911.4485,337.53147224490385,1834.500972916916,p4,192,47,2019-02-28 16:34:41.569600,35.74481280440777,108.85389979898152,0.39657710401418933,20.06145263608215,7.983358686982886,9.984305778449091,9359.457307732593,32.718534977433926
914.7330000000001,340.37117871477267,1837.799465405656,p4,185,46,2019-02-28 16:34:44.866800,34.434145581265895,109.7697051355142,0.3950590888764094,20.05470263268892,7.98323645154933,9.971889688894512,9061.829558175077,32.795813084454
918.0175,339.46354313945216,1841.0466198927293,p4,186,44,2019-02-28 16:34:48.164000,29.99203506253827,109.47699266247332,0.39362109296197184,20.0431431759624,7.983165471066165,9.95829550932279,8766.830845375902,32.608518622255886
921.302,337.12070419482984,1844.311610502538,p4,219,48,2019-02-28 16:34:51.395400,28.169304966909124,108.72142710283264,0.39230398346461,20.02874030604158,7.983195459444634,9.949124597809341,8476.247459088747,32.52778642957788
924.5865,335.1440305662768,1847.631169189448,p4,185,46,2019-02-28 16:34:54.692700,33.756811676680194,108.08394985762428,0.3910153685518844,20.01484929100191,7.983243351107777,9.952137809281208,8187.95309818355,32.33527257097529
927.871,333.38332208177593,1850.9117484165479,p4,221,47,2019-02-28 16:34:57.989900,28.195585796605567,107.51612137137272,0.38964753639983046,20.002815173924972,7.983255598170487,9.962106100843476,7897.088444103075,32.044294742358105
931.1555,332.4945247103088,1854.2076500002613,p4,220,48,2019-02-28 16:35:01.287200,31.620611464536324,107.22948421907459,0.388102517279413,19.991180013346995,7.983237786265208,9.956780329715395,7596.258107306329,32.31797588917764
934.44,329.9539099636944,1857.5556746116613,p4,193,46,2019-02-28 16:35:04.584700,29.686242558882146,106.41013596329141,0.38647838098698395,19.981897557118376,7.983169096761286,9.937432207295094,7289.913938627765,32.3077819191114
937.7245,329.7265616714886,1860.8203013247694,p4,151,43,2019-02-28 16:35:07.816000,29.59814179058477,106.33681613905507,0.38498455029135453,19.97780021707017,7.983059592805562,9.92300732717968,6990.03296789364,32.0850630351093
941.0089999999999,327.0923014097445,1864.1056729929694,p4,137,45,2019-02-28 16:35:11.113400,31.128197194475433,105.4872672046426,0.38362724826106465,19.973454150810543,7.9831342549748445,9.920243093037662,6698.59695684386,32.33764007936424
944.2935,323.97359634322527,1867.309623776493,p4,143,42,2019-02-28 16:35:14.410700,29.75623124087547,104.48148482069016,0.3823376259326893,19.965196932506874,7.983402515668718,9.926385331969804,6411.553043870538,32.098973710989476
947.578,322.1110915063725,1870.6696147890054,p4,142,46,2019-02-28 16:35:17.708000,33.89355619397015,103.88082701080515,0.38100328279275214,19.95603967048792,7.983407355403258,9.92748810569051,6118.68310914231,32.01059736152582
950.8625,320.65073868505266,1873.9972201391627,p4,144,43,2019-02-28 16:35:21.005200,32.722188139402014,103.40986322592951,0.3795603364693001,19.947119712282795,7.983105327135581,9.91872130608498,5817.540250774156,31.830220562061076
954.147,322.9117950063052,1877.160260869842,p4,161,44,2019-02-28 16:35:24.500300,33.53973196232367,104.1390538895334,0.37802660485963635,19.936228586651886,7.983067202896412,9.909430590084877,5517.200019157026,31.844365983793345
957.4315,323.59318219548993,1880.4731859758897,p4,164,44,2019-02-28 16:35:27.533700,33.43226490115766,104.3588012580455,0.3765015660610973,19.925232923733706,7.98327567480821,9.902728046039181,5220.523925667316,31.84387451347167
960.716,322.93445274375375,1883.6717716314872,p4,141,41,2019-02-28 16:35:30.831300,33.5019466107951,104.14636100986057,0.3750951933370466,19.91738652888958,7.983347965315247,9.89734482513259,4925.469808386264,31.82323799658807
964.0005,321.98851517675143,1887.0630131037296,p4,145,42,2019-02-28 16:35:34.128600,35.62528707643496,103.84129614450234,0.3737441670529108,19.909126626295002,7.983252329801136,9.895373706452652,4630.634620661822,31.815767638589765
967.285,319.846390541775,1890.3348214288565,p4,182,42,2019-02-28 16:35:37.425700,30.56239971434433,103.15046094972244,0.3723818598700073,19.89764658432274,7.983091718839138,9.896935087237232,4335.771760523615,31.573783521907163
970.5695,318.93090677879366,1893.4633318921788,p4,185,46,2019-02-28 16:35:40.657000,23.955414594612325,102.85521743616094,0.3710342996526066,19.88584577835298,7.9830676848827435,9.895736379845133,4042.81837523141,31.196494742661795
973.8539999999999,319.67164419798934,1896.8154807145745,p4,140,42,2019-02-28 16:35:43.954500,29.378774172964807,103.09410525385157,0.3697118252544583,19.87668311629419,7.983220979686856,9.892076895219903,3751.419225714147,31.272086568040276
977.1385,319.4729495571724,1900.5084134231085,p4,149,42,2019-02-28 16:35:47.251600,34.87053857356908,103.03002623218809,0.3683827594821284,19.871921942793964,7.98333728068726,9.896915055826971,3457.4861864238333,31.34169449909583
980.423,318.36731995486525,1903.4793241669568,p4,120,41,2019-02-28 16:35:50.549100,29.003898045095077,102.67346068544406,0.3670337937335304,19.870735998440146,7.983335217902576,9.907683756576805,3160.645680974455,31.392214014626425
983.7075,320.3529162213112,1906.9530288464448,p4,104,39,2019-02-28 16:35:53.846400,31.66348959437438,103.31381548137287,0.3656762543541001,19.869654719346038,7.983298585129068,9.90733543822694,2864.8818589158805,31.394893897741305
