rnorm,vtheta
0.00219360498251601,0.666737300623779
0.00274129191814896,0.653056904176146
0.00328696610151223,0.640883596225027
0.00382560481848517,0.630875028448927
0.00436889012868469,0.621966341265961
0.00491820414227694,0.61386412311209
0.00546564348052179,0.607126021051609
0.00601164874769022,0.60099697630837
0.00655114662145828,0.595425635347428
0.00709319744836903,0.59025805834163
0.00764232490180769,0.585758938955723
0.00819034488563894,0.581778173394572
0.00873633032983141,0.577378176073084
0.00927678894784043,0.573907398883277
0.00981732411953351,0.570034352030897
0.0103668894089605,0.566986476358815
0.0109147577675334,0.564005536083974
0.011461054725013,0.561098505122102
0.012002477391525,0.558496960936003
0.0125416514948734,0.555915551716288
0.0130911367951113,0.553060642125414
0.0136393320704441,0.550517475734335
0.0141857959871305,0.548812962395628
0.0147280766343039,0.547121321896694
0.0152660992504476,0.544963322821768
0.0158154413137045,0.543382727616022
0.0163639599703339,0.54137087617154
0.0169105365299052,0.540405500612891
0.0174535147085376,0.538749150684661
0.0179907695626046,0.537048564007143
0.0185399762454226,0.535795851296974
0.0190883370971637,0.534594887070473
0.0196352264855459,0.533594362362027
0.0201788646002393,0.532065536013222
0.0207157958575114,0.530672743271537
0.0212641610432163,0.529527166228337
0.0218129590544166,0.52858433394587
0.0223599933407051,0.527542259883434
0.0229041656079223,0.526599617928239
0.023440778121184,0.52589555851273
0.0239887689374199,0.524724018777075
0.024537344435789,0.523954881117163
0.0250847582532612,0.522887723683055
0.0256294157324725,0.522067564418311
0.0261660782965497,0.521419977112397
0.0267130453257898,0.520493284100908
0.0272619849739955,0.5196563143737
0.0278093784080806,0.519009220467038
0.0283544507106111,0.518143315946816
0.0288914866702636,0.517557390720192
0.0294376190189939,0.51670642588156
0.0299865195350149,0.516196811394785
0.0305341291184202,0.515476931630927
0.0310795471010388,0.514787304823165
0.0316170925232193,0.514456445326455
0.0321620901884248,0.513655729807831
0.0327110368902051,0.513037361528887
0.0332587272910161,0.512528989232518
0.0338046534535343,0.511934734236695
0.0343427362181649,0.511607862875875
0.0348865075028195,0.511033483591437
0.0354356597530106,0.510418540204183
0.0359835216705822,0.509698367626684
0.0365294406368505,0.509309826510938
0.0370686326680049,0.508768856350213
0.037611141441334,0.508283475501691
0.0381601848364152,0.507798703450401
0.0387082460455023,0.50723922696911
0.0392544854910956,0.506838405819868
0.0397945073431409,0.506544486783815
0.0403355312284602,0.506417756765222
0.0408849184331493,0.505988693075999
0.04143288129272,0.505579864720877
0.0419793328507312,0.505279923256223
0.042520395917119,0.504756269851576
0.0430602866844583,0.50441050780108
0.0436094951055071,0.50404870629228
0.0441577087328814,0.503608545724062
0.0447041961137598,0.503188519532759
0.0452464166923587,0.502997049058962
0.0457848656584038,0.502599390424537
0.0463342134942453,0.502283191376265
0.0468823484769502,0.501802855750163
0.047429279485248,0.501570909778508
0.0479721379015794,0.501297292278756
0.0485096686988315,0.500801949608139
0.0490588230514475,0.500576556959838
0.0496062428876776,0.500269856115496
0.0501491987375322,0.500030479386371
0.050688525241477,0.499545334076227
0.0512221156775838,0.499428078640175
0.0517677966030706,0.499031575406965
0.0523128741352437,0.498766631647575
0.0528557846210396,0.498336091577209
0.0533945862261102,0.49788031066788
0.0539286880342296,0.497849779986552
0.0544745396835245,0.497326265596104
0.0550194608901751,0.49715370298475
0.0555624719972731,0.496828133083063
0.0561007163016789,0.496585195137153
0.0566352319839115,0.496268112421407
0.057181323464814,0.495846795191258
0.0577260495630251,0.495397523831507
0.0582691381143491,0.495083034826672
0.0588067750796032,0.494830504114161
0.0593419487692518,0.494667109693475
0.0598880403206314,0.494605152372494
0.0604327571246976,0.494239593593817
0.0609756506136855,0.493717605687869
0.0615128343002341,0.493272727441749
0.062048891783163,0.49326570519582
0.0625947035615154,0.493095829834256
0.0631395601686751,0.492848355552605
0.0636821499065569,0.492657541842229
0.0642189164141579,0.492130344652128
0.0647557403331783,0.492001653156285
0.0653015206403362,0.492013225931463
0.0658463017287689,0.491668578358228
0.0663887537474587,0.491412679159494
0.0669250278637501,0.491052089667
0.0674625378793375,0.490953910496115
0.0680084526192559,0.490629761971023
0.0685529357728404,0.490529493790621
0.069095493474216,0.490280812899588
0.0696310785338125,0.489723129403167
0.0701694465951783,0.490087841467994
0.070715325716798,0.489848390724356
0.0712595940081483,0.489610300541562
0.0718021921812911,0.488869485027
0.0723372295232587,0.488967206587244
0.0728764350396538,0.488779869078527
0.0734220655968079,0.488763658690181
0.0739664411700149,0.488674789173987
0.0745088149927278,0.488414892114891
0.0750434608875977,0.48805792404108
0.0755833964709231,0.487971578376467
0.0761288474583548,0.487753773853946
0.0766733275686966,0.48756751084108
0.0772153821276304,0.487338407921599
0.0777497686843671,0.487017442583559
0.0782902854516905,0.486913441115969
0.0788358045924229,0.486754137880729
0.079380126812395,0.486469163531854
0.079922033602377,0.486433894994027
0.0804561243194278,0.486256301046654
0.0809971801930301,0.486024169442649
0.0815427627490975,0.485837259237193
0.0820868960081764,0.485658506774294
0.0826286740509604,0.485407906270005
0.0831624871826144,0.485472839251484
0.0837041831009472,0.485132910186614
0.0842497573832744,0.485007801187862
0.0847936158583928,0.484798268841516
0.0853353768708269,0.484674774444081
0.0858688416110429,0.484456809896809
0.0864112662773691,0.484243380637527
0.0869566539112295,0.484212310055285
0.0875004942116345,0.484139899609151
0.0880420622789259,0.484059687066949
0.0885752245039741,0.483900096109513
0.089118414848428,0.483742433045831
0.08966351273497,0.483523774505336
0.0902073935336622,0.483196400407183
0.0907487880340677,0.482986079760557
0.091281672343959,0.483038279296343
0.0918254086960666,0.483048881683883
0.092370528359423,0.482782365552515
0.0929142728262678,0.482695026156636
0.0934554659123801,0.482449300359491
0.0939882763668523,0.482134844733666
0.0945323459034928,0.482013277295622
0.0950776271131737,0.48184109199212
0.0956211667505875,0.481876359740583
0.0961620199333036,0.481419729454124
0.0966949190855448,0.481404005186056
0.0972394139308975,0.481321795957356
0.0977847096142866,0.481193250289332
0.0983281057187447,0.480993884156406
0.098868594950063,0.480826179402704
0.0994015768002484,0.480750342165564
0.0999465593678687,0.480550895051207
0.100491736996895,0.480398482326888
0.101035104233569,0.480157453845487
0.101575224292485,0.48008862847091
0.102108265135796,0.479896976204044
0.102653667069821,0.479865107291465
0.103198761155721,0.479662096646482
0.103742021461125,0.479647684310854
0.10428189543537,0.479653258401474
0.104815092959791,0.479467345031532
0.105360728574139,0.479461296509282
0.105905807606858,0.479284777130836
0.106448953568429,0.4791697018182
0.106988548203285,0.478722708788435
0.107522056168602,0.478714224392515
0.108067715790242,0.478607624507076
0.108612977909558,0.478506593156441
0.109155910704662,0.478561110907923
0.10969515686792,0.478214406312114
0.110228996199153,0.478289434332636
0.110774846673087,0.478013743309359
0.111320006850301,0.47792918368067
0.111863052354024,0.477726742980836
0.112401717043826,0.477532440380585
0.112935920534132,0.477299983450464
0.113482086784865,0.477279095097822
0.114027043096932,0.477334789813187
0.114570151377054,0.477165654554314
0.115108224896155,0.476797708877445
0.115642965815071,0.476890341874247
0.116189333372075,0.47665891958474
0.116734124804715,0.476698377987677
0.117277160693966,0.476378343564333
0.117814692674954,0.476155315188494
0.118350293854228,0.476138335021425
0.118896482274145,0.476108498364449
0.119441300234057,0.476055709459258
0.119984125756816,0.475879952813708
0.120521219720264,0.475586330280375
0.121057598151657,0.475578241754114
0.121603649645646,0.475488955020193
0.122148447644561,0.475512471168677
0.122691185335099,0.475429471893986
0.12322778251601,0.475171653411547
0.123764851519082,0.475022391148967
0.124310893736503,0.474877312941469
0.124855530676721,0.47474183682144
0.125398372446749,0.47462850497851
0.125934335404897,0.474485398306852
0.126472079937165,0.474446301751333
0.127018193240234,0.474244702880074
0.127562621767187,0.474093663543411
0.12810549762662,0.474151127861319
0.128640937693737,0.473844027687497
0.129179381935194,0.474020724984166
0.12972542784861,0.473744112638813
0.130269847296719,0.473653963296633
0.130812509285863,0.473392316164664
0.131347601482172,0.47324195044519
0.1318868577988,0.473265133493626
0.132432567006959,0.473132883214472
0.132977222439658,0.473308242151018
0.133519447000719,0.473054312833718
0.134054298873157,0.472866444534997
0.134594234273521,0.472773904379634
0.135139883718238,0.472726727358075
0.135684421470649,0.472719468927994
0.136226617112936,0.472531099342228
0.1367610073256,0.472465971056407
0.137301567593037,0.472226907084991
0.137847269379732,0.472255982029736
0.138391513184799,0.472043660711615
0.138933834404688,0.471866688262985
0.139467756962684,0.471930641811828
0.140008970124414,0.472081187952953
0.140554631208062,0.471647876573377
0.141098729949852,0.471566855543306
0.141640890312952,0.471553853614802
0.142174583180489,0.471365442616953
0.142716450979603,0.471333158398049
0.143261889358301,0.471259461406474
0.143806077860323,0.47121467809776
0.144347908596494,0.470882542611086
0.144881472896912,0.470807516975806
0.145423926954593,0.470804266054725
0.145969183830219,0.470822320250901
0.146513443749451,0.470778180747664
0.147054966274594,0.470680682426571
0.147588336102285,0.47053717598545
0.148131341666679,0.470421238090338
0.148676632331122,0.470144731483909
0.149220724332484,0.470011676071376
0.149762121268238,0.469962288344549
0.150295274665005,0.469953090629923
0.150838676271799,0.46976774444525
0.151384191086408,0.469674120954073
0.151927942938975,0.469448542567857
0.152469262264494,0.469413699250093
0.153002192799734,0.469205493557401
0.153546208033939,0.46922339911286
0.154091651817809,0.469196334740712
0.154635236331656,0.468946492145996
0.155176384843643,0.468897238062216
0.155709211778978,0.469073081364553
0.156253757219106,0.468944786651985
0.156798977836675,0.468658696638351
0.157342724400347,0.468548882408678
0.157883431488129,0.468339363646729
0.158416332276411,0.468348989201435
0.158961262886143,0.468376060702632
0.159506328386093,0.468248653587649
0.160050145639944,0.468035139597247
0.16059053783609,0.467960601465416
0.16112353469844,0.467783058123237
0.161668634720474,0.467849903928778
0.162213931449287,0.467816142541844
0.16275748077153,0.467675093224989
0.163297556499672,0.467592795116526
0.163830836493831,0.467404443018957
0.164376082099851,0.467379912213942
0.164921491614894,0.46722545060632
0.165464828500814,0.467120316278323
0.16600467061935,0.466997043376892
0.166538013792159,0.466978728347276
0.167083699916776,0.466768893630259
0.167628973326913,0.466809748040924
0.168172280983349,0.466668555643214
0.168711769499874,0.466429217775291
0.16924521184567,0.466329413517469
0.169791350585183,0.466251134125575
0.170336450851399,0.466269497360955
0.170879701072965,0.466070089713684
0.171418797510576,0.466015469848709
0.171952629668033,0.46602304251218
0.172498923625244,0.465702191597465
0.173043950882929,0.465812164005644
0.173587103769716,0.465641869713315
0.17412580928378,0.465473142497269
0.174660244263938,0.465549840592764
0.175206398776235,0.465463296308001
0.175751553202862,0.465315242111105
0.176294552105729,0.465277199645768
0.176832849544417,0.46514143581192
0.177367756634376,0.465032319369699
0.17791394260833,0.465020909908568
0.178459107793774,0.464881048918569
0.179002113797542,0.464667647187417
0.17953987873739,0.464491968019998
0.180075216916191,0.464484513894648
0.180621635181918,0.464528450067646
0.181166620384985,0.464407459755666
0.181709651052207,0.464174025424683
0.182246818538197,0.463987714984802
0.18278289822126,0.463962958204269
0.183329299287612,0.463901060775082
0.18387417572187,0.463960879790058
0.184417049149089,0.463926279607199
0.184953839452682,0.463672407580996
0.185490712794986,0.46383275518613
0.186036889357649,0.463603738858886
0.186581749830656,0.463409839052997
0.187124513543047,0.463288186668833
0.187660882366873,0.463206026115587
0.188198521959133,0.463150289280122
0.188744528548139,0.463073315975095
0.189289342262071,0.462755348603373
0.18983204055048,0.462742676637602
0.190367924864507,0.462577918427239
0.190906266949585,0.462388637945382
0.191452197837628,0.462329916325406
0.191996897455506,0.462353045275162
0.192539723787112,0.462465775867983
0.193074987994056,0.462191724501812
0.193613919001333,0.462231746831387
0.194159954224095,0.462043889977781
0.194704480700676,0.461822491910754
0.195247272731711,0.461930429278072
0.195782110530307,0.461597934481685
0.196321685697311,0.461559873626269
0.196867650637155,0.461795653134346
0.19741221849795,0.461606751507107
0.197954710329333,0.461457888910709
0.198489295174119,0.461182489306773
0.199029562182592,0.461288468262889
0.199575340866606,0.461162177465466
0.200119947927122,0.461017570423289
0.200662125934332,0.460960659684204
0.201196590668114,0.460867600325634
0.201737338654423,0.46063046695689
0.202283129983043,0.460546275039099
0.202827557623835,0.460573157513017
0.203369667102252,0.460653969257665
0.203903900023322,0.460494832613458
0.204445126932949,0.460400159630533
0.204990932820535,0.460339049966843
0.205535135875968,0.460214126505552
0.206077327596529,0.460011342120579
0.206611139603126,0.45978803615402
0.207152989734251,0.459987464111266
0.207698684559082,0.459896315395686
0.208242814005395,0.459607958560055
0.208784888051439,0.459639345703868
0.209318463861703,0.459541727653359
0.209860869240154,0.459552587860918
0.210406447775257,0.459349496379356
0.210950611143219,0.459220294654842
0.211492390774912,0.459151463637774
0.212025785567514,0.458963633752091
0.212568806504935,0.459077036967203
0.213114193809012,0.458782049477215
0.213658471318782,0.458847612456241
0.214199958690901,0.458743138161448
0.214733053622429,0.458595841326607
0.215276660764486,0.458710105999636
0.215822132542654,0.458327967126423
0.216366192641545,0.458229737828845
0.216907532522319,0.458179892441319
0.217440498904635,0.458063608549914
0.217984515798721,0.458189919511253
0.218530080650845,0.458168140499308
0.219073883461695,0.457986966446672
0.219615065223243,0.457969338452213
0.220147995334339,0.457775713012397
0.220692483422054,0.457653642480567
0.22123791745971,0.457625482467985
0.221781666674603,0.45747872203271
0.222322571006083,0.457285271432677
0.222855584091997,0.457425375717834
0.223400441649283,0.457237757245084
0.223945700437868,0.457331440768033
0.224489497775972,0.457144849099336
0.22503010557042,0.456934350318681
0.225563215200587,0.456804962174526
0.226108355836514,0.456788980563808
0.226653542538851,0.456782420860573
0.227197355135239,0.456748859049159
0.227737681053589,0.456688656520108
0.228270832790074,0.456501385244539
0.228816237740095,0.456537114906169
0.229361514120861,0.4564451784469
0.229905184881524,0.4562074956771
0.230445245266828,0.456168466946264
0.230978502996468,0.45597165807555
0.231524128862703,0.455965876670132
0.232069546560926,0.455740906030067
0.232612928948096,0.455956913945978
0.233152861800647,0.455798559930047
0.233686151214352,0.455688694709001
0.234232141411031,0.455620903626875
0.234777505130252,0.455550478860182
0.235320818453405,0.455493429666471
0.235860351310229,0.455263716509252
0.236393941401036,0.455287351179841
0.236940185430663,0.455163697442097
0.237485376957242,0.455079925941526
0.238028732004919,0.45497658587684
0.238567829619576,0.4547706131113
0.23910184901002,0.454679581641756
0.239648140679225,0.454430862034394
0.240193353411052,0.454548606161895
0.240736633321611,0.454539584952891
0.241275306160312,0.454311964413356
0.241809814857616,0.454430164222908
0.24235608228654,0.454107104499449
0.242901367068645,0.454096192966085
0.243444528537697,0.454011111813961
0.243982805604902,0.453982929710966
0.244517724676334,0.453891008416287
0.245064090101445,0.453745305052726
0.245609357303608,0.453604934716251
0.246152456642772,0.453648809080427
0.246690289493846,0.453492707227746
0.247225736619737,0.45339594401931
0.247772156689745,0.453300176620526
0.248317344717854,0.453232791457595
0.248860377519108,0.453204720241626
0.24939772131197,0.453145542241454
0.24993384985245,0.453140399241624
0.250480284346754,0.452857680856823
0.251025266025947,0.452686802830173
0.251568315662135,0.452780868160881
0.252105179598162,0.452802603592013
0.252642046137298,0.452610619873173
0.253188388551648,0.452648404048423
0.253733193475887,0.452665329330201
0.254276317035538,0.45260191219487
0.254812709745696,0.452313049487718
0.255350226679578,0.452209453692393
0.255896392426186,0.452157913917693
0.25644124269323,0.452025421301902
0.256984298454164,0.452064491767443
0.25752026221196,0.451862475907049
0.258058349585066,0.451949966799873
0.258604503633538,0.451684150956653
0.259149311761482,0.451699421717757
0.259692228610415,0.451458074147306
0.260227864706845,0.451524040571551
0.260766466208658,0.451311443148139
0.261312669633282,0.451301519333017
0.261857396639609,0.451228469420476
0.262400118982356,0.451282418627305
0.262935419519322,0.451070482379923
0.263474708872745,0.451113344215385
0.264020834092898,0.45086123583188
0.264565479558953,0.450761003168662
0.265107998288854,0.450956048877915
0.265643086019899,0.45065741891364
0.266182936141576,0.450632073091171
0.266729000752365,0.450490742471771
0.267273578163558,0.450310365546301
0.267815980367389,0.450221837468282
0.268350726825315,0.450118993924474
0.268891197523038,0.450212011371743
0.269437142052901,0.450170108711275
0.269981653920924,0.449936355682618
0.270524046839734,0.449885276618205
0.2710584132868,0.449672084852412
0.271599437884016,0.449975640073868
0.27214526979255,0.449888332249833
0.272689776313443,0.449814301630596
0.273232109933795,0.449508173870716
0.273766115541604,0.449270729422733
0.274307639972486,0.449343555909443
0.274853492855139,0.449230340651985
0.275397936753798,0.449175279666849
0.275940039130513,0.449078911896712
0.276473889303423,0.448932052317943
0.27701594581426,0.449057147876562
0.277561728129377,0.448859257592725
0.278106088556967,0.448744684984782
0.278647975397506,0.448659678378308
0.279181663976133,0.448447999003375
0.279724308985471,0.448619887824399
0.28026996649935,0.448366075901825
0.280814214750356,0.448390684087682
0.281355992547204,0.448333561313356
0.281889443183848,0.448285278277395
0.282432625949938,0.448286616865168
0.282978253381158,0.448123431944371
0.283522335028716,0.447967986763672
0.284064102873949,0.447860758308428
0.284597187689805,0.447896882825323
0.285140966309348,0.447809428944846
0.285686543233272,0.447710386204125
0.286230462654185,0.447753070709063
0.286772181162616,0.447548895080757
0.287305118112905,0.44742759248281
0.287849223674115,0.447385668633843
0.288394798085848,0.447225670938075
0.288938721499704,0.447070815636179
0.289480138421418,0.446928251039172
0.290013116390569,0.446907438200874
0.290557505734714,0.447013794483261
0.291103075584281,0.447080474985254
0.291647065637334,0.446979900166858
0.292188063233779,0.44694933658431
0.292721092082484,0.446701681629935
0.293265833702566,0.446755498750042
0.293811448761122,0.446509809122289
0.294355299707689,0.446355278760995
0.294896057840127,0.446109732310074
0.295429119912356,0.446180933307563
0.295974171110032,0.446332039753386
0.296519820263869,0.446221823368091
0.297063463846616,0.446041452477678
0.29760414746516,0.446011836494085
0.298137141427767,0.44592118142807
0.298682577136927,0.445903206962459
0.299228152031848,0.445993149570258
0.299771679480402,0.445798870929086
0.300312155056659,0.445538714516426
0.30084527322621,0.445368893884098
0.301390970204638,0.445501738991005
0.301936428275638,0.445400880229407
0.302479997151627,0.445384320635436
0.303020199356912,0.445226865422995
0.303553410739641,0.445110075190163
0.304099360526925,0.445026288654447
0.304644732298234,0.445057298773479
0.305188424048214,0.445033824626121
0.30572809696333,0.444806624939699
0.306261617228332,0.444988409528162
0.3068077527808,0.444926422891373
0.307353119413047,0.444629002089557
0.307896742549221,0.444468396995462
0.308436123075363,0.44435296469929
0.308969821688959,0.444345803646612
0.309516118031907,0.444264787698094
0.310061618700928,0.44430496845881
0.310604995211721,0.444193833273178
0.311144130453329,0.444020808415803
0.311678138418019,0.443960110947763
0.312224543167665,0.443779277036526
0.312770018512347,0.443843438201276
0.313313320916342,0.44375837035111
0.313852099404604,0.44368903816688
0.314386566103381,0.443625661926677
0.314932946062835,0.443755017639556
0.315478372655047,0.443523525156534
0.31602164270846,0.44337317258741
0.31656012322257,0.443195399492958
0.317094994001456,0.443262739891121
0.317641393189221,0.443164294866054
0.318186714831485,0.44304933401629
0.318730059166563,0.442947886602185
0.319268049550521,0.442997992170944
0.319803476795515,0.442972087087811
0.320349828764358,0.442893978449315
0.320895135279417,0.442805504285719
0.321438469988686,0.442677218919896
0.321975944799269,0.442514445686668
0.32251198007714,0.442637198172032
0.323058350048109,0.442746633323649
0.323603605286826,0.442638253997665
0.324146801721726,0.442414422681917
0.32468391251856,0.442100864711717
0.325220488152755,0.442204710409925
0.325766904402758,0.442158725083157
0.326312118614935,0.441954984037308
0.326855119362248,0.44204493194654
0.327391870789539,0.441894876756627
0.327929086980119,0.442001865814058
0.328475473459627,0.441737100946201
0.32902051280593,0.441769405348265
0.329563527831153,0.441654243050856
0.330099899579102,0.44164279592896
0.330637642745507,0.441500728969656
0.331184058055518,0.441496710415108
0.331728941996486,0.44146759687779
0.332271914503708,0.441107758997017
0.332807972836795,0.441144288917436
0.333346261620218,0.441145342506041
0.333892552065359,0.44110274117461
0.33443741622267,0.440962122863606
0.334980299647922,0.440916976016706
0.335516072046985,0.440855015547457
0.336054858118621,0.440933531237158
0.336601104758971,0.44073266014364
0.337145932861961,0.440566382524049
0.337688690956013,0.440513002706856
0.338224156871385,0.440378378824454
0.33876351108313,0.440283838095351
0.33930967425163,0.440320888729328
0.339854513922084,0.440344212991601
0.340397022859149,0.440109834964089
0.340932270333092,0.439905705899716
0.341472190725882,0.439919729125324
0.342018289771266,0.440022806170192
0.342563014402416,0.439918687272315
0.343105516534539,0.439846848313979
0.343640292910639,0.439595264835057
0.344180908959864,0.439582324425491
0.344726978886556,0.439580985138206
0.345271465687958,0.439347016022744
0.345814032186975,0.439329049589412
0.346348386426414,0.439115059596284
0.346889664287174,0.43934783171525
0.347435510637847,0.439291032695406
0.347980050031727,0.439231307624133
0.348522504998051,0.439144263527627
0.349056552369826,0.43894355767765
0.349598344035578,0.438619007893283
0.350144136113322,0.4384966352048
0.35068867204594,0.4386400684825
0.351230884699373,0.438500929515507
0.351764821054179,0.438597205114459
0.352306995310112,0.438531179326828
0.352852821879241,0.438573524114405
0.353397273274154,0.438454274195117
0.353939272710665,0.438349824190789
0.354473084430198,0.438159996219487
0.355015721155801,0.438204535781615
0.355561494967062,0.438122483861149
0.356105870216233,0.438056567861001
0.356647773180276,0.437953085730624
0.357181341576252,0.437732441358467
0.357724404549477,0.437752585067197
0.358270248733873,0.437703383431338
0.358814433697311,0.437522613249884
0.359356318331776,0.437482315362299
0.359889580460854,0.437363412988116
0.360433188330776,0.437160718560253
0.36097891353256,0.437185461191701
0.361523040607997,0.437208101171527
0.362064875424101,0.437229251505453
0.362597887048606,0.437179996737276
0.363141931754896,0.437022164798975
0.363687572684009,0.436788131115575
0.364231782714634,0.436759045936161
0.364773293960584,0.43671569886601
0.365306280045407,0.436707471232908
0.365850615632689,0.436691549091435
0.366396339435362,0.436749440013241
0.366940503575262,0.436558923463179
0.367481684394443,0.436487287374293
0.368014716987134,0.436455827402212
0.368559361033882,0.436285738033641
0.369105142761605,0.436036269497899
0.369649151523811,0.436041900521207
0.370190101814264,0.435832062920042
0.370723189646272,0.435840912022603
0.37126810692166,0.435766445358363
0.371813942037931,0.435665992229249
0.372357790310964,0.43567152228486
0.372898677038485,0.435491579902838
0.373431598101896,0.435515601559376
0.373976909426638,0.435609084363746
0.374522698218711,0.435606335422084
0.3750664493699,0.435395840545823
0.375607198238299,0.435304993933855
0.376140127784436,0.435119660063199
0.376685735504796,0.435187345618559
0.377231417697592,0.434966479821941
0.377775179561015,0.43516310570651
0.378315670165645,0.43495089574779
0.378848775722276,0.434988555956612
0.37939447768202,0.434798602420726
0.37994017366053,0.434741435920714
0.380483967350242,0.434585306745635
0.381024109425357,0.434407898567228
0.381557393846548,0.434464461871019
0.382103280013421,0.434579171587451
0.38264901213547,0.434424047149218
0.383192710642814,0.434476350891473
0.383732598033525,0.434386195733529
0.38426601098285,0.434275033701201
0.384812125863633,0.434269757287565
0.385357836434027,0.433957843552505
0.385901398499499,0.433747803142037
0.386441116391982,0.433833067079448
0.386974663154578,0.43385569694427
0.387521021857269,0.433713491812375
0.38806664149648,0.434003519343007
0.388610158402502,0.43377943635729
0.389149550071342,0.433562461721663
0.389683402547735,0.433406903676712
0.390229909520339,0.433203090454221
0.390775384473964,0.433257556650282
0.391318949345968,0.433299841849417
0.3918580202644,0.433178117832895
0.392392228042965,0.433065343928147
0.392938754300056,0.43319696506687
0.393484161762816,0.433160500725417
0.394027796333161,0.433033520213071
0.394566451870432,0.432937295103999
0.395101093057275,0.432809669627669
0.395647586781001,0.432788230382684
0.396192983214314,0.432684035663765
0.396736650576428,0.432418304901546
0.397274957391021,0.43231675407287
0.397809880147138,0.432314211878129
0.398356484042071,0.432271523053168
0.398901896816346,0.432268823406227
0.399445410274563,0.432123113453455
0.399983387545925,0.432264747622517
0.400518807751534,0.4321167049072
0.401065454526991,0.431879750454176
0.4016107674068,0.431915542536014
0.402154139383992,0.431984593125239
0.402691833036626,0.431671578066948
0.403227819738664,0.431645046102132
0.403774432622417,0.431697426845471
0.404319578577775,0.431340333326454
0.404862895859105,0.431401994814394
0.405400293375334,0.431270009201286
0.405936856683574,0.431331029695418
0.406483393770981,0.431498435257891
0.407028437721102,0.431125537411754
0.407571740233624,0.431331585682614
0.408108730511638,0.431093785769987
0.4086458792035,0.431042236398208
0.409192301375052,0.431006183215403
0.409737401229164,0.430989168910826
0.410280590197662,0.430649091711169
0.410817204614208,0.430684493970666
0.411354838091027,0.430632193098663
0.411901265111664,0.430681972908178
0.412446395877281,0.43054770778154
0.412989384449929,0.430288741784517
0.413525720109449,0.430004065470632
0.414063857977645,0.430069711645855
0.414610263184529,0.430266929125425
0.415155389622649,0.43025656137268
0.415698205952366,0.430184331679939
0.41623421580513,0.42986386867554
0.416772948347395,0.429934766593225
0.417319314877626,0.429906529384895
0.417864261912706,0.429760696190089
0.41840706153204,0.429558964877032
0.418942766188469,0.429516233644404
0.419482079228464,0.4295753911545
0.42002831524547,0.429584615084318
0.420573169625228,0.429515753235153
0.421115948541348,0.429598035730451
0.421651341712406,0.429143539183759
0.422191196697775,0.429153589903965
0.422737306830145,0.429127244159567
0.423282106922031,0.428987300356835
0.423824862206052,0.42900728752073
0.424359904440194,0.428826407424688
0.424900263847613,0.428795133656525
0.425446403990934,0.428805188665933
0.425991104563231,0.428769945434576
0.42653370969273,0.428772162742363
0.427068508310427,0.428553981929067
0.427609341802281,0.428683269001093
0.428155507568214,0.428402639989383
0.428700145610301,0.428391275480162
0.429242569074254,0.428286508825745
0.429777130405391,0.428015944548268
0.430318439244003,0.428330547911758
0.430864623630527,0.427959831614189
0.431409141310333,0.427996981969662
0.431951541233845,0.427867629430139
0.432485742624711,0.427790210245663
0.433027563062372,0.427711865201881
0.433573717503337,0.427673192473106
0.434118159302812,0.427710066726281
0.43466046241258,0.427436440558284
0.435194462780569,0.427332027067844
0.435736705635113,0.427590313672465
0.436282743452359,0.427323927503209
0.436827226122016,0.427233048210763
0.437369383428347,0.42734122751485
0.437903210385679,0.427220103182108
0.438445800612945,0.427229568145454
0.438991836801865,0.42719013469649
0.439536301068437,0.426878669984632
0.440078322848797,0.426734356250616
0.440611923933734,0.426910077429172
0.441154927075355,0.426713095991611
0.441700965954384,0.426623453966847
0.442245411950007,0.426614924081757
0.442787250511117,0.426538703843649
0.443320646829497,0.42635950622205
0.443864115778497,0.426494330107999
0.44441013999525,0.426407437247149
0.444954449796957,0.426293808476136
0.445496265119958,0.42605809276305
0.446029360798428,0.425963729067395
0.446573262470794,0.425915561791488
0.447119384445033,0.42598795363259
0.447663478153635,0.42576107520544
0.448205263755717,0.425710764522093
0.448738152942601,0.425595355154465
0.449282462406536,0.42597020748604
0.449828518062621,0.425822503513787
0.45037260861818,0.425787054005668
0.450914147302604,0.425356823005649
0.451447120929556,0.42526781367038
0.451991607980138,0.425290233271102
0.45253768040229,0.425118039018874
0.45308175944105,0.425241673297558
0.45362299992931,0.424944695989451
0.454156123732324,0.424832983082102
0.454700749530946,0.425076712204938
0.455246870508217,0.424990479068
0.45579091646278,0.424859483326692
0.456331920105513,0.42467666716872
0.456865055272729,0.424695609995716
0.457409951960647,0.424720703818811
0.457956059543807,0.424561697262155
0.458500049041844,0.424649460342003
0.45904097220918,0.424305283843604
0.45957394989571,0.424271818218604
0.460119171296062,0.42438163421642
0.460665254002866,0.424341589980332
0.461209203016197,0.424133788929626
0.46174999838132,0.424036255748165
0.462282835303687,0.424024690719669
0.462828522664631,0.423719439485511
0.463374365653626,0.423737704429724
0.463918387421296,0.423703705603561
0.464458945194578,0.42374755891105
0.464991911204541,0.423662970282198
0.465537793339132,0.423592772169995
0.466083490582913,0.423547794961546
0.466627639331537,0.423453717731987
0.46716783611707,0.423284144803472
0.467701042015236,0.423347750789285
0.468247023248768,0.423399251786712
0.468792721297257,0.423193894546355
0.46933688245828,0.423111645703518
0.469876721706215,0.422913391350169
0.470410170023255,0.422906214557523
0.470956278608179,0.422911615217165
0.47150202535748,0.422869742164806
0.472045991321132,0.422751775188742
0.472585763382308,0.422695857649916
0.473119256955405,0.422768995324234
0.473665572196736,0.422651286528777
0.474211294691199,0.422632232223491
0.474755111932668,0.422389425184673
0.475294797690725,0.422116184800549
0.475828410197036,0.422128871953849
0.476374889389532,0.422130839284157
0.476920501859218,0.422182902165633
0.477464294951034,0.422098598390623
0.478003804046136,0.421910143673883
0.478537671935367,0.421895952016863
0.479084185157419,0.421917456667928
0.479629724806033,0.421823217180004
0.480173527583146,0.421606804982637
0.480712701253849,0.421663579133169
0.481247028211939,0.421613047597843
0.481793461142664,0.421518848873404
0.482339000997681,0.421319305250664
0.482882831498589,0.421266617417223
0.483421626916479,0.421148848893333
0.483956241352937,0.421095091652197
0.484502817351261,0.421341392788706
0.485048377260113,0.42120565276783
0.485592008050266,0.421211611302153
0.48613057707312,0.421088632760251
0.486665539985285,0.420936251979965
0.48721223899279,0.421033951045925
0.487757712039619,0.420928114314232
0.48830112314145,0.420599905587511
0.488839536404805,0.42056586989993
0.489374923826333,0.420639464351116
0.489921658134301,0.420592938108217
0.490466963803913,0.420371613973171
0.491010359498462,0.420495855264506
0.491548476834039,0.420438746587599
0.492084333253028,0.42033050695923
0.492631055434804,0.420228606524538
0.493176240484683,0.420025040669736
0.493719700055643,0.419987730867047
0.49425736935224,0.419970026825162
0.494793807368666,0.420191964208025
0.49534039833216,0.419797694026908
0.495885578289439,0.419674425393444
0.496429048460273,0.41967834028901
0.496966264357019,0.41943780570599
0.497503247648811,0.419705824617234
0.498049790844244,0.419452375714113
0.498595022316443,0.419519411128137
0.499138254000376,0.419655142218465
0.499675178971678,0.419406241948348
0.500212752270183,0.41918844525621
0.500759246171523,0.419047889283572
0.50130445247621,0.419197843286237
0.501847465390224,0.418982235618485
0.502384130573384,0.418697084394084
0.502922281622387,0.418921577814621
0.503468729521382,0.418919101406567
0.504013787871876,0.418886394336763
0.504556761180378,0.418756344567346
0.505093106301132,0.41860733819559
0.505631792583364,0.418677647228693
0.506178165788634,0.418527989282856
0.506723144597611,0.41861095574302
0.507266125434389,0.418334470526127
0.507802120331501,0.418227214690384
0.508341266696271,0.418326079833977
0.508887584728335,0.418037979296458
0.50943256834868,0.418233991685426
0.509975477423389,0.418343595299042
0.510511197440541,0.418066136789245
0.511050661723111,0.418048158208803
0.511597062648385,0.417967385559741
0.512142051964175,0.417785870495003
0.512684765780063,0.417916433638067
0.513220282558708,0.417610659795514
0.513760143548376,0.417789745829328
0.514306590329957,0.417466557528643
0.5148515316799,0.417470167034571
0.515394055574383,0.417438561677713
0.515929353259578,0.417268625052955
0.516469632064469,0.417243396536046
0.517016184078065,0.417239576262008
0.517560903490491,0.417220667281375
0.5181034513754,0.41720108944705
0.518638453353909,0.416830685314752
0.519179184619481,0.416984987839434
0.519725678157842,0.416906361425167
0.520270313187401,0.416731593839005
0.520812902770563,0.416857088197861
0.521347519694726,0.416608665154169
0.521888741605566,0.416764927260261
0.522435157583884,0.416599485651771
0.522979793989397,0.416414603282257
0.523522305063429,0.416336388215017
0.524056654771222,0.416225293501063
0.524598231378325,0.416310844258122
0.525144682908789,0.416268693013473
0.525689342460044,0.416144250841614
0.526231652709111,0.416176756300221
0.526765786672953,0.415925317892115
0.527307772928751,0.416019299123976
0.527854234840028,0.415930545606732
0.528398906572237,0.415816937802748
0.528941015969041,0.415753734049419
0.529474958222789,0.415722476102066
0.530017356248425,0.415750495908793
0.530563797646043,0.415761505481671
0.531108356840248,0.415692937791983
0.531650510645439,0.41554246889869
0.532184149569925,0.415447716864283
0.532726958755098,0.415279797669869
0.533273327388195,0.415329246203556
0.533817843307483,0.415181038090358
0.534359950820054,0.41529848507788
0.534893452217053,0.414796650232501
0.535436523067501,0.414868460339751
0.535982809174439,0.414984969506053
0.536527426581939,0.414892681437926
0.537069292263429,0.41484551521913
0.537602820389796,0.414734036110392
0.538146078652719,0.414562863448876
0.538692379590579,0.414372955588639
0.539236996243627,0.414423165195762
0.539778668810474,0.414379319543198
0.540312084465343,0.414353378867286
0.540855701979532,0.414173896866546
0.541402017199412,0.414263796206125
0.541946556797656,0.414191565049553
0.542488108440027,0.414044461891482
0.543021324787991,0.414002496085616
0.543565332309424,0.414135614014289
0.544111636814801,0.414074033846744
0.544656096531895,0.414004397509288
0.545197641528126,0.41380490764195
0.545730566277198,0.413729962809159
0.54627498977874,0.413821686731231
0.546821226696898,0.413669538790744
0.547365656357019,0.413608631625981
0.54790708418618,0.413342828055134
0.54843997981544,0.413417765004162
0.548984662495836,0.413447944629799
0.549530781519249,0.413535203514772
0.550075252162114,0.413365810134354
0.550616461302745,0.413311335020491
0.551149505444902,0.413012168948727
0.551694262693926,0.412934064334474
0.552240402228413,0.412929860362259
0.552784847928484,0.413027031815518
0.553325853560342,0.412940383333981
0.553858957037314,0.412949072479012
0.55440396614002,0.412693683619779
0.554950034232281,0.412500097584274
0.555494412434594,0.412558911713056
0.556035354033926,0.412578779565913
0.55656833757879,0.412394489259476
0.557113703640243,0.412382853302789
0.557659694970503,0.412252012288095
0.558203915376871,0.412315665265166
0.558744950165052,0.412061747469537
0.559277710342992,0.412092628889897
0.559823440651307,0.412039989020859
0.560369345973109,0.411991235817788
0.560913503934808,0.411998106027809
0.561454388899698,0.411776625638998
0.561987267914193,0.411820487787008
0.562533149063836,0.411829420161028
0.563078992920778,0.412022332066569
0.563623175083232,0.411643442935341
0.564163755055871,0.411654912667974
0.564696903359347,0.411437801103644
0.565242798793481,0.411549966122854
0.565788669330705,0.41167171537846
0.56633290364307,0.411598343361549
0.566873093823278,0.411393079003508
0.567406508992994,0.411171921399562
0.567952526292007,0.411201913723313
0.568498411144777,0.411184392255975
0.569042476770899,0.411201652552962
0.569582616530128,0.411143979571333
0.570116062076132,0.410802382626599
0.570662288339248,0.410846531576445
0.571208120880573,0.410915844884687
0.571752037095976,0.410731788386167
0.572292144571883,0.41070751368486
0.572825676355686,0.410467663641104
0.573372068698339,0.410596683828145
0.573917786838531,0.410613933499034
0.574461709061112,0.410365648464445
0.575001551321701,0.410345081549496
0.57553537673671,0.410324387413053
0.576081879671043,0.410366167653006
0.57662747740776,0.41017844391904
0.577171381944833,0.410227090602766
0.577710944881242,0.409985041769908
0.578245118177741,0.409972122285331
0.578791647513312,0.409902940653857
0.579337247857815,0.40971678104963
0.579881109536757,0.409803044713978
0.580420317943111,0.409551340914537
0.58095480316716,0.409656203865389
0.581501440496445,0.409546984635968
0.582047090545353,0.409614695387943
0.582590748635071,0.409318633747757
0.583129778342773,0.409207927802786
0.583664508696294,0.409406266998374
0.584211304856788,0.409337915333662
0.584756874866957,0.40920337363975
0.58530036512573,0.409210132448282
0.585839224460643,0.409184341543596
0.586374315580096,0.408947838135922
0.586921125567015,0.408881266730243
0.587466590262373,0.408930285848288
0.588010082681028,0.408891732071105
0.588548649993557,0.408698123666141
0.589084166161263,0.408727010761449
0.589630936444226,0.408595393912224
0.590176328777666,0.408596841990127
0.59071985848477,0.40854616901735
0.591258023789589,0.408337095874057
0.591794066933289,0.408519929443361
0.592340756532705,0.408398064616253
0.592886115009798,0.408277327056763
0.593429637180954,0.408241105852531
0.593967435157972,0.408005990092803
0.594503863418217,0.408061830157613
0.595050657887497,0.408115073386588
0.595595916772242,0.407748770267592
0.596139395825284,0.407945444681031
0.596676864357614,0.407735747497525
0.597213687448593,0.407700502573517
0.59776060168989,0.407695476102941
0.59830577874173,0.407638275821946
0.59884908545784,0.407510598585474
0.599386333356953,0.407531095867539
0.599923557151999,0.407586490610158
0.60047051357942,0.407305776773338
0.601015594311344,0.407501454975659
0.601558820758422,0.407435650956825
0.602095824231988,0.407271101038087
0.602633443027668,0.407268059256684
0.60318038709965,0.407034585552558
0.603725440335653,0.406796658079155
0.604268592084183,0.406909904400833
0.604805342887032,0.406752155217507
0.605343316424192,0.406727515670131
0.605890246429183,0.406530891350349
0.606435341854726,0.406595011325153
0.606978403479349,0.406680487517636
0.607514821127966,0.40657532206087
0.608053230552522,0.406700330874479
0.608600135578453,0.406613054467393
0.609145226519476,0.406587791661443
0.609688228191672,0.406337907345158
0.610224308471463,0.406111929844351
0.61076317355793,0.406024865151869
0.61131003120737,0.406140791670448
0.611855163518266,0.405833616064686
0.612398030226105,0.405979033213389
0.612933810242679,0.40579854037897
0.613473106834551,0.406012847797714
0.61402002629181,0.405596022749382
0.614565006816387,0.405807975495448
0.615107847750561,0.405718575480406
0.615643380744466,0.405698549935259
0.616183068963223,0.405544656568894
0.6167299477919,0.405631210023835
0.617274890311837,0.405398471828958
0.617817673608304,0.40546144788966
0.618352967179649,0.40535380514783
0.618893009868764,0.405373948038181
0.619439865187416,0.405266506797176
0.619984814633203,0.404997301441759
0.620527497664798,0.404907071176193
0.621062609614383,0.404846898646532
0.621602928405479,0.404944183463931
0.622149793583785,0.404893999328935
0.622694753850796,0.404673631544004
0.623237348729347,0.404627143446299
0.623772267348279,0.4044474807427
0.624312915735153,0.404511344763875
0.624859671297992,0.404541289723418
0.625404757340626,0.404524989946542
0.625947192001469,0.404428129096193
0.626481871857604,0.404358883305535
0.627022951501358,0.404211454760379
0.627569627747198,0.404263909158102
0.628114709510515,0.404217139796111
0.628657077569431,0.404190985133435
0.629191497280794,0.40396973036941
0.629733005725941,0.404088550698898
0.630279553486973,0.403987489961503
0.630824668667859,0.40372427725513
0.631366962119178,0.403641754585059
0.631901166404747,0.403633871948249
0.632443041611206,0.403588257285734
0.632989513797566,0.403622015938626
0.633534606999743,0.403540131102647
0.634076838404651,0.403385990325111
0.634610847955274,0.403211704399826
0.635153081467677,0.403348380690837
0.635699493061997,0.403470863917848
0.636244579837773,0.403397006939469
0.636786708817666,0.403240776087181
0.637320562728268,0.403006676471586
0.637863107365041,0.403151282814366
0.638409532025971,0.403053216650056
0.638954520026001,0.402883448508474
0.639496646054121,0.402860496606314
0.640030303262196,0.40264425463235
0.640573132488784,0.402840446378465
0.641119557992252,0.402815072033915
0.641664472332608,0.402600733685484
0.642206627372424,0.402425231029137
0.642740038987819,0.402373333302116
0.643283179124264,0.402443460159445
0.643829625934832,0.40249581069924
0.644374407345465,0.402349901687536
0.64491653272832,0.402180160168635
0.645449865526903,0.402149653280274
0.645993261229651,0.401878033774227
0.646539631692964,0.402042277702179
0.6470844233467,0.401974562528777
0.647626427827787,0.401868157789093
0.648159668736537,0.401688019503434
0.648703361844229,0.401873567014299
0.649249680222941,0.401876666475927
0.649794397849502,0.401832650319144
0.650336346746075,0.401693695395121
0.650869451878074,0.401515101230806
0.651413510459185,0.401752609739469
0.651959734847855,0.401462866997501
0.652504418740274,0.401417513975476
0.653046245942093,0.401316348810223
0.65357928868116,0.401336624832186
0.654123619059141,0.401155119322324
0.654669805121943,0.401301751428601
0.655214440143377,0.401322971475349
0.65575621176186,0.401302935624066
0.656289123578259,0.400810001252668
0.656833726308568,0.401047123746265
0.657379901342035,0.400852274286553
0.657924445556775,0.400778825129099
0.658466124382939,0.400878264921314
0.658999110809831,0.400831543389968
0.659543825501079,0.400844581086599
0.660089963838464,0.400621477418406
0.660634531478845,0.40064053615557
0.661175961051459,0.400387821716336
0.661709109590463,0.400398000855272
0.662253946904743,0.400313230357781
0.662800097805935,0.400384885003074
0.663344524321877,0.400253157457782
0.663885872389165,0.40018451903734
0.664419078651623,0.400072545520364
0.664964114589253,0.400116306963113
0.665510222751495,0.399846372781141
0.666054543868727,0.399710217413406
0.666595848041364,0.399752008493838
0.667128975327435,0.399595395352494
0.667674293285278,0.399565082331698
0.668220390177395,0.399688395289584
0.668764620632277,0.399823404407556
0.669305766049795,0.399647085843844
0.669838880730601,0.399638374979298
0.670384499786242,0.399538837271606
0.670930546953254,0.399306655547124
0.671474712385133,0.399269658344992
0.6720156645426,0.399118792172991
0.672548881663058,0.399297650516992
0.673094706761457,0.39916525528652
0.673640672396988,0.399180775126204
0.674184848431919,0.399208534164008
0.674725569668356,0.399045456945378
0.675258905477044,0.399140883980363
0.675804934045221,0.398908648131497
0.676350797651568,0.39878841449563
0.676894990986758,0.398707065188279
0.677435487897758,0.398615934580273
0.677968938488108,0.398643504999169
0.678515173323936,0.398543045940641
0.679060964394252,0.398331819361267
0.679605074483048,0.39860294171596
0.680145487431797,0.398447292367897
0.680678951018486,0.398231088032792
0.681225398584774,0.398419237318882
0.681771140073502,0.398207098884182
0.682315178835778,0.398137082476739
0.682855484511162,0.397984052074334
0.683388981847257,0.398283982267859
0.683935642041927,0.398033026325135
0.684481355656482,0.398124744145546
0.685025282805116,0.397700769789938
0.685565408652318,0.397573996744114
0.686099080137617,0.397661970281142
0.686645900033846,0.397764557086736
0.687191589620119,0.397654463531773
0.687735443780628,0.397367299439564
0.688275262010078,0.397323355899414
0.688809274948079,0.397390845129248
0.689356119265068,0.397211248661946
0.689901805849726,0.397352187515332
0.690445672558795,0.397432287928906
0.690985155422243,0.397216906566241
0.691519429997675,0.397117986437405
0.692066364911931,0.396995635064697
0.692612054196577,0.397136937208107
0.693155817108755,0.397032805685242
0.693695173670044,0.396834929289845
0.694229573922767,0.396771946217062
0.694776622480086,0.39673230864381
0.695322280307513,0.396750587758919
0.695865950985801,0.396578130397738
0.696405230378233,0.396493522265562
0.696939681919301,0.396740616518553
0.697486913313374,0.396560231648726
0.69803249301805,0.39654890059239
0.698576136437425,0.396305183801155
0.699115224595243,0.396440266636525
0.699649863026139,0.396239989784687
0.700197226774734,0.39623797038932
0.700742734950121,0.396214076882775
0.701286370608422,0.396193927830853
0.701825110573209,0.396088239054208
0.702360130459653,0.396032610723397
0.702907527115649,0.395875016851443
0.703453000939875,0.396084113800989
0.703996639678342,0.395739866750915
0.704535010089442,0.395975423703092
0.705070402884483,0.395864741597881
0.705617766239322,0.3956641701708
0.706163376861658,0.395792263634173
0.706706839608379,0.395478099793638
0.707244934802546,0.395284767434702
0.707780760021671,0.395252434624865
0.708328008208165,0.3953456113426
0.708873698435054,0.395088692137162
0.709417030451105,0.395126971837817
0.709954927718574,0.394797071240431
0.710491083477963,0.394999782194495
0.711038269977813,0.395006272567378
0.711583980038042,0.394880883340058
0.712127245409806,0.394980283569911
0.712664940695497,0.394820163315473
0.713201428709242,0.394947831100909
0.713748553072264,0.394759507315416
0.71429429285076,0.394583424475839
0.714837487152996,0.394573196749893
0.71537495452819,0.394498429724071
0.715911796563001,0.394530214945808
0.716458889304605,0.394383316566873
0.71700455106834,0.394232524743878
0.717547786906277,0.394290729555563
0.718084976663488,0.393927627017091
0.718622124279938,0.394289084674066
0.719169250067261,0.394122880037255
0.719714861938191,0.394090001192633
0.720258068760216,0.393915310502722
0.7207949628205,0.393809401778167
0.721332500765346,0.393753087450496
0.721879619064545,0.393687720821486
0.722425196250387,0.393522294649239
0.722968338164472,0.393548757497745
0.723504996395914,0.393453789467317
0.724042889841655,0.393511024936449
0.724589936010678,0.393359872156037
0.725135531956318,0.393463322535818
0.725678634848078,0.39322782688001
0.726215018977284,0.393088784743493
0.72675330159061,0.392949735187083
0.727300295466551,0.393133560810198
0.727845849064055,0.392800817190631
0.728388958968824,0.393018622409164
0.728925060181669,0.392795955404062
0.729463735654914,0.393020652983292
0.730010658880537,0.392876425713135
0.730556121255627,0.392937104890853
0.731099343412478,0.39275054052519
0.731635117462804,0.392508102898853
0.732174207963036,0.392562698062895
0.732720991558222,0.3925648047517
0.733266482836824,0.392562258806454
0.733809670720621,0.392415430916158
0.734345185106275,0.392219552326589
0.734884648246336,0.392255745003847
0.73543141506565,0.39221605003262
0.735976833048312,0.392358004904634
0.736519999339994,0.392136258044852
0.737055311925083,0.39216082532394
0.7375950495313,0.392182525994094
0.738141876025029,0.392056380535845
0.738687223831551,0.392028207624373
0.739230225842913,0.391863538526655
0.739765487036608,0.391632831163084
0.740305492348749,0.391686763444638
0.740852316663087,0.391783393306537
0.741397586513133,0.391664063700502
0.741940506212455,0.391543229592639
0.742475651907185,0.391580447372349
0.743015939166128,0.391763893365308
0.74356275519635,0.391441239428582
0.744107977802895,0.391348634570579
0.744650836340007,0.391170902511859
0.745185835194035,0.3911151613369
0.745726385334279,0.391051571220014
0.746273163790527,0.390722005255751
0.746818391871464,0.390771182214235
0.747361221334207,0.390745039741767
0.747895966966304,0.390645744687147
0.748436907189426,0.390856133884102
0.748983616703687,0.390681610449264
0.749528765367615,0.390533386359765
0.750071628161455,0.39062480500021
0.750606093026004,0.390277708262527
0.751147482528568,0.390432367417954
0.75169403813858,0.390415384333382
0.752239177875403,0.390362642790455
0.752781941282758,0.390235020164975
0.753316342779783,0.390144060398313
0.753857994437524,0.390339149445889
0.754404544085233,0.390153519277614
0.754949557430875,0.390033561926992
0.75549228941963,0.390150504473421
0.75602653708407,0.390120386596238
0.756568521877491,0.389681586708265
0.75711505164019,0.389866944734194
0.757659965643757,0.389628770945848
0.758202649884681,0.389779529880304
0.758736771875414,0.389246152124385
0.759279044244138,0.389362141547423
0.759825546474422,0.389324001036673
0.760370418466109,0.389202198162066
0.760913019805493,0.389412116146438
0.761447035649474,0.389063557892243
0.761989538346744,0.389223867210085
0.762536038590343,0.389019618773518
0.763080943994461,0.389088957676309
0.763623409161288,0.389023961897876
0.764157252165392,0.38876944090844
0.764700102220573,0.388955831828452
0.76524655454326,0.388783555475367
0.765791458406379,0.388805791673302
0.766333729514676,0.388730325600473
0.766867514367354,0.388802135417299
0.767410698634178,0.388742062270391
0.767957084375755,0.38870748478004
0.768501928622705,0.38870761622264
0.769044114101516,0.388367942481732
0.769577773999073,0.388436572288414
0.770121318179775,0.388341083201182
0.77066761809387,0.388228520117627
0.771212360634463,0.388037005024351
0.771754542104633,0.387998766775757
0.77228802769214,0.387836360982724
0.772831926782938,0.387873671038064
0.773378162627856,0.387606058306118
0.773922863016966,0.387764851592989
0.774464925951755,0.38769978621006
0.774998316645511,0.387638089923206
0.775542498333921,0.387735230430055
0.776088771121317,0.387579309950325
0.776633351241747,0.387484111079824
0.777175373726424,0.387331049489129
0.777708653710796,0.387325134293373
0.778253032372608,0.387547033355032
0.778799352895302,0.387180533176026
0.779343874020024,0.387419004916586
0.77988578294613,0.387246589604524
0.780419076583815,0.387275046232134
0.780963576590547,0.387206243197943
0.781509931146685,0.386970547264071
0.782054433478854,0.387027895326865
0.782596160650696,0.386903010055008
0.78312949102025,0.386860273001229
0.783674178741597,0.386912835364562
0.784220501566441,0.386776121541149
0.784764961658024,0.386801361286079
0.785306609679471,0.386671058760674
0.785839844412998,0.386443513650511
0.786384825225165,0.386508128901941
0.786931045080996,0.386430127051196
0.787475531637514,0.386459197067858
0.788017085996803,0.386458438977256
0.788550177312847,0.386204338778595
0.789095442609098,0.386140476056729
0.789641648471588,0.386146899893376
0.790186123857248,0.386063332826862
0.790727528999817,0.385938067212085
0.791260577631794,0.385827520996477
0.791806045594767,0.386039250055959
0.792352278310099,0.385824898162847
0.79289670283435,0.385554504418079
0.793437971758396,0.385801483662789
0.793971049302902,0.385576440978604
0.794516621288001,0.385698933717996
0.795062937400239,0.385499892007351
0.795607287491428,0.385442292593561
0.796148393239908,0.385423344991809
0.796681537464577,0.38500869698642
0.797227238072703,0.385082292405008
0.797773637941871,0.385057184101666
0.798317825820401,0.385107157859497
0.798858864114563,0.385048818009295
0.799392039941193,0.384945832549832
0.799937857905877,0.38496860474298
0.800484274165997,0.384840162171255
0.80102837178108,0.384824189016573
0.801569414074439,0.384511260520822
0.80210247928003,0.384661108997385
0.802648513595943,0.384394454266859
0.803194898230571,0.384563031913358
0.803738997468728,0.384327450559647
0.8042799179304,0.384233685754853
0.804812922858255,0.384185971794641
0.805359218462428,0.38408927646787
0.805905545870561,0.384199604929268
0.806449646280818,0.384129430953651
0.806990329853527,0.383915327352315
0.807523474219136,0.38385822391176
0.80806990274656,0.384103485597899
0.808616188038379,0.383788631890982
0.809160311787042,0.38381015473483
0.80970075279882,0.383570957681159
0.810234066101752,0.383698947994919
0.810780565705835,0.383792040827279
0.81132684525107,0.383602939618176
0.811870969699913,0.383639416407501
0.812411224187424,0.383487974154874
0.812944680429559,0.383254385490156
0.81349123805797,0.38322528180314
0.814037502782776,0.383363005802049
0.814581586968607,0.38331501157047
0.815121740012503,0.383224977379293
0.815655299488702,0.383001388151429
0.816201906638484,0.383077840299099
0.816748143905157,0.382968114954259
0.817292247472529,0.382894579417036
0.817832331481219,0.382876813968916
0.818365843567836,0.38278813781049
0.818912596765916,0.382491424033668
0.819458817847985,0.382345510032625
0.820002911044865,0.382443157426414
0.820542869099139,0.382336183604312
0.821076435868595,0.382395523145223
0.821623337994625,0.38251772301085
0.822169515348478,0.382208601055605
0.822713601888213,0.382069732286489
0.823253289180892,0.381967587980339
0.823787116266375,0.382030193848553
0.824334059684786,0.381983157471752
0.824880248500373,0.382011423346708
0.825424319340833,0.381940517025121
0.825963763025964,0.381823815733104
0.826497792374948,0.38168798817692
0.827044819837476,0.381733600996252
0.827590920500455,0.381686610050163
0.828134982784607,0.381557433457932
0.828674314727018,0.381645538949822
0.829208475532975,0.381538157795605
0.829755596161517,0.381479907505308
0.830301594663385,0.381294199059426
0.83084562477971,0.381273976494188
0.831384898695206,0.38119495873321
0.831919151327926,0.381091654110584
0.832466359184779,0.381092125001843
0.833012278625294,0.380878990707219
0.833556317184239,0.380987480907884
0.834095425441766,0.380937429918382
0.834629922289625,0.380902089014306
0.835177116818866,0.380802337605629
0.835722981518413,0.380813810780709
0.836267032434805,0.380633282843999
0.836805908105914,0.380671289035765
0.837340719133889,0.380427307247658
0.837887893850062,0.380472280950116
0.838433755761818,0.380278592252196
0.838977733579085,0.380036446275503
0.839516391753761,0.380203084953061
0.840051513572563,0.380204291207766
0.840598672714716,0.380197974203868
0.841144565374883,0.379974118824567
0.841688406947733,0.380001730067849
0.842226917821363,0.379969967378863
0.842762308984889,0.37995576057716
0.843309448734798,0.379575505083345
0.843855340991047,0.37955469257218
0.844399110199844,0.379732801902868
0.844937463965641,0.379486812790477
0.845473083785535,0.379529997540738
0.846020261522315,0.379356431424556
0.846566098963779,0.379637632162409
0.84710981148637,0.379461164849897
0.847648027046678,0.379327653007202
0.848183901404649,0.379273156095239
0.848731075059615,0.379073426114789
0.849276860914708,0.379043566889276
0.849820569218738,0.379032479438807
0.850358542657151,0.378949501660748
0.85089477024111,0.378761629329985
0.851441936361087,0.378781195977336
0.851987607809169,0.378784413101795
0.852531355257059,0.378673590725521
0.853069026058523,0.378254855341201
0.853605642259721,0.378545599167571
0.854152829710445,0.378506398196017
0.854698402139671,0.378428582921066
0.855242103127874,0.37837525200112
0.8557795414042,0.378384980723702
0.856316555699032,0.378275124074733
0.856863650892861,0.378151990208001
0.857409264774973,0.377790391607943
0.857952802272495,0.377714625741104
0.858490065516951,0.377496877448918
0.859027479824908,0.377708281648923
0.859574496504938,0.377788657189704
0.860120069939241,0.377666608159992
0.860663536037782,0.377485839070978
0.861200646532747,0.37737504028844
0.86173838867537,0.377480115245212
0.862285338507116,0.377253714715046
0.862830881034702,0.377453511758435
0.863374309134245,0.3771540248995
0.863911251498152,0.377011338045282
0.864449286049192,0.377236298661821
0.864996187189099,0.376930755186548
0.865541727372672,0.376769279528605
0.866085120554544,0.376625996067943
0.866621831786115,0.376741610727849
0.867160190169525,0.376565281565498
0.867707087871953,0.376357003670235
0.868252582580936,0.376523645640702
0.868795932227056,0.376347217119575
0.869332416549095,0.376320944981331
0.869871076079188,0.376169078964739
0.870418045610605,0.375919736280134
0.870963424758911,0.376064400808083
0.871506697036454,0.376031766773678
0.872043038404844,0.375612257842799
0.872581966482404,0.375579263169943
0.873129013458343,0.375674991890245
0.873674264251595,0.375506908338304
0.874217492518221,0.375334842388252
0.874753626210061,0.375491816266807
0.875292893911111,0.375340665020177
0.875839925472711,0.375367722200096
0.876385167945795,0.37524904844086
0.876928306504658,0.375122488907873
0.87746425172267,0.375052615243848
0.878003797622272,0.375087615042228
0.878550844349435,0.374824347362956
0.879096077890118,0.374836139223904
0.879639163270703,0.374728390857561
0.880174895458627,0.374657503352018
0.880714741219836,0.374637817102029
0.881261725449298,0.374453872951649
0.881807008019729,0.3742137698963
0.882350032357788,0.374039109134612
0.882885537276539,0.374096357326987
0.883425707048084,0.374089277276261
0.883972629425633,0.373892260875099
0.884517937225355,0.37379068524382
0.885060850994143,0.373854992552797
0.885596270592661,0.373961536084333
0.886136625249086,0.373653646541294
0.886683619223029,0.373544441276191
0.887228808435149,0.373453684432565
0.887771668510727,0.373277097023211
0.888306977486844,0.373120453043949
0.888847564590334,0.373183316398018
0.889394609427194,0.373112935198068
0.88993970807733,0.372965813065487
0.890482535683273,0.372844977305436
0.891017662081951,0.372681404458247
0.891558510114615,0.372813801293985
0.892105597501124,0.372715016527347
0.892650646286803,0.372549197503942
0.893193425815287,0.372490522554152
0.893728358966646,0.372176502380047
0.894269437618435,0.372195215669036
0.894816563588349,0.372201891247274
0.895361617695692,0.372101209029676
0.895904373797332,0.372071437281878
0.896439044821539,0.371838593841165
0.896980416623041,0.37185123831191
0.897527516630467,0.371688850045548
0.898072572494248,0.371623461229046
0.898615266095242,0.37177796452634
0.899149784913277,0.371480247925799
0.899691449288675,0.37116259674175
0.900238476086347,0.371082369243297
0.900783527053902,0.370923452500075
0.901326111055125,0.370930849162582
0.901861016947304,0.370826919762275
0.902403586119372,0.370873131901908
0.902950553650113,0.370647112226346
0.90349557875606,0.370654933855642
0.904038195644504,0.370637053723463
0.904572532006295,0.370251271481729
0.90511458280798,0.370162762978242
0.90566156776727,0.369993614273375
0.906206583053169,0.369693976393757
0.906749104279859,0.369850923979301
0.907283342379498,0.369618468841276
0.907825519042443,0.369701413620776
0.908372588477846,0.369480906615988
0.908917584593941,0.369394715977143
0.909460052072751,0.369334126571316
0.909994166556551,0.36928681349956
0.910536487718701,0.369246603413171
0.91108356748016,0.369164806705222
0.911628626372528,0.368979865717289
0.912170965018085,0.368862215762982
0.912705010435196,0.36845728758342
0.913247510183155,0.36850779041507
0.913794556105512,0.368390165053771
0.914339653794381,0.368304029784529
0.914881866192082,0.368175411889525
0.915415842219842,0.367968575188097
0.915958601141964,0.367895012563824
0.916505511286782,0.367856673245443
0.917050644675979,0.367608674114545
0.917592858776449,0.367700846122184
0.918126618684933,0.367263491054294
0.918669693806984,0.367265399503429
0.919216508718861,0.367276161870029
0.919761667284084,0.36726498848619
0.92030384747407,0.367165595714715
0.920837401393303,0.366825123705551
0.92138079801241,0.366914040253334
0.921927560505733,0.366788195848819
0.922472673900414,0.366575209738414
0.923014818207496,0.366329176582442
0.923548230724365,0.366230348947207
0.924091854545422,0.366187867289823
0.924638631825282,0.366074273594013
0.925183694511941,0.365678361601336
0.925725762602353,0.36541930192261
0.926259172410211,0.365405620252127
0.926802916140979,0.365074300429966
0.927349653562588,0.365167774593285
0.927894763066852,0.365021679798159
0.928436675707684,0.364812385234763
0.928970166659634,0.364638109181906
0.929513968679212,0.364292518768963
0.93006069636734,0.364116593507127
0.930605776505634,0.364003132465455
0.93114398806206,0.363955592192469
0.931671572470201,0.363955749093497
0.932211052575186,0.363814318656335
0.932752299257724,0.363825720083401
0.933291466488867,0.363572919515068
0.933826600218096,0.363337690292589
0.934354455331571,0.36317449923637
0.93489593762542,0.363135889355572
0.93543670006686,0.362960198489482
0.935975479190275,0.362718307560705
0.936508283863219,0.362396361673517
0.937038600330238,0.362294236304848
0.937580681706406,0.362101093311603
0.938121083636581,0.361889406857196
0.938659193680248,0.361443524767969
0.939189482402173,0.361413799305815
0.939723583345496,0.361436725853415
0.940265379039717,0.361307418131948
0.940805388097957,0.360899738243954
0.941342646835584,0.360745873926943
0.941871163977015,0.360285747020992
0.942408577367242,0.360157944624274
0.942950029831842,0.360290683869589
0.943489512923848,0.360046033127497
0.944025905576409,0.359741809523921
0.944553313801307,0.359299235020117
0.945093492378029,0.359257438593195
0.945634537884439,0.359166106886069
0.9461736879123,0.35897861185121
0.94670835987469,0.358661867856097
0.947236444471226,0.358301715708626
0.94777838332274,0.358122302619418
0.948319041066507,0.357790484244727
0.948857576951151,0.358085783016758
0.949389923539701,0.357484771106617
0.949920910433779,0.357171081040415
0.950463125784843,0.357227836289566
0.951003413545841,0.35688930275861
0.951541257121925,0.356705771994489
0.952071281040346,0.356277753907858
0.952605996178391,0.356210556235237
0.953147861687664,0.355910009041035
0.953687681327515,0.355590258863327
0.954224869386828,0.355262074586999
0.95475295250198,0.354872924243721
0.955291038166846,0.354806240570355
0.955832500011267,0.354489002160198
0.956371912736026,0.354457851858766
0.956907961042165,0.353890381095547
0.957435303729055,0.353635824931305
0.957976001352813,0.353227618470385
0.958517112366419,0.35319224401162
0.959056017629878,0.352947515761465
0.95959031373103,0.352278391211993
0.960118697402771,0.352239209813309
0.960660923680107,0.351966525063402
0.961201570950213,0.351255539309156
0.961739869197786,0.350766342339192
0.962271852737631,0.350309692810741
0.962803411896592,0.350349178417251
0.963345704968812,0.349835738689407
0.963885963658397,0.349520718451986
0.964423703879613,0.349237217096464
0.964953234447347,0.348709745135516
0.965488451914289,0.348421037568253
0.96603054604101,0.347922284921806
0.966570277365318,0.347644586742265
0.967107188987601,0.347048051432494
0.96763501662374,0.346529164715213
0.968173596298257,0.346147914639343
0.968715234475711,0.345833527212853
0.969254513089433,0.34509624243844
0.969790188997149,0.344555049186548
0.970317610490175,0.344205005548389
0.970858571802842,0.343904827749743
0.971399824634746,0.343348384126209
0.97193855283458,0.342799043976947
0.972472577316217,0.342147540831625
0.97300119190324,0.341589891060393
0.973543528906363,0.340984271767505
0.974084325170503,0.340452686835422
0.974622530431293,0.34030184390796
0.975153957121761,0.339505137335086
0.975686044563546,0.338768575915467
0.976228458201215,0.338278007205862
0.97676871366262,0.337191638483968
0.977306268760536,0.336173051734038
0.977835417627977,0.335578590540159
0.97837121863335,0.335159694541622
0.978913289566205,0.334179454771209
0.979453105464123,0.333462213299987
0.979989732737904,0.332642736418154
0.980517359832515,0.331834892215235
0.981056340091885,0.331119672239258
0.98159801250599,0.330037964955613
0.982137268775304,0.329073383739617
0.982672790672767,0.327809713447771
0.983200073342381,0.32691909023968
0.98374135013119,0.326058724733372
0.984282685435774,0.325108383204604
0.98482136241802,0.323866585483916
0.985354994494546,0.322731482856391
0.9858839120749,0.321537646244356
0.986426354996541,0.320418525052861
0.986967147170092,0.319290046522874
0.987505365045539,0.317538468864185
0.988036327061836,0.315866880225149
0.988568960597958,0.314655050377209
0.989111233403032,0.312935511697498
0.989651734117712,0.311305227605334
0.990189054114277,0.309273994463898
0.990717864879704,0.307239081817393
0.99125418211968,0.305658382414295
0.991796085575332,0.304017925554142
0.992336075041937,0.301880350616182
0.992872582750456,0.299307811521479
0.99339991070291,0.297042763899478
0.993939306075986,0.294788925544489
0.994480940621619,0.291966106037832
0.995020230227157,0.289379310029024
0.995555502831656,0.285658552520011
0.996082867900571,0.282628513201893
0.996624367053241,0.279124164014539
