time,torque,temptop,tempmid,tempbot,fic,icangle,balance,tempavg,mass,dm,alpha,torquenorm,alpha100
3278.5349999999994,30.98127979081468,21.046248795112337,21.143873750288268,20.933658376500638,14.97074218749998,14.970757378484798,7661.552734375,21.0412603073004,116.302734375,-0.24880859374999942,0.4769230033438596,1.1381250709829394,47.69230033438596
3268.5399999999995,30.945042862442616,21.064650163426005,21.17505102572433,20.955841302561243,14.970297435897388,14.970298860385517,7911.7733333333335,21.065180830570558,366.5233333333333,-0.2530461538461538,0.47791510150779287,1.1367938749524937,47.79151015077929
3258.8,30.965912410065723,21.099196559688465,21.190774143704537,20.963404139976163,14.970311408016416,14.970290339148267,8159.564234326825,21.084458281122995,614.3142343268242,-0.25869475847893114,0.47889960852767305,1.1375605364826276,47.8899608527673
3248.4500000000003,30.986656457314126,21.1401153141143,21.21914233833493,21.00016339305858,14.970278942570655,14.97030537830956,8420.257976298997,21.11980701516916,875.0079762989973,-0.23053783044667273,0.4799375681593722,1.138322587644054,47.993756815937225
3236.6149999999993,31.005840773294743,21.176863052763327,21.2464619616822,21.04168252332182,14.971095275590544,14.971104330721614,8667.756692913386,21.155002512589224,1122.506692913386,-0.19305511811023618,0.48092506768330545,1.1390273406799072,48.092506768330544
3223.715,30.97465423795617,21.203787490520963,21.287076368663676,21.090335214476227,14.971393893129761,14.971393129777727,8915.248091603053,21.19373302455364,1369.9980916030534,-0.19060305343511455,0.4819145723055937,1.1378816753624774,48.19145723055937
3210.5699999999993,31.026516170590327,21.233879091917352,21.315841244793756,21.15496230364388,14.97040485216076,14.97042308989149,9164.37680060652,21.23489421345161,1619.1268006065202,-0.18967399545109936,0.4829126816230247,1.1397868699238092,48.29126816230247
3197.42,31.02165179689998,21.261172843814297,21.348575256830788,21.186434374714675,14.96981388253241,14.969796804803702,9413.011441647597,21.26539415845324,1867.7614416475972,-0.18919145690312736,0.48391086918411136,1.139608172798029,48.39108691841113
3184.2399999999993,31.002595550657404,21.30407127084427,21.363440403762233,21.22910244953068,14.972876226415071,14.97288322848593,9661.390188679245,21.298871374712267,2116.140188679245,-0.18938113207547175,0.4849100934289686,1.1389081245187473,48.49100934289686
3171.0999999999995,31.016111900553884,21.349358060077737,21.375942089654785,21.250969479797917,14.970105909439717,14.970112560786703,9909.019953952418,21.325423209843372,2363.7699539524174,-0.1876285495011512,0.48590835279085054,1.1394046597422511,48.590835279085056
3157.915000000001,31.029687322597056,21.38075891378488,21.406590239423874,21.280689689686156,14.973008245877057,14.973007454591803,10156.293103448275,21.356012947631548,2611.043103448276,-0.18799100449775094,0.48690723290737836,1.1399033650339896,48.690723290737836
3144.610000000001,31.035255198909862,21.387771388965877,21.41712131326034,21.289895386605217,14.971165033911095,14.971152139320932,10404.43180105501,21.364929362943734,2859.1818010550114,-0.18482290881688035,0.48791166600317515,1.1401079059589134,48.79116660031752
3131.3749999999995,31.03240277956681,21.411929289235157,21.41949929010933,21.31268890364906,14.97185757575759,14.97186216333215,10651.95303030303,21.38137249433111,3106.70303030303,-0.1867196969696968,0.4889156692353675,1.1400031197787037,48.89156692353675
3118.225000000001,31.066368498381646,21.433694096076596,21.414196235280006,21.31264344431241,14.971616793893112,14.971639312936567,10898.087786259543,21.386844591889627,3352.837786259542,-0.18901526717557263,0.4899160964775609,1.1412508808911606,48.99160964775609
3105.1250000000005,31.05700775391163,21.444375926265412,21.415132816015493,21.341156059259834,14.972674045801478,14.972672815945815,11143.520610687023,21.40022160051351,3598.270610687023,-0.1851603053435114,0.49091570524595873,1.1409070055562383,49.09157052459587
3092.1,31.10386844808017,21.449753020547668,21.411046184441993,21.356344688302276,14.972435521235516,14.972447876457357,11386.00694980695,21.405714631097247,3840.7569498069497,-0.18970656370656377,0.49190532013097,1.1426284751416453,49.190532013097
3078.995,31.080121048145397,21.450285950758854,21.398447358543006,21.354598754019953,14.971200603318247,14.971203075240451,11632.16742081448,21.40111068777391,4086.9174208144796,-0.18506787330316748,0.4929119707364668,1.1417560931284132,49.29119707364668
3065.894999999999,31.099664557191964,21.445608037421486,21.376837755164118,21.353180380896358,14.972241885625944,14.972226515542722,11876.792117465224,21.39187539116054,4331.542117465224,-0.18769706336939732,0.4939143756787766,1.1424740414433654,49.39143756787766
3052.9900000000002,31.133929360363428,21.440731917769217,21.358497229129217,21.35076179640812,14.970247086247083,14.97031813866125,12120.221445221445,21.38333031443529,4574.971445221445,-0.19148407148407118,0.4949139134040485,1.1437327896876293,49.49139134040485
3039.475,31.144384008829228,21.42545163528382,21.331638522097332,21.326788872208216,14.973825564971769,14.97384161173282,12367.429378531073,21.36129300986318,4822.179378531074,-0.16936440677966144,0.49593102718946075,1.1441168505659267,49.59310271894608
2988.8060565004325,31.24415845959379,21.29364973303646,21.20159127498932,21.231502419296994,14.972948688382846,14.97291858899902,8581.413087345056,21.24224780910758,5016.297267223915,-0.07014413375611964,0.4967311510705321,1.1477821544082931,49.67311510705321
2945.8850000000007,31.405901471132367,21.159534599365454,21.07277971608331,21.11163480782039,14.973407166123776,14.973441006165842,5919.129478827362,21.114649707756314,5301.669478827395,-0.1959201954397388,0.49790982355269486,1.1537239288518046,49.790982355269485
2933.4450000000006,31.48244975519297,21.10442733716924,21.05193272560359,21.05857310985633,14.971203968253963,14.971222001750533,6160.073809523809,21.071644390876564,5542.613809523843,-0.19094444444444456,0.4989071475622684,1.1565359986506747,49.89071475622684
2920.7149999999992,31.65026441782884,21.055082710363262,21.04308591271248,21.002908239868606,14.970825038880243,14.970803093123687,6401.188180404354,21.033692287648307,5783.728180404388,-0.18685847589424515,0.4999071737274792,1.162700820637178,49.99071737274792
2907.94,31.776536650239642,21.032949320587225,21.03665017566255,20.96277347714047,14.972233254531089,14.972226819028851,6643.505910165484,21.01079099113027,6026.045910165518,-0.19026004728132428,0.5009142133631656,1.1673395442291687,50.09142133631656
2894.9900000000002,26.65623568959641,21.029869242294403,21.02237314173956,20.95397817380285,14.97331112793341,14.973325342784674,6887.8107494322485,21.00207351927903,6270.350749432282,-0.18054504163512491,0.5019315717079375,0.9792407008749366,50.19315717079375
2882.3249999999994,20.317254743135916,21.010948869562178,21.023283428886312,20.952899807281263,14.979755775577567,14.979751100104703,7123.165841584158,20.995710701909985,6505.705841584193,-0.19900990099009885,0.5029135972154838,0.7463725563579106,50.29135972154838
2870.1199999999994,20.27229451792968,21.008273914274014,21.00606434606733,20.959393858121626,14.980745321399494,14.980753322463432,7360.883645240033,20.99124403948778,6743.423645240066,-0.19325467860048837,0.503907438538072,0.7447209022025704,50.390743853807194
2857.825,20.26500430254784,21.010157261030656,21.00184565508249,20.96681978846582,14.98055934959352,14.980563911480967,7600.956097560976,20.99294090152646,6983.496097560987,-0.19358536585365826,0.5049131222063418,0.7444530896088054,50.49131222063418
2845.5349999999994,20.24036616549838,21.00986587070081,20.990575905631875,20.972252175631915,14.982550488599315,14.982538228362914,7840.657166123779,20.99089798398837,7223.197166123761,-0.19773615635179204,0.5059192526424113,0.7435479855696037,50.591925264241134
2833.465,20.235844504096956,21.00836418413157,20.95940828498991,20.969183505436014,14.980970489038796,14.980996112034783,8076.858347386172,20.978985324852662,7459.398347386157,-0.19471332209106187,0.5069126455242043,0.7433818782868121,50.691264552420435
2821.5150000000003,20.224314575912903,20.9831556319873,20.962478329740094,20.951063566468584,14.981657807308961,14.981603682172636,8312.89950166113,20.96556584273216,7695.439501661074,-0.20034053156146184,0.5079073242865635,0.7429583160446612,50.79073242865635
2809.5550000000007,20.191610825495772,20.95602707780564,20.953541155011827,20.920121101748606,14.981002525252492,14.981047512188292,8550.54377104377,20.943229778188538,7933.083771043702,-0.1976262626262624,0.5089107216112854,0.7417569144719625,50.891072161128534
2797.595,20.21064276025084,20.942879843604306,20.94193408392683,20.901771495961263,14.9826137873754,14.982610049833935,8785.30315614618,20.928861807830888,8167.843156146075,-0.1986710963455148,0.5099038912789129,0.7424560696469683,50.99038912789129
2785.6349999999993,20.226513350975495,20.935706600920895,20.92881268078177,20.895152767691446,14.980345117845113,14.980312850712163,9023.856902356902,20.919890683131456,8406.396902356786,-0.19913299663299638,0.5109150940664409,0.7430390900165915,51.091509406644086
2773.8800000000006,20.227434510324706,20.937733738227077,20.93040421594145,20.89745753178901,14.980966466036103,14.981010795818218,9261.19260533104,20.921865161985963,8643.73260533092,-0.201375752364575,0.5119231260938404,0.7430729296306031,51.19231260938404
2762.25,20.22692578201831,20.934572709841934,20.932368492134543,20.869330717525923,14.979822012037811,14.979792681768211,9494.32502149613,20.912090639834094,8876.865021495989,-0.20149613069647476,0.5129152407434218,0.7430542410404694,51.29152407434218
2750.6483882149046,20.22049954987008,20.908778591731885,20.91126791570913,20.852363992273133,14.98017850953205,14.980149480068103,9729.71403812825,20.890803499904845,9112.254038128094,-0.45975736568457654,0.5139189107514,0.7428181676448822,51.391891075139995
2738.9900000000007,20.219524830493285,20.90536370533671,20.905226840127245,20.846632437463562,14.980653482373135,14.980653482373073,9964.878761822873,20.88574099430932,9347.418761822692,-0.20111779879621636,0.5149235849386796,0.7427823604552698,51.49235849386796
2727.4,20.260630735314603,20.9072157629665,20.91816973132606,20.834140031419082,14.980157575757593,14.980192881211588,10198.20432900433,20.886508508570664,9580.744329004136,-0.20279653679653642,0.51592234161495,0.744292422697968,51.592234161495
2716.0150000000003,20.250444929005827,20.900086771001106,20.91117684861615,20.829136966681705,14.978385918003545,14.97839819764639,10429.424242424242,20.880133528766326,9811.964242424054,-0.20245989304812823,0.5169139960178062,0.7439182379771796,51.69139960178062
2704.7850000000003,20.25002411299005,20.885970362685843,20.901289861549582,20.82425341207343,14.97929359430602,14.979287020540665,10659.905693950179,20.870504545436333,10042.445693949972,-0.20990213523131698,0.5179043819782195,0.7439027789238074,51.790438197821956
2693.7650000000003,20.272467205818902,20.88687309987105,20.90304759137809,20.8206339095367,14.980050925925886,14.98006404323134,10894.823148148149,20.870184866928646,10277.363148147953,-0.21450925925925932,0.5189157842861503,0.7447272460469018,51.89157842861503
2683.0399999999986,20.27312136152816,20.8905415521442,20.884628591361732,20.82109531532253,14.979923004694836,14.979923839331356,11126.357746478874,20.865421819609463,10508.897746478673,-0.21729577464788738,0.5199145498889559,0.7447512770429761,51.99145498889559
2672.2300000000005,20.29486992509989,20.89296053789596,20.876931119385038,20.82478821791248,14.982461257976297,14.982481262041889,11357.890610756609,20.864893291731093,10740.430610756373,-0.21296262534184046,0.5209152363570826,0.7455502300115423,52.091523635708256
2661.415,20.3125317308358,20.891549554346614,20.87894715077317,20.826005437368202,14.979528142589148,14.979520794225683,11589.327392120074,20.865500714162664,10971.867392119844,-0.21391181988743027,0.5219174222865502,0.746199052269454,52.19174222865502
2650.6049999999996,20.32547120727486,20.895804443422726,20.862408467997376,20.82692916752957,14.982081204379536,14.982078264422727,11817.420620437957,20.861714026316474,11199.960620437694,-0.21304744525547445,0.5229070252244583,0.746674395529646,52.290702522445834
2639.92,20.347220569164186,20.89411715218209,20.855212481512705,20.830213751464402,14.981733909702195,14.981747518380905,12048.389048991354,20.85984779505306,11430.92904899111,-0.218876080691643,0.5239110114643074,0.7474733778251245,52.39110114643074
2629.5950000000003,20.368753315720898,20.89350132232093,20.83784546939845,20.839084750664174,14.978201171874986,14.978177897153156,12278.3671875,20.856810514127872,11660.907187499755,-0.22336914062499957,0.5249126081288267,0.7482644025622814,52.491260812882665
2619.4100000000003,20.348967748257483,20.86177647290396,20.80917822755939,20.846167572101788,14.980995064165837,14.981043380486941,12508.965449160909,20.839040757521857,11891.505449160657,-0.2266041461006903,0.5259188297190598,0.7475375620145125,52.59188297190598
2609.2599999999993,20.39110681910586,20.819658868772805,20.784245292659953,20.838114932083926,14.980752212389387,14.980757128804155,12739.120943952803,20.814006364505648,12121.660943952536,-0.22705998033431668,0.5269250440140171,0.7490855785368863,52.692504401401706
2598.6499999999996,20.400376996054703,20.766786934105323,20.748368690963567,20.78732443439586,14.981576470588216,14.981589240815387,12964.421719457014,20.767493353154904,12346.961719456687,-0.21658823529411758,0.5279118808226168,0.7494261267927738,52.79118808226168
2589.5992900000006,20.420734771391786,20.727938638346416,20.72732578181528,20.712673546103158,14.98078399999998,14.980823333362762,13199.758,20.722645988755048,12582.297999999722,0.08018000000000029,0.5289446684254376,0.750173987909455,52.894466842543764
2577.975000000001,20.48515432594426,20.72246820627947,20.740776339270322,20.659534713012373,14.981564885496171,14.981563295142154,13418.954198473282,20.707593086187458,12801.494198472968,-0.2145515267175576,0.5299084417444225,0.7525404979630346,52.99084417444225
2567.330000000001,20.493355872353824,20.72576662588816,20.732774391969528,20.657945132696966,14.980061979648465,14.980081457501925,13646.50046253469,20.70549538351813,13029.040462534347,-0.21653098982423655,0.5309107890662818,0.7528417891186157,53.09107890662818
2557.099999999999,20.53195277502381,20.72819084133244,20.743615311146858,20.652565526754984,14.979783419689124,14.979780944174538,13877.188601036269,20.708123893078017,13259.728601035982,-0.22970984455958557,0.531928895893947,0.7542596809193289,53.192889589394696
2547.2749999999996,20.549195986066884,20.727174082812255,20.750527402820193,20.652721566268273,14.979617000000006,14.979596388903063,14099.377,20.710141017300217,13481.916999999681,-0.22564999999999963,0.532911348704072,0.7548931257261567,53.2911348704072
2537.1600000000003,20.565798222801263,20.72614922010817,20.76153861883302,20.652879284877958,14.982026392961862,14.982008526136692,14327.60019550342,20.713522374606377,13710.140195503081,-0.2221505376344088,0.533922373025728,0.7555030237674698,53.392237302572795
2526.9650000000006,20.593711359557638,20.73374510039395,20.75093715744224,20.660665271639047,14.9812017716535,14.981202974602757,14551.537401574804,20.715115843158422,13934.077401574457,-0.21891732283464574,0.5349162690340005,0.7565284378551611,53.491626903400046
2516.5599999999995,20.615882464531264,20.738730927244838,20.764924076959346,20.65961905258005,14.980072300469443,14.9800505999107,14775.908920187794,20.721091352261467,14158.448920187413,-0.2104976525821599,0.5359139529239484,0.7573429132607046,53.591395292394836
2505.7049999999995,20.645351947036147,20.74442481048662,20.765173585235555,20.65826729008462,14.97979566003615,14.97979555954922,15000.075045207957,20.722621895268915,14382.61504520755,-0.2026943942133818,0.5369125796827022,0.7584255011038847,53.69125796827022
2494.4849999999997,20.63688418822662,20.746371681804217,20.763224478272864,20.66224192832325,14.980107205623893,14.980118629191386,15224.296133567663,20.723946029466816,14606.836133567234,-0.19786467486818987,0.5379133149634884,0.7581144303972764,53.79133149634884
2483.185,20.693493346426564,20.749027336752548,20.763981120895757,20.661190842952678,14.979080213903723,14.979087195495367,15448.063279857397,20.72473310020033,14830.60327985697,-0.19859180035650598,0.5389138819296384,0.7601940185430733,53.89138819296384
2471.919999999999,20.69796421764513,20.751636447526653,20.772221999303603,20.659129774834934,14.982017683465928,14.982005108555246,15671.496905393456,20.72766274055501,15054.03690539302,-0.1966136162687894,0.5399148145848646,0.7603582600029918,53.991481458486454
2460.5750000000003,20.724819223824774,20.76099529591325,20.775542604396836,20.66338849845691,14.980060632688907,14.980062487778895,15893.408611599298,20.733308799588944,15275.948611598851,-0.19494727592267008,0.5409107683343642,0.7613448027159082,54.091076833436425
2449.23,20.76184243421539,20.77815425173124,20.786854798701814,20.68374132684383,14.97977365163571,14.979794920925471,16115.92661361627,20.74958345909241,15498.46661361582,-0.19786914235190176,0.5419112919059577,0.7627048835207796,54.19112919059577
2438.0049999999997,20.756583964855416,20.78190497061089,20.78936817042651,20.684905469329497,14.981844703770198,14.981833233575825,16338.522441651705,20.75205953678907,15721.062441651256,-0.19921903052064657,0.5429140151913071,0.7625117089374831,54.29140151913071
2426.9949999999994,20.776126094821134,20.779879535903927,20.80404465107343,20.680034235633954,14.981262867647036,14.981251531889741,16560.477022058825,20.754652807537163,15943.017022058379,-0.2015716911764701,0.5439156951226684,0.7632296065906647,54.391569512266834
2414.715,20.82344369958752,20.78497653736406,20.79756474665196,20.673085579777016,14.980778508771904,14.980780133169933,16793.956140350878,20.751875621264386,16176.496140350335,-0.16053362573099458,0.5449713836235714,0.7649678611962558,54.49713836235715
2402.4249999999997,20.85837814624882,20.79423887147704,20.81528972567121,20.700002799298847,14.983449541284402,14.98343654437145,17001.084403669724,20.769843798815778,16383.624403669264,-0.20538532110091817,0.5459096401995251,0.7662512093940901,54.590964019952516
2391.560000000001,20.872708038400155,20.796761749543517,20.8158579744325,20.706373071194726,14.980617728531831,14.980605314471916,17222.107109879962,20.772997598390216,16604.6471098795,-0.20093259464450655,0.5469126120194822,0.766777630821224,54.691261201948215
2380.5950000000007,20.862410253307626,20.813421201666117,20.820476115452017,20.707264176522727,14.980172072072063,14.980188188162778,17442.16756756757,20.78038716454688,16824.70756756709,-0.20110810810810772,0.547913055426885,0.7663993324594863,54.7913055426885
2369.6349999999998,20.878359360045717,20.81751929167047,20.833150100936926,20.71053945416956,14.981594269870609,14.981588878641666,17662.019408502772,20.787069615592223,17044.5594085023,-0.20076709796672787,0.5489143705878508,0.76698523718521,54.89143705878507
2358.9,20.90923848137323,20.82047180314639,20.84339163920665,20.708887733124598,14.981287323943633,14.981299947809772,17880.508920187793,20.79091705849252,17263.048920187324,-0.20704225352112676,0.549911298484072,0.768119609373514,54.991129848407205
2348.3499999999995,20.913684774544613,20.81706229188559,20.84940783680487,20.7121353516459,14.981718660287067,14.981715311020093,18098.38086124402,20.7928684934454,17480.92086124355,-0.20529186602870703,0.5509072107068196,0.7682829479368484,55.09072107068196
2337.8,20.904915916841585,20.816224630630515,20.841169237010835,20.732982572532123,14.981161502347422,14.981184924370051,18315.955868544603,20.796792146724464,17698.49586854412,-0.20936150234741893,0.551903568973694,0.7679608160926158,55.1903568973694
2327.2650000000003,20.951288431730646,20.81667885501645,20.854485370608415,20.739827827786975,14.982199616122822,14.982165706948887,18537.56142034549,20.80366401780397,17920.10142034501,-0.20363723608445172,0.5529202339169932,0.7696643519748042,55.29202339169932
2315.845,20.989198848138088,20.837712437786315,20.861266320035565,20.738871508407726,14.981053140096613,14.981110663816166,18752.140096618357,20.81261675540997,18134.68009661781,-0.17418679549114344,0.5539064425603255,0.7710570250876013,55.39064425603255
2263.805331369661,21.025074305042086,20.87754115948846,20.891324799594123,20.77476600898531,14.98083298969074,14.98082113860748,14070.41089837997,20.847877322689026,18324.67356995533,-0.06598527245946403,0.5547810856691331,0.7723749421398051,55.478108566913306
2197.6200000000003,21.029239228141066,20.90728747071461,20.923639189258306,20.815534564139604,14.980976483762582,14.981019970113788,6763.2071668533035,20.88215374137096,18572.117166853426,-0.2489921612541977,0.5559223747172931,0.7725279443214343,55.59223747172931
2188.855,21.060088621151497,20.88726259980096,20.922684167425743,20.833718550852105,14.981191860465124,14.981200258399317,6981.76511627907,20.88122177269297,18790.67511627919,-0.24575581395348667,0.5569323424717417,0.7736612244133751,55.693234247174175
2180.215,21.048504590608225,20.890824854137463,20.894325128116666,20.83501690300555,14.980564516129023,14.980572196599653,7195.051843317972,20.873388961753296,19003.9618433181,-0.24631336405530288,0.5579197244378963,0.7732356746725849,55.791972443789625
2171.370000000001,21.062700451805917,20.903275311889765,20.897219862845024,20.84457882649549,14.984320754716956,14.98431249231023,7408.997780244174,20.881691333743564,19217.9077802443,-0.23986681465038734,0.5589119179987756,0.7737571723525509,55.89119179987756
2162.31,21.09261093163529,20.913463169452488,20.918377875114025,20.836917325251747,14.978760702524692,14.97875594586769,7625.34248079034,20.88958612327282,19434.252480790467,-0.23700329308452234,0.5599170300079457,0.7748559606275605,55.991703000794566
2153.3549999999996,21.11060059782775,20.916648590986224,20.91794132365997,20.837325967281892,14.982194318181797,14.98220265148684,7840.852272727273,20.890638627309407,19649.762272727396,-0.24432954545454363,0.5609200577107261,0.7755168271330922,56.09200577107261
2144.6150000000002,21.13401592265221,20.91697531592416,20.91332303284737,20.837427332882893,14.980447004608292,14.980451228889903,8053.804147465437,20.889241893884847,19862.714147465562,-0.2449654377880196,0.5619129480453773,0.7763770100696225,56.191294804537726
2135.81,21.14515704910616,20.916695034570015,20.909259048772707,20.832960565059032,14.97949944008958,14.979497635929942,8269.034714445688,20.88630488280064,20077.944714445814,-0.24296752519596995,0.5629182510006574,0.7767862893318688,56.291825100065736
2126.965,21.12573916219173,20.917066594306508,20.910001786850344,20.830218586163774,14.980090182648395,14.980143645370513,8484.824200913243,20.885762322440232,20293.734200913364,-0.2446118721461174,0.5639279624030655,0.7760729558584925,56.39279624030655
2118.1249999999995,21.161539963518123,20.91625880206029,20.91135972886366,20.83988085725681,14.979326233183816,14.979319257608664,8700.081838565022,20.889166462726973,20508.991838565147,-0.23680493273542552,0.5649369953165344,0.7773881303711647,56.49369953165344
2109.41,21.161443400930175,20.910606409915275,20.9013975402396,20.84400113676192,14.98203407755579,14.982026047768695,8909.715628672151,20.88533502897236,20718.62562867228,-0.2475793184488864,0.5659213944079352,0.7773845830579805,56.592139440793524
2100.905,21.171904155743743,20.896002971963334,20.899844144472,20.84739832784899,14.981725882352935,14.981784640496123,9118.421176470589,20.88108181476155,20927.331176470714,-0.24865882352940816,0.5669031457490045,0.7777688682584343,56.69031457490045
2092.435000000001,21.23347993556097,20.896908383972516,20.89317486327966,20.848943261799683,14.98075118483411,14.980680621403117,9329.399289099527,20.879675503017374,21138.309289099652,-0.25356635071089856,0.5678973195163989,0.7800309096992172,56.78973195163989
2083.9500000000003,21.21573360305207,20.899306678588818,20.897607526819716,20.84922637603373,14.981233294255567,14.981184056242174,9544.752637749121,20.88204686048081,21353.662637749247,-0.25229777256741237,0.5689139054803117,0.7793789822745674,56.891390548031175
2075.5950000000003,21.214419069308722,20.89976148857174,20.887536155320774,20.845635223630172,14.979676039119822,14.979729353491326,9754.432762836186,20.87764428917427,21563.342762836313,-0.2478606356968215,0.5699054534734598,0.779330691699741,56.99054534734598
2067.24,21.26575917953033,20.898029297474263,20.884136322832433,20.82508464278958,14.979747948417328,14.979711801446117,9964.923798358734,20.869083421032084,21773.83379835886,-0.25200468933176917,0.5709025870058853,0.781216716647218,57.09025870058853
2058.725,21.244313468361508,20.895081950502586,20.889551582667806,20.820973835962025,14.981041176470614,14.981023856237817,10179.217647058824,20.86853578971086,21988.12764705895,-0.25098823529411785,0.5719195201868701,0.780428889233015,57.19195201868701
2050.215,21.263675455208553,20.89405793586693,20.875978632331808,20.81965521341309,14.979893192488237,14.979951421482447,10389.512910798123,20.863230593870654,22198.42291079825,-0.24370892018779275,0.5729192360491571,0.7811401691673319,57.29192360491571
2041.5749999999996,21.27986930459943,20.89222110029618,20.88478063403332,20.81426793379558,14.98117694063923,14.981185312027094,10599.123287671233,20.86375655604173,22408.033287671362,-0.24095890410958687,0.5739174390705132,0.7817350647336843,57.39174390705132
2032.85,21.329149696821894,20.891929333567244,20.8881664003304,20.814555704785086,14.98082968929803,14.980823424081535,10808.711162255466,20.864883812894323,22617.621162255593,-0.2404602991944796,0.574917271622916,0.7835454240950457,57.491727162291596
2024.2049999999995,21.32297656652326,20.895370231597642,20.884505255087596,20.815091524963947,14.979477906976713,14.979495155102986,11016.803488372094,20.86498900388312,22825.71348837222,-0.2416860465116262,0.5759116954995938,0.7833186486226715,57.591169549959375
2015.645,21.2955905168364,20.89770650638611,20.890217911390828,20.818983524089607,14.981591549295771,14.98158450701399,11224.673708920187,20.868969313955606,23033.583708920316,-0.24254694835680923,0.5769067708818435,0.7823125975507257,57.69067708818435
2007.0050000000003,21.356069307772977,20.894170483818677,20.88329642197365,20.8244383038836,14.98094977168949,14.980993784854045,11434.020547945205,20.867301736558662,23242.930547945332,-0.240353881278538,0.5779106614224202,0.7845343401221241,57.79106614224202
1998.3650000000002,21.41364295045844,20.89373015559935,20.88264691358169,20.827693991235197,14.980846244131428,14.980845396476438,11642.618544600939,20.868023686805422,23451.528544601068,-0.2459037558685427,0.578912689776186,0.7866493594696322,57.8912689776186
1989.845,21.370997578989652,20.893751649387394,20.87487710319708,20.816619177671377,14.981508215962434,14.981508215944743,11849.622065727699,20.861749310085344,23658.532065727828,-0.2398943661971824,0.5799087759192236,0.7850827435403446,57.99087759192236
1981.2049999999995,21.35758664635002,20.8936374084318,20.87496079438493,20.817199885295746,14.981557077625554,14.981554414016639,12056.69292237443,20.861932696037524,23865.602922374557,-0.2368150684931515,0.5809069086159685,0.7845900809142204,58.09069086159685
1972.4850000000004,21.390736665523736,20.895893549937586,20.86474177230495,20.811176327412454,14.982197004608294,14.982193740389278,12264.762672811059,20.85727054988505,24073.672672811186,-0.23846774193548573,0.5819115816524459,0.7858078765695297,58.191158165244595
1963.7600000000004,21.41141585385538,20.895965809781917,20.858534009792724,20.803565035830495,14.979899657924703,14.979927467405396,12470.90763968073,20.852688285135105,24279.817639680856,-0.23957810718358105,0.58290867448891,0.786567545080538,58.29086744889101
1955.0350000000008,21.443595330155908,20.89418464521412,20.86430400825926,20.800194894141548,14.983063364055292,14.983098758294261,12679.714285714286,20.852894515871647,24488.624285714413,-0.23762672811059724,0.5839203841205485,0.7877496869738368,58.392038412054845
1946.4799999999996,21.446348648321916,20.893506975883863,20.84337438341483,20.805772116985874,14.980593119810187,14.980544681697893,12883.199288256228,20.847551158761593,24692.109288256353,-0.23960854092526881,0.584907993530169,0.7878508325835174,58.4907993530169
1937.92,21.45435919517664,20.89323587885978,20.829889613297563,20.805783828694615,14.980413118527045,14.980393811505811,13087.205983889527,20.842969773617362,24896.115983889656,-0.2356731875719209,0.5858998209442297,0.7881451071993242,58.589982094422965
1929.3150000000005,21.57158207660077,20.895718330992697,20.818344478676092,20.80993989903987,14.97974295774647,14.979772430902436,13292.464788732394,20.84133423623633,25101.374788732523,-0.23920187793427145,0.5868994280228125,0.792451394774998,58.689942802281244
1920.59,21.533661452819853,20.890810135438663,20.793551465614332,20.816036990762377,14.980270996640526,14.98027560035864,13497.973124300112,20.833466197271854,25306.88312430024,-0.2318141097424394,0.5879019621680792,0.791058346685191,58.79019621680792
1911.7450000000003,21.491167953516204,20.863497744158227,20.78195714010936,20.81022278145849,14.978784246575328,14.978776953316856,13703.98401826484,20.81855922190873,25512.894018264968,-0.23457762557077808,0.58890866143374,0.7894973099159605,58.890866143374
1902.9050000000004,21.518042504081556,20.827507866948515,20.763250167118464,20.799852101310474,14.980718609865452,14.980689461886602,13909.84865470852,20.79687004512577,25718.758654708647,-0.22910313901345356,0.5899163704502561,0.7904845706093969,58.99163704502561
1893.5299999999997,21.560608452960388,20.785788499673917,20.724091504040263,20.77241739558226,14.97959104781283,14.979600712102595,14118.987792472024,20.76076579976557,25927.89779247216,-0.20756866734486357,0.5909418770456405,0.7920482688786833,59.09418770456405
1884.1150000000007,21.581227179219464,20.74224086283126,20.67777130674984,20.713783004912973,14.981781111111104,14.981800617296,14316.622222222222,20.711265058164738,26125.532222222355,-0.22957777777777666,0.591912614403568,0.7928057162612846,59.191261440356804
1874.7850000000005,21.579541949576942,20.698812637403748,20.66662178136989,20.652490114242593,14.981530020703925,14.981534391511559,14520.974120082816,20.672641511005462,26329.88412008295,-0.20477225672877983,0.5929179986220373,0.7927438078404747,59.29179986220373
1864.875,21.636503462240427,20.662972614534866,20.681337989969787,20.596105857612635,14.979691929133844,14.979743000905284,14720.780511811023,20.646805487372518,26529.690511811157,-0.19655511811023335,0.593902689215043,0.7948363400431839,59.390268921504294
1854.6750000000002,21.701883505524624,20.65870880714123,20.689939177062612,20.56711795353705,14.979170898437493,14.979137098513673,14921.5966796875,20.638588645913742,26730.506679687634,-0.1973437500000017,0.5948940034403772,0.7972381345108791,59.489400344037726
1844.47,21.717482239139187,20.666877409411875,20.691094999293544,20.569745762538393,14.975967551622405,14.9759587020703,15125.059980334318,20.642572723748096,26933.969980334452,-0.20329400196656833,0.5959000748748436,0.7978111679659909,59.590007487484364
1834.27,21.72785980236435,20.669255415303024,20.69760684796917,20.570940971932316,14.977978494623645,14.978014825641642,15330.150537634408,20.645934411734913,27139.060537634545,-0.19794721407624633,0.5969159053910222,0.7981923970489087,59.69159053910222
1824.0850000000003,21.71569234650848,20.670879095526214,20.698124361521078,20.57513429062628,14.97903155818539,14.979034900312415,15531.147928994083,20.64804591589124,27340.057928994218,-0.19652859960552155,0.5979131456630667,0.7977454146565367,59.791314566306674
1813.8949999999998,21.77914037636233,20.69496313926091,20.704102558077576,20.576323602645875,14.97984765625,14.97983696828466,15731.2998046875,20.65846309999488,27540.209804687634,-0.19704101562500043,0.5989078488849594,0.8000762348798688,59.89078488849594
1803.6950000000002,21.723965194877724,20.70032801424029,20.7078826420209,20.602684816535177,14.978438976377937,14.97840824588298,15932.5531496063,20.67029849093203,27741.463149606432,-0.19824803149606485,0.5999096914377148,0.79804932515349,59.99096914377148
1793.4600000000003,21.843278644782945,20.70213452383328,20.71510403772129,20.611018664213425,14.980000969932073,14.980044994057279,16135.603297769156,20.676085741922723,27944.513297769292,-0.19594568380213073,0.6009221821905212,0.8024324116353745,60.09221821905212
1783.3050000000003,21.85529398014339,20.703623941087038,20.731578801924577,20.608967379839154,14.979900000000008,14.979961388905826,16336.956,20.68139004095032,28145.866000000133,-0.1991800000000003,0.6019278887714968,0.8028738057450537,60.19278887714968
1773.3100000000002,21.79734088367291,20.704350148088828,20.72266321987026,20.607507243853853,14.981499499499487,14.981474252016767,16533.815815815815,20.678173537271007,28342.72581581595,-0.1967267267267292,0.6029127848275415,0.8007448468227789,60.29127848275415
1761.9150000000004,21.885049011612743,20.70350519462495,20.717879665065006,20.609754550021115,14.981827343749956,14.98183702255812,16736.059375,20.677046469903765,28544.969374999833,-0.15474218749999977,0.6039262871322613,0.8039668834852831,60.392628713226124
1750.5249999999999,21.894351230952893,20.704297960651004,20.734418209897868,20.621008310706493,14.981728456913803,14.981774382112334,16931.033066132266,20.686574827085177,28739.9430661324,-0.20135270541082237,0.6049049906880988,0.8043086088471239,60.490499068809875
1740.4699999999998,21.87397587575978,20.70477619091847,20.73456439468137,20.641114191810626,14.981915103652476,14.981871503800262,17131.209279368213,20.69348492580362,28940.119279368348,-0.19914116485686037,0.6059114463395114,0.8035601019186805,60.591144633951146
1730.3150000000003,21.905105464398908,20.713412739791032,20.73924719160974,20.651579130379023,14.98186444007858,14.981865040360908,17333.19449901768,20.701413020593236,29142.104499017816,-0.19610019646365165,0.6069286953081787,0.8047036752480845,60.69286953081787
1720.32,21.912508045742126,20.721441192688136,20.738813680775074,20.643891659466952,14.980110091743116,14.980094574703294,17528.87767584098,20.701382177643364,29337.78767584111,-0.1976758409785952,0.6079158308012684,0.8049756157061158,60.79158308012684
1710.4200000000003,21.921281984179853,20.719917782488544,20.74739575599034,20.633853860197203,14.980737737737732,14.98074046265574,17724.11111111111,20.70038913289206,29533.021111111244,-0.19727727727727537,0.60890230302523,0.8052979341956895,60.890230302522994
1700.5499999999997,21.885196982815955,20.726048203474143,20.75548920092124,20.632913776319654,14.97959487179485,14.979610256455883,17922.104615384615,20.70481706023839,29731.01461538475,-0.20397948717948822,0.6099043557531971,0.8039723193400088,60.990435575319715
1690.6749999999995,21.975966473853056,20.729522687537166,20.74788128266612,20.635924024151464,14.979556999999977,14.97955638885496,18121.947,20.704442664785002,29930.857000000135,-0.19772000000000117,0.6109174399871505,0.807306817918738,61.09174399871505
1679.8550000000002,21.995112454609707,20.738679009775378,20.74886704493875,20.6317256258532,14.9786297250859,14.978678885074828,18320.026632302404,20.706423893522583,30128.936632302382,-0.16817010309278352,0.6119232411829046,0.8080101626757923,61.192324118290465
1634.8496796925049,21.95383042462645,20.747470425383845,20.75879234836351,20.650269069728623,14.97791319666884,14.977877282919065,14381.798846893018,20.718843947825263,30325.845954513923,-0.06532030749511158,0.6129247010088922,0.8064936303174698,61.29247010088922
1569.4449999999993,21.988475541829207,20.76500385905087,20.763875206290603,20.66591896108154,14.97735328638496,14.977347743918516,6593.208920187793,20.73159934214105,30524.088920187656,-0.22490610328638377,0.6139346862027738,0.807766349738418,61.39346862027738
1560.9249999999995,22.114737423494365,20.76614840326375,20.761854840658092,20.664822764105864,14.978786384976527,14.978787493452359,6787.342723004695,20.730942002675967,30718.222723004554,-0.22935446009389654,0.6149253088273088,0.8124046930864937,61.492530882730875
1552.3650000000002,22.128990347339432,20.764737810941973,20.76222307503748,20.665936906121,14.980490697674398,14.980500969005554,6979.902325581395,20.730965930700204,30910.78232558124,-0.22477906976744338,0.6159094755294007,0.8129282870139366,61.590947552940065
1543.72,22.123859279340227,20.764546435871917,20.76666072178001,20.670022582461623,14.977927502876854,14.977909154811693,7175.670886075949,20.733743246704602,31106.550886075776,-0.2272612197928672,0.6169116606658126,0.812739792633774,61.69116606658126
1534.995000000001,22.15073837923793,20.761831905920577,20.769686260122967,20.6721649724957,14.980110730593587,14.980141425695244,7371.003424657534,20.734561046179852,31301.88342465735,-0.22456621004565927,0.6179132353015777,0.8137272204510103,61.79132353015777
1526.315,22.117869796146117,20.760175604474732,20.77002707468721,20.67167034621272,14.97901860465112,14.979001614975207,7566.979069767442,20.733957675124948,31497.85906976727,-0.22326744186046749,0.6189197428184052,0.8125197636023243,61.891974281840525
1517.5849999999998,22.184516497144777,20.76180714326764,20.78419479517621,20.668992611425157,14.981189616252813,14.981192626023708,7760.283295711061,20.738331516623084,31691.163295710856,-0.22222347629796774,0.6199141399171272,0.81496808987603,61.99141399171272
1508.9049999999997,22.14668377626357,20.763866015842463,20.778299276739414,20.664457466262423,14.98327294117645,14.983278431378139,7954.782352941176,20.73554091961479,31885.662352941003,-0.22489411764705866,0.6209162888446933,0.8135782709780008,62.09162888446933
1500.4350000000006,22.18552605403854,20.76030621850293,20.778777541969248,20.660329767371426,14.98031990521327,14.980372235398558,8146.595971563981,20.733137842614518,32077.475971563807,-0.22736966824644292,0.6219061941873867,0.8150051768530411,62.19061941873867
1491.9550000000002,22.237831580711845,20.75773895869474,20.775825454074486,20.669497721796354,14.982092723004648,14.982055620789284,8340.451877934272,20.734354044855248,32271.331877934088,-0.22971830985915628,0.6229082406094377,0.8169266672388418,62.29082406094377
1483.4399999999998,22.243049618757063,20.755045232660567,20.787155781933702,20.67634414767193,14.980048178613405,14.98006201853468,8533.27027027027,20.73951505408876,32464.150270270082,-0.22081081081081064,0.6239065236994857,0.8171183565415661,62.390652369948576
1474.8399999999995,22.29460120011344,20.752139523920604,20.77825602174916,20.67462715885998,14.978719217491363,14.978789477042783,8727.216340621404,20.7350075681766,32658.096340621192,-0.22817031070195912,0.6249122661515232,0.8190121500706476,62.491226615152314
1466.1799999999998,22.224319190494377,20.74997177491233,20.767567413152193,20.66978040726825,14.978835457705685,14.978786854650416,8921.245654692932,20.729106531777642,32852.125654692725,-0.2218192352259563,0.6259200543039156,0.8164302774776944,62.59200543039156
1457.6200000000008,22.288710232359485,20.748819093622043,20.776194636742716,20.66969633297155,14.97991166077736,14.979887122088172,9113.911660777385,20.731570021112177,33044.79166077718,-0.2274793875147201,0.626922373205032,0.8187957400921574,62.692237320503196
1449.1150000000005,22.277499481453493,20.75213445346423,20.779726479205365,20.67163638060193,14.978857981220647,14.978864762619187,9304.448356807512,20.73449910442393,33235.3283568073,-0.22379107981220453,0.6279151891274845,0.8183839031132849,62.791518912748444
1440.595,22.308520350594634,20.7587867808615,20.783718850654722,20.669868494302854,14.978276995305139,14.978294209749627,9496.536384976525,20.737458041939735,33427.416384976306,-0.22413145539906001,0.6289176871634312,0.8195234825345223,62.89176871634312
1432.0000000000002,22.278931815476195,20.763736116014854,20.77140937180644,20.670257302481122,14.979630911188009,14.979565551720304,9690.213379469435,20.73513426343419,33621.0933794692,-0.22414071510957526,0.6299300955345357,0.8184365211869172,62.993009553453575
1423.4850000000001,22.306055973214868,20.759850414846014,20.76404887484715,20.671254346854322,14.978550239234425,14.978572900017111,9881.179425837321,20.731717878849214,33812.05942583711,-0.2275358851674655,0.6309299240295082,0.8194329514235027,63.09299240295082
1414.9999999999995,22.3246498223799,20.76076679310884,20.769267316376883,20.672175042673924,14.97899070847849,14.97905568459509,10069.600464576075,20.734069717386603,34000.480464575834,-0.22141695702671244,0.6319179881757087,0.8201160131318531,63.19179881757086
1406.4249999999995,22.302539254823266,20.75025749709828,20.767975685774474,20.67002191003193,14.97888524590164,14.97886026542296,10259.968384074942,20.729418364301633,34190.84838407471,-0.22067915690866408,0.6329178304355504,0.8193037616225618,63.291783043555036
1397.8300000000002,22.325170674385955,20.745694343057526,20.77055399190126,20.66397772458066,14.978927167630035,14.978985549129407,10449.097109826589,20.726742019846494,34379.97710982634,-0.21907514450867052,0.6339127335662267,0.8201351470969561,63.39127335662267
1389.2449999999997,22.371589458968035,20.740785733381202,20.776303678918367,20.661442823430846,14.979165492957721,14.979123956736153,10639.12676056338,20.7261774119101,34570.006760563134,-0.22315727699531063,0.6349139503820771,0.8218403827377732,63.49139503820771
1380.685,22.335172905821036,20.743044705510997,20.771506960023224,20.665404553280517,14.980126744186027,14.980114341051845,10828.786046511628,20.726652072938236,34759.666046511375,-0.2201395348837206,0.6359147918038945,0.8205025880302843,63.591479180389456
1372.1250000000005,22.371513357479778,20.744197872231926,20.760774804774734,20.66695067588222,14.980328638497644,14.980389280132583,11019.18075117371,20.72397445096301,34950.060751173456,-0.22343896713614478,0.6369211001800714,0.8218375870814184,63.69211001800714
1363.6000000000004,22.34469637068127,20.74371843854904,20.760002666647075,20.665533441332816,14.978023446658815,14.978008987895254,11208.001172332943,20.723084848843026,35138.88117233269,-0.21950762016413275,0.6379206618220357,0.8208524410445317,63.79206618220357
1355.0800000000002,22.385459961240567,20.7437423542053,20.771474169320225,20.662722420795617,14.979521739130433,14.979500587529134,11397.502937720328,20.725979648107035,35328.38293772007,-0.22176263219740763,0.6389254065771736,0.8223499280661161,63.892540657717355
1346.8550000000002,22.41237760428708,20.74561625921538,20.772613810094295,20.661819659752272,14.979685138539027,14.979711376983767,11580.418136020151,20.72668324302061,35511.29813601994,-0.23301007556675318,0.6398967288651966,0.8233387718004569,63.98967288651966
1338.9650000000001,22.343200060866785,20.74168844506316,20.773311812839165,20.66708890680339,14.976431122448972,14.976439554995808,11768.969387755102,20.727363054901915,35699.8493877549,-0.24137755102040556,0.6408995307213325,0.8207974727628686,64.08995307213326
1331.195,22.417653590962612,20.740469048932805,20.767505890980118,20.673261666385393,14.980312987012985,14.980333694088742,11958.228571428572,20.727078868766128,35889.108571428376,-0.24857142857143047,0.6419076746866621,0.8235325898980351,64.19076746866621
1323.5349999999999,22.41529897792041,20.74560059576495,20.772364532882904,20.67220698861549,14.97583858267717,14.975805263906759,12146.38845144357,20.730057372421147,36077.26845144338,-0.2417060367454072,0.6429115324654411,0.8234460910782999,64.29115324654411
1315.875,22.432610646643166,20.745695305364826,20.765728175782005,20.67028878688663,14.975080519480525,14.975099206357715,12331.563636363637,20.727237422677856,36262.44363636344,-0.24368831168831093,0.643901001690174,0.8240820507393259,64.3901001690174
1308.175,22.423842717451105,20.74593907841795,20.77750628216135,20.664765176778122,14.979505194805178,14.979506854284976,12519.549350649351,20.7294035124525,36450.429350649145,-0.24261038961039605,0.6449070461477632,0.8237599530047757,64.49070461477632
1300.43,22.473838939871225,20.737344740706533,20.778401333344853,20.66169623396394,14.976055198973034,14.976076879177985,12707.218228498074,20.7258141026718,36638.09822849786,-0.23953786906289928,0.645912964161985,0.8255966090298005,64.5912964161985
1292.73,22.46406401739157,20.731893942506282,20.77945360529145,20.659803054147087,14.97676084099866,14.976777631769528,12893.034165571617,20.723716867314895,36823.91416557141,-0.24437582128778076,0.646910494982333,0.8252375184946087,64.6910494982333
1285.075,22.481323703426778,20.73217481944162,20.78417122777027,20.663159821848858,14.97665714285714,14.976656926400645,13078.376623376624,20.726501956353612,37009.25662337641,-0.24055844155843625,0.6479070182732221,0.8258715685250334,64.79070182732221
1277.375,22.463535227635038,20.737638903242576,20.795307216285497,20.666091081034565,14.975941558441557,14.975922799428549,13263.892207792207,20.73301240018759,37194.77220779199,-0.2412857142857154,0.6489060091844443,0.8252180929291301,64.89060091844443
1269.55,22.50570598343598,20.755817028778207,20.79722332411204,20.667434859962615,14.976132075471712,14.97610761705258,13450.067924528303,20.740158404284365,37380.94792452805,-0.22993710691824265,0.6499101064072853,0.8267672734266246,64.99101064072853
1261.525,22.50511431164867,20.76911080450147,20.78779910562096,20.667415664011145,14.976885185185179,14.976944787348739,13637.392592592592,20.74144185804462,37568.27259259233,-0.2384938271604942,0.6509219692756597,0.8267455378334057,65.09219692756596
1253.0049999999997,22.496048463178337,20.76966076231064,20.800234070300636,20.666662525670475,14.979553691275148,14.97956437982189,13829.889261744966,20.745519119427335,37760.76926174464,-0.19989932885905942,0.6519634031818933,0.8264124957672456,65.19634031818933
1242.8549999999993,22.556002390329503,20.77219084442533,20.805413601296728,20.685286451031306,14.979154049295765,14.97912387519575,14007.492077464789,20.754296965584572,37938.37207746512,-0.16280809859154674,0.6529257395920437,0.8286149569972319,65.29257395920438
1231.5249999999999,22.580014766992836,20.775523803394613,20.811716368883715,20.701149643863957,14.978285840707967,14.978272861376826,14190.490265486726,20.76279660538073,38121.37026548706,-0.15992035398230012,0.653918796919597,0.8294970731679954,65.3918796919597
1220.2150000000004,22.60797906813203,20.779279607745675,20.832447108503303,20.710265475682068,14.977768551236725,14.977756183745175,14370.969964664311,20.773997397310325,38301.84996466466,-0.15886042402827008,0.6548996667844303,0.8305243668251304,65.48996667844304
1208.535,22.630850321448804,20.788328350134673,20.84222433786634,20.714155144898893,14.980212624584677,14.98023209673274,14556.45514950166,20.781569277633235,38487.335149502156,-0.15788205980066156,0.6559092828537256,0.8313645628073617,65.59092828537257
1196.78,22.55220346972177,20.793617426895807,20.83479064337737,20.70845044615835,14.976929380993914,14.976941780487124,14741.714908456845,20.778952838810476,38672.59490845724,-0.15722755013077924,0.6569192120428191,0.8284754002450407,65.69192120428191
1185.35,22.615266090219766,20.808662210203057,20.84873897900276,20.713092786164193,14.97753994732223,14.977531704207625,14922.64881474978,20.79016465845663,38853.52881475017,-0.1602633889376654,0.6579070660022226,0.8307920621103756,65.79070660022226
1169.0783815028904,22.660614710416112,20.820773419031113,20.856035606083847,20.713049139012135,14.977464079273313,14.977462840649814,15025.890999174237,20.79661938804231,39037.05658133828,-0.7381668042939705,0.6589105999461226,0.8324579843036624,65.89105999461225
1161.7700000000004,22.638108211247822,20.820062441012908,20.86160285460723,20.72571619314964,14.978889837745472,14.978887940032529,15289.64901793339,20.802460496256643,39220.52901793386,-0.15247651579846533,0.6599153585889191,0.8316311878918794,65.99153585889191
1149.8850000000002,22.68866754018904,20.822440954933242,20.87262587224226,20.739245352988593,14.98018325041457,14.980166067794835,15470.530679933665,20.811437393388065,39401.41067993422,-0.15208126036483932,0.6609074327889047,0.8334885301394755,66.09074327889047
1137.8400000000001,22.700845299609117,20.82671564672993,20.897601231843776,20.752175287244974,14.979842892768065,14.979855915763956,15651.669991687448,20.825497388606305,39582.549991688,-0.15078969243557894,0.6619024110402859,0.8339358910425101,66.19024110402859
1125.765,22.725646735353262,20.839966051746845,20.88943175847972,20.754800510160823,14.97992656765671,14.979927346880935,15836.698019801981,20.828066106795852,39767.57801980256,-0.1545544554455443,0.6629203025613691,0.8348469940055695,66.29203025613691
1114.0249999999999,22.656042552955356,20.853421242861085,20.9094154148844,20.767448832444213,14.977641725352095,14.977645491029605,16017.080985915492,20.84342849672989,39947.96098591594,-0.15542253521126556,0.6639141345502556,0.8322900220028889,66.39141345502556
1102.325,22.681754442589316,20.863362539349463,20.898837936962178,20.77909838891572,14.976969269102982,14.976976052058676,16198.865448504983,20.84709962174258,40129.74544850557,-0.15420265780731188,0.6649172103197089,0.8332345713053175,66.49172103197088
1090.4850000000001,22.727010083766345,20.88552678549272,20.908206433341295,20.775888878852758,14.976134879725075,14.97615669145995,16382.188144329897,20.856540699229026,40313.06814433042,-0.155713058419244,0.6659302973901563,0.8348970778310245,66.59302973901563
1078.8500000000001,22.722022089294878,20.89107018844185,20.906329039193526,20.784962084454442,14.974902837489223,14.974878905147818,16561.699914015477,20.86078710403011,40492.57991401601,-0.1524591573516747,0.6669238239692334,0.834713839385091,66.69238239692335
1066.965,22.689020488776844,20.901969455767475,20.918303190810125,20.80029064260036,14.975340197693532,14.975339785837582,16743.67957166392,20.87352109639279,40674.55957166455,-0.15126029654036027,0.6679325262609269,0.8335014960220749,66.7932526260927
1053.6150000000002,22.738113852748302,20.898752881855675,20.949390692515205,20.8091821744334,14.976151785714285,14.976179029301113,16918.58379120879,20.88577524960143,40849.46379120977,-0.1215315934065964,0.6689034292206052,0.8353049847330666,66.89034292206053
1040.515,22.76215877216163,20.907654640276153,20.95459274753252,20.818666265141076,14.975732817869401,14.975744081720293,17100.189003436426,20.893637884316494,41031.06900343698,-0.15482817869415907,0.6699130530866712,0.836188296390908,66.99130530866711
1029.0799999999997,22.710375699243524,20.91749290197097,20.96361576205288,20.833191417250156,14.97548886910062,14.975553824060103,17279.60373998219,20.90476669375798,41210.48373998269,-0.1569991095280478,0.6709119783710575,0.8342859988119,67.09119783710575
1017.6049999999999,22.73484533558921,20.917950665392368,20.976617334335643,20.837246632999335,14.975294368600684,14.975200037913027,17458.823378839592,20.910604877575857,41389.70337884018,-0.15690273037542612,0.6719113116692333,0.8351849128267793,67.19113116692334
1006.0949999999992,22.71717251290913,20.927122229445075,20.980505078592454,20.849079285843,14.976707079646017,14.976760570337207,17638.231858407078,20.91890219796029,41569.1118584076,-0.15151327433628242,0.6729131787135016,0.8345356858515528,67.29131787135016
994.705,22.696327303325344,20.941937108661726,20.986692055355114,20.856333326139303,14.975053135888487,14.974977739019685,17815.644599303138,20.928320830052186,41746.5245993037,-0.15841463414634196,0.6739053830020859,0.8337699184010993,67.39053830020859
983.3549999999997,22.73376692068623,20.946594845649397,20.99871087347525,20.871002105034304,14.976822638146114,14.976863240276,17994.126559714794,20.93876927471973,41925.00655971532,-0.1605436720142644,0.6749050333326675,0.8351452962891058,67.49050333326674
971.8549999999999,22.709146040624947,20.945001242348578,21.003195408486405,20.872836750433112,14.976425297113764,14.9764299188621,18176.314091680815,20.940344467089353,42107.19409168146,-0.15249575551782632,0.6759269755540613,0.8342408262008264,67.59269755540613
959.16,22.687630943632925,20.96314411901701,21.011678561036298,20.87166105884471,14.97559000734754,14.97558372112108,18354.614254224834,20.948827912966138,42285.494254225756,-0.1309404849375453,0.6769286008630546,0.8334504498362415,67.69286008630546
913.7618047337279,22.666557964276617,21.007722746609428,21.055532290169403,20.90963286040689,14.97692044707433,14.97692955534867,14337.715976331361,20.99096263239523,42467.49299473832,-0.05799474030257794,0.6779525042998742,0.8326763150591227,67.79525042998742
847.9735303514373,22.68915458705257,21.07541183250857,21.102901067460756,20.98805020752394,14.977273961661373,14.97729255416141,6551.390575079872,21.055454369164533,42635.50057507939,-0.5536821086261974,0.6788991344817057,0.8335064222423799,67.88991344817057
835.225,22.710238389057746,21.079947621887992,21.131023160860096,21.018800338225446,14.977905909797805,14.977886642464405,6731.640746500778,21.076590373657957,42815.7507465003,-0.13992223950233462,0.6799161837230471,0.8342809545992016,67.99161837230471
822.2799999999999,22.72412773425468,21.082945411111325,21.135985558621606,21.01620935378627,14.976882578664652,14.976886032212585,6910.626247122026,21.078380107839816,42994.736247121546,-0.13996162701457815,0.68092759562708,0.8347911921392548,68.09275956270801
809.4599999999999,22.68629322268182,21.101751548886245,21.157044947826954,21.019089580929215,14.97418160190326,14.97418142570905,7085.123711340206,21.092628692547482,43169.23371133973,-0.1384456780333083,0.6819151004844564,0.8334013074585633,68.19151004844564
796.7549999999999,22.702665891904395,21.117161356679652,21.17273163910662,21.040273116556843,14.97620234374999,14.976197265606018,7262.83203125,21.110055370781055,43346.94203124952,-0.13490625000000023,0.6829222472385978,0.834002772131648,68.29222472385979
784.2099999999999,22.70610454155899,21.118768529225644,21.185644344023345,21.052474691037897,14.973829943043107,14.97384797941,7438.155410903173,21.1189625214288,43522.2654109027,-0.14262815296989492,0.6839173393013833,0.8341290940075887,68.39173393013833
771.72,22.68785932807185,21.128935903184896,21.18384083921878,21.045982617289575,14.975985815602852,14.97599225108032,7611.017336485422,21.119586453230955,43695.12733648494,-0.13695823483057756,0.6848998735720278,0.8334588397432279,68.48998735720278
758.825,22.665023000570333,21.15188284731387,21.186348508444084,21.05308201609062,14.97577404580153,14.975774809174629,7786.274809160305,21.130437790616014,43870.38480915982,-0.1364427480916015,0.6858974705414195,0.8326199267921122,68.58974705414195
745.8849999999999,22.685393945698333,21.177175903028246,21.191035667019612,21.082133489267964,14.974538341158082,14.974521604921922,7964.9475743348985,21.15011501977198,44049.057574334416,-0.13544600938967022,0.6869160003395838,0.8333682717128623,68.69160003395838
733.1899999999998,22.644811514482974,21.193222505817236,21.196145450338207,21.11245506590317,14.976339413164167,14.976361133168039,8139.449643140365,21.167274340686166,44223.55964313988,-0.13743061062648923,0.687912212647987,0.8318774397420884,68.7912212647987
720.5649999999999,22.638923240204917,21.203030016584588,21.21725415760608,21.113048752757663,14.973749999999992,14.973779008416011,8313.291930379746,21.177777642316006,44397.40193037926,-0.1393749999999986,0.6889061008081229,0.8316611287108485,68.89061008081228
707.9449999999998,22.632500602868785,21.205819420539843,21.21192874497124,21.109758497466064,14.976601587301573,14.976598324520218,8489.270634920635,21.175835554325573,44573.38063492015,-0.13977777777777986,0.6899136657978049,0.8314251873739045,68.99136657978049
695.3799999999999,22.6555608564992,21.207272190905062,21.203992584025038,21.12284435365271,14.976821229050275,14.976808548375361,8663.741420590582,21.178036376194218,44747.8514205901,-0.13922585794093942,0.6909140444875268,0.8322723264519932,69.09140444875268
683.0499999999998,22.622695761499532,21.203698066499427,21.202264886799853,21.127501090956006,14.978733718054412,14.978735229438763,8836.213520197856,21.177821348084986,44920.32352019738,-0.14140148392415236,0.6919043922326,0.8310649977414972,69.19043922326
670.55,22.62826975608902,21.19890315418519,21.212906302849813,21.139026458017312,14.977731934731944,14.977721661048825,9009.522921522921,21.18361197168398,45093.63292152243,-0.13678321678321745,0.6929009832026507,0.8312697634267966,69.29009832026507
657.76,22.640736442797472,21.19581752091615,21.21148369986623,21.137103573920307,14.97716365066878,14.977144855350963,9183.47678992919,21.18146826490081,45267.586789928704,-0.1372226593233702,0.6939027166198193,0.831727738332636,69.39027166198193
645.39,22.614144733901796,21.19493159882871,21.196910623069574,21.148595967473227,14.975965918536966,14.976016902175997,9359.054862842893,21.180146063123804,45443.164862842415,-0.14617622610141193,0.694915275510146,0.8307508680813489,69.4915275510146
633.6399999999999,22.61054819836911,21.191447823570456,21.19188750497404,21.147066858389227,14.976360069747152,14.97635571055659,9534.573670444639,21.176800728977856,45618.68367044417,-0.1504097646033102,0.6959289670230199,0.8306187461262176,69.59289670230199
622.305,22.622739454540252,21.193694064645815,21.184112927422138,21.13981496983821,14.976426785714258,14.976458333344022,9707.750892857142,21.17254065396869,45791.860892856675,-0.15197321428572,0.6969305860808005,0.8310666028444952,69.69305860808005
611.095,22.60641596364568,21.190525576006145,21.181515114454772,21.118447106982394,14.977137254901976,14.977113784900059,9879.8440285205,21.163495932481073,45963.95402852003,-0.15557932263814409,0.6979273634247377,0.8304669447813514,69.79273634247377
599.8749999999999,22.64168849474204,21.183925575063576,21.161860455537948,21.09831634089412,14.977891265597128,14.977881511170457,10052.20588235294,21.148034123831827,46136.315882352465,-0.1540463458110486,0.6989271229091176,0.8317627128138165,69.89271229091176
588.8149999999999,22.586613306339,21.184362541675853,21.159610430143328,21.0802650705911,14.97624495412845,14.97626146789599,10221.935779816513,21.141412680803473,46306.04577981604,-0.15751376146789203,0.6999130178218513,0.8297394764228785,69.99130178218513
577.6699999999998,22.58864617047724,21.18406869257222,21.138808880785724,21.080247893592134,14.976486391571548,14.976480343396265,10395.92712906058,21.134375155650115,46480.0371290601,-0.1488235294117665,0.7009251093140486,0.8298141555083538,70.09251093140486
566.1199999999999,22.550443391075973,21.152500243565132,21.122622791559554,21.076119243103687,14.979182749786506,14.979219565424062,10564.545687446627,21.11708075940956,46648.655687446146,-0.14635354397950245,0.701907344764175,0.8284107421790341,70.1907344764175
554.37,22.554886283579407,21.131356383653213,21.11116305319126,21.057243588470865,14.977342663273934,14.977338846459416,10737.860050890586,21.099921008438468,46821.9700508901,-0.146276505513146,0.7029183687387994,0.8285739558157844,70.29183687387994
542.7449999999998,22.564761532172177,21.122831176281434,21.11241871729736,21.05382797133271,14.976130017452007,14.976135834817427,10908.916230366493,21.096359288303812,46993.02623036601,-0.1458813263525308,0.7039176449457089,0.8289367319206293,70.39176449457088
531.1899999999999,22.53984641998579,21.1138001944436,21.089800014517106,21.038251779390816,14.976924463519309,14.976906771567773,11079.578540772533,21.080617329450476,47163.688540772055,-0.14975107296137263,0.704916041038166,0.828021452951615,70.4916041038166
519.4350000000001,22.535532662074402,21.09310098780814,21.08097398810712,21.033637788948184,14.975187183811075,14.975174957834321,11250.693929173693,21.069237588287763,47334.80392917321,-0.14570826306914414,0.7059185055329246,0.8278629831898023,70.59185055329246
507.92499999999984,22.54900115569901,21.06990705152479,21.063300291672103,21.026254888875982,14.974693548387085,14.97472496015619,11419.808243727599,21.05315407735769,47503.91824372712,-0.14997311827956572,0.7069106451127023,0.8283577603702816,70.69106451127023
496.5250000000001,22.537870033930812,21.062030449064007,21.040026316877558,21.016010194859348,14.974626288659785,14.974581185570425,11588.91237113402,21.039355653600502,47673.02237113354,-0.14623711340206286,0.7079041240155484,0.8279488486391302,70.79041240155483
485.18993624772315,22.548603391946926,21.057275302331828,21.037078919922997,20.980504354703495,14.973559198542793,14.973581511858322,11757.632969034608,21.024952858986193,47841.74296903414,0.49277777777777754,0.7088967373969505,0.82834314816247,70.88967373969504
473.995,22.509689415389676,21.027007514490904,21.026682739608788,20.962121160866797,14.973767256637155,14.973759832840498,11928.42389380531,21.005270471655603,48012.53389380483,-0.15341592920354033,0.709902954128283,0.8269136083684239,70.9902954128283
463.06000000000006,22.498629877937255,21.020282595437774,21.01167250819728,20.970261660393867,14.974514664143774,14.974508304413227,12100.549668874171,21.000738921343036,48184.659668873705,-0.16017029328287882,0.7109184758118834,0.8265073263512488,71.09184758118833
452.6499999999999,22.50215811874638,21.006607126818285,20.999164324788865,20.953166972301517,14.975414634146341,14.975428455308823,12268.279024390244,20.986312807969725,48352.38902438978,-0.16400975609756155,0.7119094551546167,0.826636939438521,71.19094551546166
442.33,22.511260922756616,20.994392655440407,20.984438062740367,20.930641573138825,14.976750721847912,14.97678403378985,12436.066410009626,20.9698240971065,48520.17641000916,-0.1625890279114536,0.71290216552015,0.82697133909955,71.290216552015
