rei,a,cf,cfc,cfcrei,epsilon,epsilonc,eta,etac,fic,ficfn,foc,g,gc,gstd,jlamc,lambc,lambda,mu,muc,nuw,nuwc,nuwta,nuwtac,reic,reoc,rho,ta,tac,tempavg,tempavgstd,tempbot,tempmid,temptop,time,torque,torquestd,dr
265438.10174298874,0.0,0.0050852210851278674,0.004612445428687407,0.03195138640583524,0.08488824012173041,0.08488824012173041,7.928155607338076e-05,8.223640938250526e-05,4.00173301256836,-4.007434158570933,0.0,358302188.07397383,324990646.7791145,121574496.22581682,6.502438862201217e-06,0.0003383322952669031,0.00032222123358752674,1.4966556567939507e-06,1.5714884396336486e-06,129.59325261306466,123.42214534577585,0.005025147707483831,0.004785854959508409,252798.19213617968,0.0,1032.0440046179297,106816486124.41992,96885701700.15414,19.361677856329425,0.03035627460562285,19.40233259533268,19.33704860317745,19.345652370479023,59.869256584142896,2.7895744250508523,0.9464889850681476,-0.3288597361709389
276539.8446216949,0.0,0.005039969754803557,0.004571401138143815,0.03166706391201121,0.09513812908268808,0.09513812908268808,7.706385817274655e-05,7.993605704993402e-05,4.168516877676378,-4.173407671024772,0.0,385491982.22087085,349652591.5835563,117688054.0132208,6.772496693365517e-06,0.00032772693001247363,0.00031212088572616536,1.496446654740957e-06,1.5712689874780046e-06,133.8087751327716,127.43692869787772,0.005021310838326196,0.004782200798405901,263371.28059209033,0.0,1032.0430899851954,115959226780.98358,105178436989.55428,19.365789073322073,0.03122260682330685,19.40790315523332,19.341921695915087,19.347542368818907,59.8567896690707,3.0003611890246216,0.916039538041968,-0.5894289580945067
287641.587500401,0.0,0.004974936421121892,0.004512413987412146,0.03125844742534566,0.10556896643843806,0.10556896643843806,7.507380204486026e-05,7.787183078429986e-05,4.3340393428572925,-4.339014488835474,0.0,411665775.2987839,373392993.4682846,125726830.62497358,7.038455517564601e-06,0.00031923679319765825,0.00030403504114062685,1.4958240150776716e-06,1.5706152158315546e-06,137.3686250143007,130.82726191838162,0.0049954976036822385,0.004757616765411654,273944.3690480009,0.0,1032.0403651956076,125480396706.71338,113814418781.59946,19.378036832266666,0.03471361677468491,19.42408185788264,19.34937226576207,19.36065637315707,59.85212725164743,3.2013538265205064,0.9777778891429622,-0.2487700263508419
298743.33037910715,0.0,0.004920948127900339,0.004463445013968561,0.030919228974616294,0.11684891451145077,0.11684891451145075,7.317310688118817e-05,7.590029599950815e-05,4.4991344095423935,-4.504082397337852,0.0,439297623.55039436,398455894.3767749,136527911.31276065,7.3030296363310515e-06,0.0003107624877273958,0.00029596427402609133,1.495101380303004e-06,1.5698564493181543e-06,141.128730594508,134.4083148519124,0.004978882997933935,0.004741793331365652,284517.4575039116,0.0,1032.0372028083943,135359829046.44048,122775355144.1637,19.392251565196474,0.03739160150573916,19.44245204077094,19.36092316770893,19.373379487112146,59.857201469664815,3.412907964290442,1.0607213604110346,-0.026536577945845963
309845.0732578133,0.0,0.004864977759531853,0.004412678239938189,0.030567556778446,0.1286435385886784,0.1286435385886784,7.139746048697148e-05,7.405847059867697e-05,4.6640630059509585,-4.668781514090651,0.0,467088591.6840484,423663121.70888734,140186777.02485505,7.5670675180993045e-06,0.0003030467171858168,0.0002886159211293494,1.494373664815036e-06,1.5690923480557878e-06,144.7004398178605,137.80994268367675,0.004958285255743669,0.004722176434041591,295090.54595982225,0.0,1032.0340181870133,145595309846.04544,132059237955.59676,19.40656623932092,0.038388766280399916,19.45877899644453,19.375553536440734,19.385366185079967,59.865425184141856,3.6252908052994366,1.0880877269396696,0.24258697489100145
320946.8161365195,0.0,0.004796276655112529,0.004350364313027237,0.030135895008571494,0.14068778302975038,0.14068778302975038,6.977711163250338e-05,7.237773073510547e-05,4.828517302184976,-4.8333393553225,0.0,494093050.5729185,448156961.97090113,137148643.51466456,7.82957056439199e-06,0.00029671390619522166,0.00028258467256687785,1.4935513898495166e-06,1.5682289593419925e-06,147.78340492017426,140.74609992397546,0.0049229756353731035,0.004688548224164861,305663.6344157328,0.0,1032.0304197553744,156187225745.40466,141666417909.66406,19.42274096470014,0.03884712395435233,19.4753069572702,19.392695156536195,19.400220780295797,59.86182397807428,3.8306571732767103,1.0633093781202672,0.7076743080350778
332048.55901522556,0.0,0.004742813085252156,0.004301871279140277,0.029799973491955418,0.15364128917873626,0.15364128917873626,6.820385441931291e-05,7.074583763593166e-05,4.9915484438763675,-4.997768720005097,0.0,522935806.26435137,474318191.62299436,147073427.93073905,8.087462120483304e-06,0.0002899859536535681,0.0002761770987176839,1.4923522609375184e-06,1.566969873984394e-06,151.1987129867721,143.9987742731164,0.004901435897090983,0.004668034187705699,316236.7228716435,0.0,1032.025172139191,167150625938.16968,151610545068.6346,19.446328671561204,0.04247572906640905,19.504064061946327,19.411210457540182,19.42371149519873,59.85050295599638,4.047821843636759,1.1385095127173912,1.2372391534135496
343150.30189393176,0.0,0.004693511928034225,0.0042571536762215185,0.02949020518529677,0.16744602131733288,0.1674460213173329,6.67235788924698e-05,6.921039168540438e-05,5.154118519290508,-5.160698120680354,0.0,552720509.7804163,501333795.7191984,164873727.87517178,8.343874669198087e-06,0.00028359184116527576,0.000270087467776453,1.4911102192587174e-06,1.5656657302216534e-06,154.62125339463483,147.25833656631886,0.00488237142037371,0.004649877543213056,326809.81132755405,0.0,1032.019736728578,178545856796.57587,161946355371.04382,19.47076050264761,0.04287782755024102,19.528368900820727,19.43467545449903,19.449237152624093,59.859007083684155,4.271163715381803,1.2742252369039522,1.6964380117955535
354252.0447726379,0.0,0.004654801839136914,0.004222042484477926,0.02924698252349757,0.18228302787333275,0.18228302787333275,6.52883247023708e-05,6.772164503371539e-05,5.316234909575922,-5.323061699742516,0.0,584257607.1323125,529938872.68236965,181601618.06033403,8.598831462756731e-06,0.00027701407689087633,0.0002638229303722631,1.489817373991089e-06,1.564308242690644e-06,158.3062384772619,150.76784616882085,0.004872992093307287,0.0046409448507688435,337382.8997834647,0.0,1032.0140789917982,190305187984.79825,172612415405.71265,19.496191675963843,0.0474165528039903,19.558254093337354,19.457766698968424,19.472554235587573,59.86281225410092,4.5069590652941125,1.4010709728529092,1.8562656470576422
365353.7876513441,0.0,0.004609758483934086,0.004181186833500303,0.028963966775901087,0.19733581515246648,0.19733581515246648,6.394947979625506e-05,6.633290087615738e-05,5.476752103072138,-5.483860784187937,0.0,615374988.3770049,558163254.7637231,171644947.45382807,8.848629881921809e-06,0.00027121513825105416,0.0002583001316676706,1.4881710148759997e-06,1.5625795656197994e-06,161.6794308569289,153.98041033993232,0.0048556662191882325,0.004624444018274507,347955.9882393753,0.0,1032.0068742111864,202419702876.10226,183600637529.34445,19.52857671464168,0.04881849328840525,19.591665422041327,19.48681674755589,19.50724797432786,59.86450094528351,4.736417324939182,1.3215139666265745,2.1880262915067283
376455.5305300502,0.0,0.004559372745617827,0.004135485483553585,0.028647383845220982,0.21270506539902256,0.21270506539902256,6.269740416639332e-05,6.503415991829996e-05,5.636248250655915,-5.643515217371472,0.0,646208694.6504358,586130335.2838421,146933770.16494304,9.095148763454304e-06,0.00026610319058910034,0.0002534316100848574,1.4863373249070928e-06,1.5606541911524476e-06,164.78213702485962,156.93536859510445,0.004831539801282135,0.004601466477411557,358529.07669528585,0.0,1031.9988496351293,214883151263.29602,194905352619.7696,19.56464668262249,0.046094787857695774,19.62449862105035,19.52163632646026,19.547805100353965,59.86235686271273,4.961531486612032,1.1282499908306811,2.6336725402901995
387557.2734087564,0.0,0.0045208360962563756,0.004100531606581747,0.02840525093616518,0.229225388920018,0.229225388920018,6.147002096405728e-05,6.376103168399672e-05,5.795497285161604,-5.801797736697263,0.0,679058038.6666418,615925658.6545503,144676512.6165914,9.340905926258068e-06,0.0002606537062825598,0.00024824162503100933,1.4845443902619342e-06,1.558771609775031e-06,168.2164781080591,160.20616962672295,0.004818741210979142,0.004589277343789659,369102.1651511965,0.0,1031.9910034121203,227707392649.7031,206537317596.10254,19.599914964796227,0.044870976660511534,19.658451393355648,19.556919498734636,19.58437400229736,59.85633869172297,5.201217428588757,1.1082998087861675,2.832899276023959
398659.0162874625,0.0,0.004490312954053988,0.004072846216829014,0.02821346837755017,0.24695208888932915,0.2469520888893292,6.0288097742583e-05,6.25350577410801e-05,5.954160990641335,-5.960998701061087,0.0,713709424.3891884,647355486.9743204,169231255.6377936,9.58480211398206e-06,0.0002551416625312976,0.0002429920595536167,1.4827212957686448e-06,1.5568573605570768e-06,171.86178886990433,163.6778941618136,0.004813244143572015,0.004584042041497157,379675.2536071072,0.0,1031.98302520388,240967708392.8413,218564814868.79028,19.635776512339167,0.045247944879185584,19.6930568397907,19.594079183916048,19.620193513310767,59.86104909424729,5.453082510341932,1.2931713087355874,2.937830678289932
409760.7591661687,0.0,0.0044662401159309174,0.00405101144302124,0.02806221427475318,0.26562362405930073,0.26562362405930073,5.914200031580275e-05,6.134624483365304e-05,6.111031569348709,-6.117604759303778,0.0,750034212.7404761,680303140.807688,195324380.81983644,9.822960569630212e-06,0.00024958829559908896,0.00023770313866579903,1.480567332085681e-06,1.5545956986899646e-06,175.69926769325255,167.3326358983358,0.004813765360518524,0.00458453843858907,390248.3420630177,0.0,1031.9735990491372,254601284276.21045,230930870091.80084,19.67814648894032,0.04673576284782971,19.735826591612906,19.63049437841969,19.668118496788797,59.8615629694354,5.713798138835951,1.488089022389086,2.919597888492198
420862.50204487477,0.0,0.0044415294856635975,0.004028598172937503,0.02790695280572641,0.2848672604609476,0.2848672604609476,5.8047200503799634e-05,6.0210641422331943e-05,6.266940277656043,-6.273984945979921,0.0,786820983.8744698,713669826.6435099,219758633.1276625,1.005806619329479e-05,0.0002443476670700109,0.00023271206387620087,1.4782877750171375e-06,1.5522021637679947e-06,179.46065686345685,170.91491129853034,0.004812805452132422,0.004583624240126115,400821.4305189283,0.0,1031.9636232738517,268576116315.7415,243606454708.1555,19.722986975536752,0.048043789985489326,19.782346673808966,19.673385164309934,19.713229088491666,59.85917814137689,5.975578213787512,1.6691282323102956,2.967980419888716
431964.24492358096,0.0,0.004417968700441036,0.004007227846205022,0.02775891602619041,0.30485820068238945,0.30485820068238945,5.699627502031174e-05,5.912054755219364e-05,6.4220646749833135,-6.430332970162362,0.0,824447695.9139851,747798363.6408027,261911131.38322863,1.0290700755681441e-05,0.00023931559634342113,0.00022791961556516293,1.4759373628847557e-06,1.549734231028993e-06,183.22454291377792,174.4995646797885,0.004812352099611179,0.00458319247582017,411394.518974839,0.0,1031.953337423331,282898719705.2218,256597478190.67725,19.769221230942144,0.048786491162191095,19.82968049965506,19.723096794002327,19.754886399169656,59.85356957935035,6.241498210304633,1.98263831862858,2.9634076225711237
443065.9878022871,0.0,0.0044036814151595825,0.003994268857287605,0.027669146365230515,0.3261733467141745,0.3261733467141745,5.596498079511338e-05,5.8050816604698997e-05,6.5757947291810215,-6.583762510019902,0.0,864526705.5251925,784151206.8255713,386395923.9282496,1.0518925691116676e-05,0.0002340642497804105,0.0002229183331242005,1.473394652783048e-06,1.5470643854222005e-06,187.3276008290315,178.4072388847919,0.004821228735277957,0.004591646414550435,421967.60743074963,0.0,1031.942210040323,297607733736.6543,269938987516.2397,19.819238122296888,0.05299680951119673,19.884068746901892,19.766377921524075,19.807267698464774,59.86892906079875,6.522403548424668,2.9152430423962796,2.810725724733776
454167.7306809932,0.0,0.004391800036121749,0.003983492096255556,0.02759449345903096,0.3486186388603957,0.3486186388603957,5.497786110675709e-05,5.7026906595590916e-05,6.728638512346295,-6.736871307908023,0.0,906032589.1432066,821798266.7965591,344472302.95208246,1.0744395523145134e-05,0.00022898974832899862,0.00021808547459904637,1.4708040385709142e-06,1.5443442404994601e-06,191.499338113742,182.38032201308758,0.004832003872937429,0.004601908450416599,432540.69588666025,0.0,1031.9308730198168,312752673836.50977,283675894636.29004,19.87019732110736,0.051986052870829934,19.93523269100565,19.819056694620762,19.856302577693526,59.881209568692114,6.811260551024383,2.590154714185522,2.6465595243175044
465269.47355969937,0.0,0.0043714578679694156,0.003965041150085638,0.02746667984698004,0.37102381615519375,0.37102381615519375,5.40542254908095e-05,5.606884673406367e-05,6.8804683993288025,-6.889206913484774,0.0,946437758.1111127,858446946.1325285,283574346.2059933,1.0966684949819653e-05,0.00022456676736844745,0.00021387311177947376,1.4681092509325243e-06,1.5415147134791503e-06,195.26691048404723,185.968486175283,0.004832878419127766,0.004602741351550253,443113.78434257075,0.0,1031.918390097937,328236569154.3665,297720244130.94464,19.924688492792406,0.05379021185922868,19.98856457372295,19.871485007137466,19.9140158975156,59.87799499644453,7.088860896295657,2.1244323564054857,2.6981229580040456
476371.2164384056,0.0,0.0043505017673244545,0.003946033349047123,0.02733500878331184,0.394662126242504,0.394662126242504,5.3167325132874956e-05,5.514889126738376e-05,7.035110714461017,-7.044344184457668,0.0,987358518.8386221,895563282.3933078,224740132.7865676,1.1197978380206647e-05,0.00022037370569577504,0.000209879719710262,1.4660994081756285e-06,1.53940437858441e-06,198.97462624668248,189.49964404445942,0.0048325185206522115,0.0046023985910973435,453686.8727984815,0.0,1031.908816843118,344054049697.3729,312067165258.3882,19.965894956438927,0.05543889372085537,20.02281663085649,19.917725130648755,19.95714310781214,59.869265248005206,7.375438119381207,1.6784814684173246,2.7646015888866504
487472.9593171117,0.0,0.004336707626784585,0.0039335216569474675,0.02724833764214655,0.42202898491236973,0.42202898491236973,5.2294692429991794e-05,5.4243735216606456e-05,7.20237739523074,-7.211303443063184,0.0,1030556282.5573645,934744927.4896727,171566210.2729603,1.1469497472974278e-05,0.00021601998511786,0.00020573331915986666,1.4667688177062274e-06,1.540107258591539e-06,202.9686473596297,193.30347367583784,0.004839494217610868,0.004609042112010353,464259.9612543921,0.0,1031.913214125847,360239923470.5935,326748229905.3001,19.949572946132747,0.04951048232379125,19.981869234941293,19.93778717500723,19.92906242845048,59.868285050168936,7.705184363497622,1.2827712735408907,2.621830669498759
498574.70219581784,0.0,0.004310048694275596,0.0039093412192975924,0.027080834629100988,0.4483811834393413,0.4483811834393413,5.149979413312064e-05,5.341921076228761e-05,7.364217685645134,-7.372799876790482,0.0,1071406608.4176909,971797377.249606,151901328.09044182,1.1723815820237586e-05,0.00021252308936242948,0.00020240294224993288,1.4663433098524863e-06,1.5396604753451108e-06,206.30996315292737,196.48567919326425,0.00483141156463766,0.004601344347273963,474833.04971030256,0.0,1031.9054148233106,376853971230.6888,341817660980.2165,19.97070166759117,0.044412912978768516,20.0223009584331,19.93511583706823,19.954688207271573,59.851619935550715,8.00581786582962,1.1353792352166217,2.749187355683025
509676.445074524,0.0,0.004286374141830186,0.0038878677023403063,0.02693208302902194,0.4746421999001768,0.4746421999001768,5.0728721524864317e-05,5.261939998892802e-05,7.518530952664998,-7.526848165164247,0.0,1113571527.376844,1010042201.7023525,132510301.16852988,1.19541508406681e-05,0.00020905779050958413,0.00019910265762817527,1.4644694736816672e-06,1.5376929473657508e-06,209.7429276425841,199.75516918341347,0.004826038589683824,0.004596227228270309,485406.1381662133,0.0,1031.8907757080242,393857691671.6493,357240536663.6276,20.02139804417939,0.0506373570801026,20.078603168945826,19.97646298909072,20.009127974501745,59.86140458035382,8.299420171010645,0.987801597448346,2.8949921996042294
520778.18795323005,0.0,0.004264593479198596,0.0038681119992731022,0.026795231089594487,0.5013659238779288,0.5013659238779287,4.997913106345592e-05,5.184187201008076e-05,7.670054953178162,-7.6780249788043715,0.0,1156710167.8073065,1049170220.233384,118841966.943876,1.21756370263872e-05,0.00020564687934756002,0.0001958541708072,1.4621388431127883e-06,1.5352457852684274e-06,213.22295747690185,203.06948331133503,0.004822254758858734,0.00459262357986546,495979.2266221239,0.0,1031.8743394732696,411203378894.4623,372973586298.83203,20.080646016723023,0.060202843107978014,20.146009074418448,20.021185632077557,20.07474334367261,59.873927369069044,8.593356666742004,0.8830075170164493,3.0408153113787195
531879.9308319362,0.0,0.004246106473801733,0.0038513437404097337,0.02667907380891117,0.5292373670663977,0.5292373670663977,4.924537485502522e-05,5.108076843275426e-05,7.82126692143312,-7.828803642881779,0.0,1201300224.1209106,1089614715.7559278,108854817.46331856,1.2396166866668747e-05,0.0002022190543276371,0.00019258957555013046,1.4598328465653525e-06,1.5328244888936202e-06,216.83268474868717,206.5073188082734,0.004821722488264223,0.004592116655489735,506552.31507803436,0.0,1031.8575532253858,428881011847.6134,389007720496.7015,20.140393240417172,0.0746091515847002,20.222250433687726,20.0562922142198,20.14263707334407,59.87363667880334,8.896638097425885,0.8062375687321572,3.094947457123687
542981.6737106424,0.0,0.004239817919310964,0.003845639836109717,0.026639561655731364,0.5595259920479262,0.5595259920479263,4.85062025527549e-05,5.0314046901740805e-05,7.9717136688656245,-7.978835624103062,0.0,1250096129.1575527,1133874040.0522015,108375328.25992765,1.2614358098827233e-05,0.00019837828251655632,0.00018893169763481554,1.457492160516204e-06,1.5303667685420142e-06,221.0291616390957,210.50396346580547,0.004834508387244859,0.004604293702137961,517125.403533945,0.0,1031.8374396847457,446970256017.89417,405415198202.1716,20.2076467566908,0.08107709514724687,20.29275457558637,20.112839080962825,20.2173466135227,59.869862044135935,9.228232051349972,0.8001003069552626,2.815114926884643
554083.4165893486,0.0,0.004226794387756736,0.003833827109076404,0.026557732393622267,0.5893855400914556,0.5893855400914556,4.7814701940728606e-05,4.959677380273386e-05,8.118979369544482,-8.125823458124755,0.0,1297799246.457398,1177142173.6575036,111864950.39807674,1.2822590721283509e-05,0.00019501644697605323,0.00018572994950100311,1.454690436854671e-06,1.5274249586974042e-06,224.85137437473895,214.14416607118,0.004839157471005245,0.004608721400957377,527698.4919898557,0.0,1031.8104971913092,465473125341.2279,422197846114.4924,20.294308538707174,0.08340961282427073,20.38150634174798,20.20022320729218,20.30119606708004,59.866140014427565,9.54303243154914,0.8226635796261228,2.646305889467482
565185.1594680548,0.0,0.004208716491593878,0.0038174299243481885,0.026444145622067074,0.6191774918069244,0.6191774918069244,4.715840379533906e-05,4.891601517948888e-05,8.265476799742084,-8.27300516444292,0.0,1344501727.4114742,1219502700.5999765,114810428.9639782,1.3028465926120693e-05,0.0001920022671585856,0.0001828593020557958,1.4518427888998912e-06,1.524434928344886e-06,228.37346906778976,217.49854196932358,0.0048376146850101324,0.00460725208096203,538271.5804457664,0.0,1031.783113071532,484303949760.6857,439277958966.6083,20.38239083236975,0.076914949044916,20.459262903998567,20.303285468800745,20.384624124310147,59.870178157472026,9.847703964223852,0.8410405721747084,2.6380298313023687
576286.9023467607,0.0,0.0041890633076969415,0.0037996039072081093,0.02632066102576654,0.6514117449204408,0.6514117449204408,4.652749673947663e-05,4.826159398119413e-05,8.419755527117749,-8.428475934538008,0.0,1391271029.9170256,1261923836.6594338,114216432.20592406,1.3258983988700615e-05,0.0001891755389007924,0.0001801671799055166,1.4504262089817414e-06,1.522947519430828e-06,231.77810530316327,220.7410526696793,0.004833851283716074,0.004603667889253404,548844.668901677,0.0,1031.7694906734096,503475114777.11,456666770772.8889,20.4262079088934,0.0711722378459016,20.459940606552262,20.391484966157538,20.42719815397137,59.87339361489832,10.171015478979296,0.8350197301363474,2.7126852573669313
587388.6452254669,0.0,0.004178591052069405,0.003790105262647985,0.02625486190307458,0.7050508911588541,0.7050508911588541,4.5894415588527145e-05,4.760491765847361e-05,8.652058941780998,-8.661096190481059,0.0,1441748435.6312025,1307708331.6382787,106054495.33002414,1.373615053398715e-05,0.00018606071532851383,0.00017720068126525127,1.4622443729445558e-06,1.5353565915917837e-06,235.65282068321187,224.43125779353508,0.004840212997854112,0.004609726664622963,559417.7573575876,0.0,1031.8703727049563,523048432366.5408,474420346817.724,20.088086937422226,0.13049917466180272,19.99668864623701,20.211398981282887,20.0561731847452,59.867423079620295,10.713833275205516,0.7879457481942436,2.6345088756843826
598490.3881041731,0.0,0.004162964896649128,0.003775931879046828,0.026156679872930192,0.7613286856609756,0.7613286856609756,4.52984528761135e-05,4.698674319240492e-05,8.887474536783493,-8.897564823925627,0.0,1491233978.5803561,1352593177.8506632,105205599.73554946,1.4224861831819067e-05,0.00018330509147564974,0.00017457627759585688,1.4741913419139715e-06,1.5479009090096702e-06,239.20789872491366,227.81704640467967,0.004840179593659428,0.004609694851104218,569990.8458134981,0.0,1031.9456965034838,543035967327.4812,492549630229.0078,19.80356668823205,0.07791851421607432,19.768630865915924,19.88861937737084,19.753449821409045,59.85815389570387,11.263200654117213,0.7940576184538729,2.7118547030669737
609592.1309828793,0.0,0.004149248468261086,0.003763490674159715,0.026070497011615457,0.8019708538218548,0.8019708538218548,4.471574065399804e-05,4.6382313067374044e-05,9.053130186282916,-9.06280506469638,0.0,1541971640.9031973,1398613733.2455301,106103741.48558667,1.4491301147563825e-05,0.00018056483614994656,0.00017196651061899667,1.4743533807905584e-06,1.5480710498300863e-06,242.8397639650905,231.2759656810385,0.004841980122615009,0.004611409640585723,580563.9342694087,0.0,1031.9463417574098,563380489934.8938,511002711959.0874,19.800516499042804,0.043690626547625455,19.82742156514506,19.809293786404165,19.764834145580206,59.86931963132508,11.64799218944088,0.8009553688802817,2.700083922266938
620693.8738615855,0.0,0.004135038472682678,0.0037506017892813413,0.025981212976182128,0.8378941438268859,0.8378941438268859,4.4152198922315035e-05,4.579776792413901e-05,9.196984371196152,-9.206369822986089,0.0,1593169921.9581006,1445052083.408708,102660981.38201,1.4688042792427365e-05,0.00017794528694668234,0.00016947170185398317,1.47099667648903e-06,1.544546510313482e-06,246.4166823588017,234.68255462743008,0.004842855613591534,0.004612243441515746,591137.0227253195,0.0,1031.9313215551047,584081136659.6436,529778808761.5816,19.867255722369265,0.04906427066822706,19.91641671356554,19.83881829820094,19.846532155341137,59.86579706721197,11.97958813836607,0.7718257249215853,2.709788572381555
631795.6167402916,0.0,0.004119513204710854,0.003736519913569936,0.02588366484057153,0.8735503194764729,0.8735503194764729,4.361002582088144e-05,4.523538782801165e-05,9.337353232132466,-9.34645434275619,0.0,1644461038.8443222,1491574638.4075484,115578414.03083804,1.4873739569115787e-05,0.00017547728781361084,0.00016712122648915312,1.467202509155104e-06,1.5405626346128598e-06,249.88144954861184,237.98233290343984,0.004841805739178018,0.004611243561121922,601710.11118123,0.0,1031.908128627098,605161381469.0803,548899212216.85297,19.956048869271235,0.057277535507503,20.01345927507511,19.908713185167255,19.945974147571143,59.87604721316537,12.30136787520672,0.8644064543877727,2.7739172520547584
642897.3596189978,0.0,0.0041039372299591535,0.003722392045314425,0.025785798104866642,0.9096717209943244,0.9096717209943244,4.3085846076151256e-05,4.469167170773584e-05,9.476110986701832,-9.485031558284456,0.0,1696367697.9634473,1538655508.356868,114825796.61167246,1.5054507587097794e-05,0.00017310891465263927,0.0001648656330025136,1.463305014712293e-06,1.5364702654479075e-06,253.30958650060452,241.24722523867095,0.004840313284128917,0.004609822175360874,612283.1996371406,0.0,1031.8834689729142,626639201995.6387,568380228567.4727,20.049054733476734,0.06338762757465062,20.111731449648797,19.99228732145238,20.043145429328813,59.87649684417156,12.621690280805172,0.8543432260874404,2.858141321378316
653999.1024977039,0.0,0.004093638359839994,0.0037130506665215366,0.025721088395453395,0.9484088837184518,0.9484088837184518,4.256084046284205e-05,4.41470989384495e-05,9.617153319272076,-9.6261071875818,0.0,1751001401.8172214,1588209888.269589,103032461.52139568,1.5242667463971465e-05,0.0001705897692070048,0.0001624664468638141,1.459856229216569e-06,1.5328490406773972e-06,257.0435438230047,244.80337506952824,0.004844782658511659,0.004614078722392055,622856.2880930512,0.0,1031.8590672580794,648416146055.1888,588132558780.2167,20.13689961662241,0.06201036849048437,20.192017788039752,20.08051470240412,20.13816635942163,59.86730656418151,12.967127223876224,0.7630154214362905,2.81699275289663
665100.84537641,0.0,0.00408842350446355,0.003708320638969207,0.025688322492773055,0.9973925276924414,0.9973925276924414,4.203919298186453e-05,4.360600946034549e-05,9.784189353045468,-9.79417991769127,0.0,1808580871.7367735,1640436164.840611,100265482.91372783,1.551331400937304e-05,0.00016794875114620612,0.00015995119156781535,1.4604122389033663e-06,1.5334328508485347e-06,261.07434851145746,248.64223667757855,0.004854944529213241,0.0046237566944888,633429.3765489621,0.0,1031.865352361756,670590195723.7222,608245075486.3694,20.117685015996198,0.0802539942353914,20.13097259381964,20.120704837909308,20.101377616258112,59.86435261007785,13.404705918997346,0.7431281757991486,2.680999242454596
676202.5882551164,0.0,0.004074235094638936,0.0036954513330058384,0.02559917408463079,1.048666050261931,1.048666050261931,4.155789604445894e-05,4.3106774405695504e-05,9.959869365958976,-9.96981565108096,0.0,1863046860.562185,1689838422.278626,105424282.69656679,1.5811774330536795e-05,0.00016577102661604029,0.00015787716820575264,1.4622362666653785e-06,1.5353480799986471e-06,264.5088289606498,251.9131704387141,0.004854111049617501,0.004622962904397619,644002.4650048728,0.0,1031.8720579862497,693202382131.9673,628754995131.036,20.08454859282702,0.07747882186577265,20.09491943160469,20.09666601509568,20.06206033177856,59.86529306471866,13.843461372129388,0.7833065835018592,2.7980216614024167
687304.3311338222,0.0,0.004062521181751535,0.003684826468708876,0.02552557339928709,1.0994167417390068,1.0994167417390068,4.1082443842087545e-05,4.261360192154497e-05,10.127755542720868,-10.13748304624706,0.0,1919145152.4117649,1740721226.6773374,121676613.29946178,1.608514637374214e-05,0.0001635600417931008,0.0001557714683743817,1.4628425483598685e-06,1.5359846757778617e-06,268.0779596488677,255.3123425227311,0.004855949873550435,0.004624714165286128,654575.5534607831,0.0,1031.8800713536536,716137015642.7766,649557383802.972,20.061103938371208,0.06819903997165266,20.069643619753663,20.072698303044668,20.04096989231397,59.86925052062852,14.272859683900974,0.9054237208868956,2.8602276046712727
698406.0740125284,0.0,0.00405520553749146,0.003678190963711074,0.02547960785075964,1.1607127603698937,1.1607127603698932,4.061056218833426e-05,4.212413306169778e-05,10.318959176423391,-10.328744914458627,0.0,1978128022.9239647,1794220428.955977,149853206.46251303,1.6432724734085378e-05,0.00016125266316622877,0.00015357396492021784,1.4667812234029508e-06,1.5401202845730987e-06,271.91779803574417,258.96933146261347,0.0048627554444936275,0.004631195661422502,665148.6419166938,0.0,1031.908457798073,739476969307.2441,670727409802.4889,19.95966664449569,0.08225009464232158,19.95845168990857,19.979096417448012,19.941451826128866,59.86718699096871,14.790034100233296,1.1205031158753564,2.7932592207529416
709507.8168912345,0.0,0.004039156927586561,0.0036636344014390563,0.025378771460804514,1.2230080168321098,1.2230080168321096,4.0171999744469344e-05,4.166922523117935e-05,10.514569749266556,-10.524914818583596,0.0,2033376712.3186386,1844332618.8831184,157325865.14747605,1.6795189591718455e-05,0.00015935686492304913,0.00015176844278385628,1.4711978460958225e-06,1.544757738400614e-06,275.1477849325487,262.0455094595701,0.004858829272937656,0.004627456450416815,675721.7303726043,0.0,1031.9269320328974,763145885717.9226,692195814710.1338,19.874623226870945,0.06957506942949415,19.885687461975387,19.874669677472813,19.863512541162397,59.86646607850139,15.294672369910623,1.1826903469425591,2.973389737376697
720609.5597699408,0.0,0.004024996954868161,0.003650790888769308,0.0252898017282702,1.2819981792073398,1.2819981792073398,3.9741294338048405e-05,4.122246727283519e-05,10.693631456396476,-10.703687020592405,0.0,2090112078.456532,1895793268.4412987,146529001.42936695,1.7104856514030142e-05,0.000157452563993088,0.00014995482285056,1.4731985168323825e-06,1.5468584426740015e-06,278.47388918651643,265.21322779668225,0.004856864861521136,0.004625585582401085,686294.8188285152,0.0,1031.934482239102,787196123302.4691,714010089163.2372,19.837858337665335,0.03116466675957408,19.83910852551332,19.843965314763,19.830501172720002,59.86952748639886,15.764224226655404,1.1046652569461566,3.075024293401829
731711.302648647,0.0,0.004010807574045132,0.0036379207020817523,0.025200647219164967,1.3411212648019792,1.3411212648019792,3.932305322608457e-05,4.07886381578741e-05,10.86823017136468,-10.878783932665026,0.0,2147426186.7689805,1947778854.2122266,161095920.3965624,1.739991086861043e-05,0.00015561226365990146,0.00014820215586657282,1.4745359839545856e-06,1.5482627831523148e-06,281.7672161486688,268.34972966539885,0.0048545612494659135,0.004623391666158013,696867.9072844258,0.0,1031.943708182409,811643730133.394,736184789236.6387,19.80430119176675,0.037182864068968285,19.819914438945393,19.78642702753607,19.8065621088188,59.861060803366755,16.226177679805375,1.2191873897437406,3.203644200732103
742813.0455273531,0.0,0.0040061229266895645,0.003633671588834072,0.025171212711731155,1.3989161721708094,1.39891617217081,3.889409174449438e-05,4.0343689121092767e-05,11.025886646358147,-11.036171395045931,0.0,2210642170.101693,2005117614.6047106,245052265.40386903,1.7640555990613325e-05,0.00015347181271615812,0.00014616363115824586,1.4735804087642304e-06,1.5472594292024418e-06,285.7098545921602,272.104623421105,0.004863501332052113,0.004631906030525823,707440.9957403361,0.0,1031.9397946818513,836504150660.1145,758733923501.2374,19.822521512346704,0.03982595939352078,19.826046967686324,19.827308999457433,19.814208569897577,59.87073264673456,16.682046841816813,1.8542731365383864,3.2077420593207506
753914.788406059,0.0,0.004037324939666704,0.003661972734391568,0.025367260741223537,1.4743778400043266,1.4743778400043266,3.838987467764208e-05,3.982067969518125e-05,11.191258494230683,-11.201159512256284,0.0,2295251777.7996225,2081861022.947503,492086277.8708302,1.7905593878000913e-05,0.00015006265200690733,0.00014291681143514988,1.4736556799250225e-06,1.5473384639212738e-06,292.2590035608085,278.341908153151,0.0049160179746974685,0.0046819218806642545,718014.0841962469,0.0,1031.9425237564,861686682732.8037,781575222433.3818,19.815884121739334,0.04514975913281194,19.829546308009764,19.79658012231152,19.821525934897487,59.87265321348113,17.322069500704778,3.717200596563909,2.229173702067211
765016.5312847653,0.0,0.004102218299301793,0.0037208329245367725,0.025774997745016244,1.561829960661261,1.561829960661261,3.78195722547419e-05,3.922912188723352e-05,11.348170094952598,-11.357153175506575,0.0,2401212213.8692713,2177970262.012944,1015278079.8080009,1.8143697154187354e-05,0.00014554003305382394,0.00013860955528935615,1.4726262856030814e-06,1.5462575998832355e-06,301.32521845418444,286.97639852779463,0.005009654816221589,0.00477109982497294,728587.1726521575,0.0,1031.9388475194064,887231484249.9414,804745110430.7858,19.83435244371918,0.04852499394079565,19.840661857124818,19.823693790437524,19.83870168359577,59.874626653352536,18.09690939831116,7.65458258107333,0.443821496820318
776118.2741634715,0.0,0.004127587054586986,0.003743843133412233,0.02593439433548561,1.639568695507068,1.639568695507068,3.7355845898835153e-05,3.874811227624015e-05,11.50981988569604,-11.515821500781305,0.0,2486565491.6573577,2255388201.049758,733988985.5985165,1.8397227385478726e-05,0.0001425703846966348,0.0001357813187586998,1.4722439099657537e-06,1.5458561054640413e-06,307.5751043900665,292.9286708476823,0.005055122581492439,0.004814402458564227,739160.2611080679,0.0,1031.9371741708924,913201176749.8962,828300387074.7358,19.84187404073336,0.05352390883314548,19.857637616772166,19.812554345486106,19.855430159941736,59.874957616884004,18.73050155377954,5.530159147494,-0.404617743302671
787220.0170421776,0.0,0.004126816433317894,0.003743144157204438,0.02592955237925025,1.7066489738678958,1.7066489738678958,3.696149635076367e-05,3.833906517271213e-05,11.66571545240601,-11.667907851317056,0.0,2557562881.875537,2319784926.8712354,370841139.3706075,1.863245071382889e-05,0.0001405817832387014,0.00013388741260828704,1.4711451406130478e-06,1.5447023976437003e-06,311.90641782411086,297.05373126105803,0.005068524336999317,0.004827166035237444,749733.3495639787,0.0,1031.932365747228,939511082520.0864,852164247183.7517,19.86348760466316,0.05306081572116075,19.88139250646295,19.832062696740987,19.87700761078603,59.869471675968455,19.23681206313023,2.7899653460271367,-0.6742948263999571
798321.7599208838,0.0,0.004111559355509614,0.0037293055378772,0.025833689332134768,1.7670050517735725,1.7670050517735725,3.660816329067419e-05,3.7972563257045926e-05,11.816455071307757,-11.814959061596324,0.0,2620393417.8535557,2376774075.150617,287419041.89976245,1.8851280370658703e-05,0.00013913687398642852,0.0001325113085585033,1.4694218125149867e-06,1.542892903140737e-06,315.13780779973615,300.13124552355833,0.005063975083475756,0.004822833412834053,760306.4380198892,0.0,1031.9248241357075,966150309194.4084,876326811060.6877,19.89738667722805,0.04014062993899984,19.89762242710211,19.898011994130822,19.896525610452784,59.861348242772245,19.66390991293875,2.1568948749874064,-0.6035766879568527
809423.5027995899,0.0,0.004092026354504752,0.00371158853016304,0.025710959867215902,1.834451572743772,1.834451572743772,3.6274064268314756e-05,3.762601223890476e-05,11.983827622992857,-11.981077758097033,0.0,2680993933.838556,2431740529.55878,260031525.02571064,1.91232047779643e-05,0.00013788257592179867,0.00013131673897314155,1.469793463729471e-06,1.5432831369159443e-06,318.0029022532883,302.8599069078936,0.005053859390441742,0.004813199419468327,770879.5264758001,0.0,1031.9264505521073,993208672146.7952,900869543897.3198,19.89007603713416,0.02759229789036826,19.89272863322084,19.89189977590253,19.885599702279613,59.868694227451584,20.129115665250424,1.9520820660832572,-0.38156198645618034
820525.2456782961,0.0,0.004076936452012393,0.003697901543775415,0.02561614721358914,1.914676226662769,1.914676226662769,3.593834427359534e-05,3.727777983415624e-05,12.171005165769017,-12.176035805806414,0.0,2744884947.80888,2489691562.638439,238983339.1392428,1.945837804823346e-05,0.00013651935289304574,0.0001300184313267103,1.4725504116560396e-06,1.5461779322388412e-06,321.1771470373437,305.88299717842256,0.00504896717021635,0.004808540162110811,781452.6149317104,0.0,1031.9385154805832,1020632726366.9954,925743969493.8732,19.835844937481376,0.044300747046459504,19.849102869539443,19.803689963802555,19.854741979103686,59.87351063317369,20.686589371200505,1.8005674476520417,-0.24944750240554203
831626.9885570024,0.0,0.004065659188331697,0.003687672733180678,0.025545290076125403,1.9928314858433496,1.9928314858433496,3.560288953422993e-05,3.6929822570928186e-05,12.345924643228765,-12.353605491217357,0.0,2811891488.311681,2550468470.123974,200740051.50478232,1.975428616822995e-05,0.00013507220647171887,0.00012864019663973226,1.4737748162817347e-06,1.5474635570958215e-06,324.62151594222684,309.16334851640636,0.005048544696088027,0.004808137805798121,792025.7033876212,0.0,1031.9438737080973,1048452547509.1392,950977367355.2284,19.811760039601538,0.039337543637373865,19.82487710921591,19.791778919030346,19.818624090557908,59.86789270062463,21.22615447271011,1.5150620466977769,-0.24922376395075663
842728.7314357085,0.0,0.00405684640438489,0.003679679278353642,0.02548991772151548,2.0589961362737945,2.0589961362737945,3.5271030175634244e-05,3.658559468965866e-05,12.4899158861629,-12.500026682686176,0.0,2881319498.6753955,2613441722.154554,189007462.5134508,1.995153249802332e-05,0.00013359110398256842,0.00012722962284054135,1.4713570441381088e-06,1.5449248963450144e-06,328.23894492057184,312.60851897197307,0.005050947619737776,0.004810426304512167,802598.7918435319,0.0,1031.9330467440643,1076693810338.9232,976593025250.724,19.85984866908318,0.04784351626483119,19.88244934723316,19.834286981269766,19.862809678745943,59.86130566845027,21.67715720566288,1.4220994716082378,-0.3227966286381445
853830.4743144144,0.0,0.004048626566264845,0.003672223642870608,0.025438270955412217,2.120262682389411,2.120262682389411,3.4943051574665404e-05,3.624539220330721e-05,12.621155640594852,-12.633206392400801,0.0,2951654829.105672,2677237940.231902,184858259.66739509,2.0108113688905178e-05,0.0001321182988053363,0.00012582695124317743,1.4674607324865387e-06,1.540833769110866e-06,331.89418601165187,316.08970096347787,0.005053964204458193,0.004813299242341137,813171.8802994423,0.0,1031.9154284411231,1105182311171.178,1002432935302.656,19.937710950497035,0.06625543845130429,19.98152856910692,19.88834743144401,19.94325685093999,59.86317944084007,22.090327746262933,1.383494314003217,-0.37583816617126065
864932.2171931206,0.0,0.004044987671583858,0.003668923058125947,0.02541540710581825,2.1882060502173344,2.1882060502173344,3.461421013934801e-05,3.5904294724447674e-05,12.758223359723866,-12.770421569071093,0.0,3026216106.416706,2744867216.7044945,173436771.45670092,2.0283605481135348e-05,0.00013054200560286408,0.00012432571962177528,1.4643648702424369e-06,1.5375831137545591e-06,335.9070603683496,319.9114860650948,0.005062479114540167,0.0048214086805144435,823744.968755353,0.0,1031.8914309407837,1134122373233.0698,1028682424701.197,20.021063903049487,0.05138019084625987,20.058860614315677,19.9703626376268,20.03396845720621,59.87021348065289,22.552349651403443,1.2924250685967125,-0.5072714867490946
876033.9600718268,0.0,0.0040452568231877295,0.0036691671865648327,0.025417098235221102,2.266517907293389,2.266517907293389,3.4284269305266414e-05,3.556205687181994e-05,12.908023560028322,-12.919703226763055,0.0,3104627437.922019,2815988605.82496,172925323.29407436,2.049959243303008e-05,0.0001288824644391815,0.00012274520422779188,1.4627705396214026e-06,1.5359090666024726e-06,340.2422606069128,324.04024819705984,0.005075749395763054,0.0048340470435838615,834318.0572112636,0.0,1031.879322219534,1163423298757.1135,1055259227897.6084,20.06345306250998,0.04912115063162281,20.094609318413077,20.006215852497547,20.089534016620167,59.877938658902714,23.087108243977926,1.2858450402415431,-0.7838382093659391
887135.702950533,0.0,0.00404499586339149,0.0036689304883369524,0.02541545857646362,2.3506363952939413,2.3506363952939413,3.3962808089137195e-05,3.522861467568377e-05,13.066176527858017,-13.077298747249156,0.0,3183623404.705842,2887640276.377181,183484744.027014,2.074205339837078e-05,0.00012728291704393994,0.00012122182575613328,1.4621654371559638e-06,1.535273709013762e-06,344.5318968046273,328.1256160044069,0.00508821966682445,0.004845923492213761,844891.1456671742,0.0,1031.8783665097044,1193102279434.3162,1082178938262.418,20.07171912942018,0.043832129644987415,20.087662509700678,20.029928600257968,20.09756627830296,59.87767690111848,23.65439664320953,1.3632699487233395,-1.0425407331736913
898237.4458292392,0.0,0.0040412535412419365,0.0036655360918294213,0.0253919448729188,2.43708044762536,2.43708044762536,3.36551509129532e-05,3.490949100123526e-05,13.228905918170565,-13.240536662864466,0.0,3260733554.2144976,2957581455.069839,206841543.8974373,2.099903641476197e-05,0.00012582927502801001,0.00011983740478858091,1.4620775098758543e-06,1.5351813853696471e-06,348.5207068978151,331.92448275982395,0.005096178528448098,0.004853503360426758,855464.2341230848,0.0,1031.8810985121868,1223131618186.059,1109416433728.8516,20.066750928938962,0.04562884045435106,20.06206852894291,20.050561030676814,20.087623227197376,59.862681128359526,24.223845597221324,1.536463706265994,-1.2070528915035128
909339.1887079452,0.0,0.004044182256083226,0.003668192522524467,0.025410346530978505,2.530408454324868,2.530408454324868,3.3339490687749094e-05,3.458206600113017e-05,13.393095260780115,-13.404444918962955,0.0,3344137169.0747275,3033230992.358029,238851424.7020093,2.1260718091276068e-05,0.00012419307216911433,0.00011827911635153745,1.4621498387191838e-06,1.5352573306551429e-06,353.0837945610064,336.27028053429177,0.005112429893388273,0.004868980850845975,866037.3225789955,0.0,1031.8822297781207,1253509991099.765,1136970513469.1743,20.063577340184466,0.034293530934949225,20.035913500402685,20.099434618475435,20.05538390167539,59.874910196127956,24.845231757056407,1.7746921812229508,-1.522909141807527
920440.9315866514,0.0,0.0040378674570394285,0.0036624648136412046,0.02537066947840874,2.626446609096113,2.626446609096113,3.30502054709743e-05,3.428199901590375e-05,13.567365707817615,-13.578967030764757,0.0,3420963273.098367,3102914533.422554,657809830.739043,2.1554458376214983e-05,0.00012287805061567478,0.0001170267148720712,1.4633091499708724e-06,1.5364746074694158e-06,356.83512503791087,339.84297622658175,0.005116840871258645,0.004873181782151089,876610.4110349059,0.0,1031.8933781780208,1284321751299.785,1164917688253.7727,20.02771799389617,0.0317951725964331,20.01917062250104,20.02448783069329,20.03949552849605,59.87064162962765,25.456583841807145,4.895621404847377,-1.5772225735721568
931542.6744653577,0.0,0.004028960746614332,0.0036543861647295524,0.02531470696633046,2.719716490748785,2.7197164907487847,3.277287891851513e-05,3.399433639889405e-05,13.736059952629851,-13.747706498506165,0.0,3496312170.846612,3171258204.849534,563411316.4320607,2.1830526058227547e-05,0.00012168409281642654,0.00011588961220612049,1.4638496363577542e-06,1.5370421181756422e-06,360.34149997255037,343.1823809262385,0.005117799609012246,0.004874094865725947,887183.4994908168,0.0,1031.8948976304696,1315518214460.6533,1193213799964.3115,20.018903861124002,0.03215767315688085,20.007332354078287,20.016231915724934,20.033147313567266,59.87410076126429,26.03607821510309,4.195316737317662,-1.5339294523148084
942644.4173440638,0.0,0.004045673346292777,0.003669544985299571,0.02541971532707485,2.82995261754778,2.82995261754778,3.244978163248424e-05,3.3659197155917776e-05,13.899436790340632,-13.911550546074354,0.0,3595282323.3214135,3261027050.631667,399994965.1150487,2.2089720545760547e-05,0.0001197594818715766,0.00011405664940150151,1.4638171094445754e-06,1.5370079649168043e-06,366.1613626445253,348.7251072805003,0.005151252303046929,0.004905954574330408,897756.5879467273,0.0,1031.8917178083352,1347073548854.8184,1221835418462.4204,20.026071045935808,0.03517121129251025,20.005366488461227,20.032878361893328,20.039968287451533,59.864531619343644,26.77150835559721,2.9776970726407592,-2.174312429840808
953746.16022277,0.0,0.0040588014760883796,0.0036814525860212064,0.025502201799317326,2.9368774296501643,2.9368774296501643,3.213969739748623e-05,3.3337555965263616e-05,14.05778637238626,-14.07016184217434,0.0,3692127746.319407,3348868704.1445866,272028565.31016785,2.2332935894241604e-05,0.00011797820354302693,0.00011236019385050186,1.4632608516246428e-06,1.5364238942058755e-06,371.6630929197015,353.96485039971566,0.005180051244212487,0.004933382137345227,908329.6764026381,0.0,1031.885685827099,1378980269499.646,1250775754648.205,20.044744249153798,0.03472520824717855,20.02139896043904,20.05860320084953,20.05423058617223,59.867140832295895,27.471301309163998,2.023099955029484,-2.747726291897057
964847.9031014759,0.0,0.004048770763678899,0.003672354434175871,0.025439176974485524,3.0271122973813953,3.0271122973813953,3.1881455263759256e-05,3.3069689050424985e-05,14.212263719322117,-14.224925543891425,0.0,3769165784.091009,3418744475.365994,201156061.11423218,2.256384410532123e-05,0.00011690835250920557,0.0001113412881040053,1.4623196653013487e-06,1.535435648566416e-06,375.05793257584884,357.198031024618,0.005179221144260414,0.0049325915659623,918902.7648585484,0.0,1031.8779923524926,1411257456554.3662,1280052114788.5408,20.07093978247766,0.03590869775654338,20.043843764396907,20.093845356396653,20.075130226639345,59.86875372280544,28.00808677367202,1.4943706062029216,-2.7095571224334813
975949.645980182,0.0,0.004028920416454232,0.0036543495840854713,0.025314453564461097,3.114100089339844,3.114100089339844,3.164779091758359e-05,3.282731594649129e-05,14.370644520847911,-14.382201005192629,0.0,3837472469.188671,3480700652.325325,191180464.77063096,2.2807075572957167e-05,0.00011614642022239011,0.0001106156383070382,1.4617934989484751e-06,1.5348831738958989e-06,377.5131815629118,359.53636339324936,0.005165635614088353,0.004919652965798431,929475.8533144592,0.0,1031.8756662690655,1443913718624.614,1309672307142.507,20.081340299535952,0.028267333403972757,20.0552012495977,20.099993486362138,20.08882616264588,59.86777822038161,28.495430954162913,1.4196632964816498,-2.426873949122199
987051.3888588884,0.0,0.004014760615903374,0.003641506227576757,0.025225484913687347,3.2102580764714057,3.2102580764714053,3.1408141139379164e-05,3.257873433123383e-05,14.533896881196515,-14.545407548223645,0.0,3911520183.349301,3547864111.881453,185532257.37052652,2.3065742307047065e-05,0.00011524464046102251,0.00010975680043906904,1.4617695568584832e-06,1.5348580347014074e-06,380.46676300864505,362.34929810347154,0.005159139751364967,0.004913466429871397,940048.94177037,0.0,1031.8780254024728,1476957592831.6208,1339644075130.7217,20.07651646620847,0.03142252371882155,20.043695668272136,20.097895203401073,20.0879585269518,59.86465573983318,29.044888877418906,1.3777460941113524,-2.291303350831009
998153.1317375944,0.0,0.0040011826204168184,0.0036291905854120812,0.025140171851945274,3.3105289240928664,3.3105289240928664,3.1172382490042323e-05,3.233418886867522e-05,14.700091770246086,-14.711863118314495,0.0,3986484149.839221,3615858639.309951,192020849.0611144,2.333377969393317e-05,0.00011435039121323791,0.000108905134488798,1.462042093591076e-06,1.5351441982706302e-06,383.4429236255393,365.18373678622805,0.005153195943124924,0.004907805660118975,950622.0302262808,0.0,1031.8811936579473,1510386411440.307,1369964999038.8271,20.0669100688663,0.035631169007807724,20.02875527812401,20.088201262775094,20.083773665700413,59.862345384792974,29.61297491371891,1.4264388168638118,-2.15221408171149
1009254.8746163008,0.0,0.003984289536132835,0.003613868059984431,0.0250340294729792,3.4089986732853186,3.4089986732853186,3.0947561463033334e-05,3.2100988677727985e-05,14.865389933741255,-14.876784239444667,0.0,4058386794.0414033,3681076457.180411,218362432.52311903,2.3599014767499773e-05,0.00011357275732340271,0.00010816453078419304,1.4622189198302378e-06,1.53532986582175e-06,386.0683169789887,367.6841114085608,0.005142797667675605,0.0048979025406434345,961195.1186821912,0.0,1031.8828940896685,1544167838757.4878,1400605749439.8984,20.061440551224926,0.03400103213604128,20.021627014602387,20.080836575117193,20.08185806395556,59.86687752734638,30.154869611013012,1.622539849339364,-1.9260392526725179
1020356.6174950065,0.0,0.0039613388627128794,0.0035930511226420687,0.024889826138957058,3.502467953376107,3.502467953376107,3.073881689208773e-05,3.188446411838697e-05,15.029059894959094,-15.039829827908454,0.0,4124222481.7528358,3740791366.669238,244237009.30012807,2.3859100320132958e-05,0.00011298857988988644,0.00010760817132370138,1.4622332281044364e-06,1.5353448895096585e-06,388.0678211561657,369.5884011011103,0.005124383112344704,0.004880364868899718,971768.2071381016,0.0,1031.8830316837461,1578300019347.4258,1431564643399.0256,20.06099797348014,0.030787303811306625,20.020159309963397,20.08260795866436,20.080226651813206,59.88016948345029,30.644985744006966,1.8148320314751583,-1.5535643482207373
1031458.3603737128,0.0,0.00393159126547171,0.003566069175031028,0.02470291647304744,3.5915901414866696,3.5915901414866696,3.054767989827782e-05,3.168620337718073e-05,15.193684054280231,-15.204708722521586,0.0,4182819393.0272593,3793940492.5417314,228797847.90382597,2.412219794464873e-05,0.00011261837401809416,0.00010725559430294684,1.4623406780754612e-06,1.5354577119792342e-06,389.3472470451854,370.80690194779567,0.005096934137532495,0.004854222988126185,982341.2955940124,0.0,1031.8840649655713,1612810720526.0327,1462866866690.2788,20.05767437447768,0.030627505679499338,20.019371597116358,20.07984929037865,20.073802235937976,59.875040191124675,31.0849416177218,1.7003391413626343,-0.9958691944053077
1042560.103252419,0.0,0.003898244788513343,0.003535822937427069,0.02449339437897644,3.677728154967029,3.677728154967029,3.0368236427154328e-05,3.15000719806341e-05,15.357818410201338,-15.368353100162985,0.0,4237067906.7413826,3843145493.642977,259528421.1856624,2.438372005219757e-05,0.00011237515270802076,0.00010702395496001976,1.462397095031875e-06,1.535516949783469e-06,390.1968066236561,371.61600630824387,0.005064523902493443,0.004823356097612802,992914.3840499228,0.0,1031.8846074935514,1647729786035.1714,1494539488467.276,20.055929308022392,0.03116929800066312,20.019752255730282,20.07672261595139,20.07131305238472,59.88285600862139,31.49017757954836,1.9288603921400331,-0.36069738857613665
1053661.8461311252,0.0,0.003865235954157672,0.0035058829516169355,0.02428599375594576,3.7688720912972875,3.7688720912972875,3.0192415834517748e-05,3.1317698488613396e-05,15.527772150739679,-15.538080273649394,0.0,4291121935.3106337,3892174090.984702,283707488.77975976,2.466378334746586e-05,0.00011214490776188003,0.00010680467405893336,1.463002342839463e-06,1.5361524599814366e-06,391.00935120467904,372.3898582901706,0.005032275376531929,0.004792643215744694,1003487.4725058336,0.0,1031.8883743285185,1683029452667.544,1526557326682.5796,20.04162081038254,0.03892812520378903,19.9963586583234,20.07080555859784,20.057698214227273,59.86878674216742,31.91742376610281,2.1100417259685638,0.27752343891724873
1064763.5890098314,0.0,0.003828436172145782,0.003472504464531322,0.024054773906301244,3.859075667857584,3.8590756678575837,3.002791121210221e-05,3.114706271726505e-05,15.70104182840501,-15.71102936813936,0.0,4340260903.51873,3936744583.6904593,327381352.86808187,2.4954533898179456e-05,0.00011204732255973408,0.00010671173577117534,1.463903853142066e-06,1.5370990457991698e-06,391.3656599787197,372.729199979733,0.004994820649322039,0.0047569720469733704,1014060.5609617444,0.0,1031.8891468616057,1718679428389.8896,1558892905569.061,20.03070529859643,0.04242331145653405,19.98676320349599,20.05862526113824,20.04672743115573,59.86772751739503,32.321324972784765,2.4376170000510013,1.0300820919028397
1075865.3318885374,0.0,0.0037894128195993227,0.0034371091334234227,0.02380958295094443,3.9496125993875215,3.9496125993875215,2.987154322678165e-05,3.0984866838525784e-05,15.877323681626955,-15.886883440410335,0.0,4386171339.393263,3978386702.397518,456552809.64974535,2.5255113168958404e-05,0.00011203797348152727,0.00010670283188716883,1.4650613228448714e-06,1.5383143889871147e-06,391.42399080165916,372.7847531444374,0.0049542051282495106,0.004718290598332868,1024633.6494176548,0.0,1031.8891969958056,1754668968133.5725,1591536479032.7188,20.018714363026533,0.04704297526125767,19.973248108014452,20.043332594148808,20.03956238691589,59.86457579335042,32.71302110610161,3.4096301252219954,1.8213751685991708
1086967.0747672436,0.0,0.003797243172246285,0.003444211494100939,0.023858782507645858,4.081227319062327,4.081227319062327,2.9627372174012708e-05,3.073159543910624e-05,16.03997761294343,-16.046849677690275,0.0,4486671664.300442,4069543459.6829405,639760053.714628,2.5512400040664026e-05,0.00011066207471073484,0.00010539245210546176,1.4649581536556146e-06,1.5382060613383958e-06,396.28721144358116,377.4163918510297,0.004974654212584374,0.004737765916747023,1035206.7378735655,0.0,1031.8825898794657,1791109252666.16,1624588891307.1746,20.03397184783113,0.04848252860913855,19.985959567149447,20.055637658274907,20.06031831806952,59.861173381862024,33.457463881212924,4.773278435886108,1.4007709680109226
1098068.8176459498,0.0,0.0038031222632308377,0.003449544002930465,0.023895721925739574,4.208296043248489,4.208296043248489,2.9390916710162707e-05,3.04863271914964e-05,16.196216667147752,-16.202706850232744,0.0,4585844058.569891,4159495744.734593,708533754.9731022,2.5749089436359554e-05,0.00010936827170238288,0.00010416025876417416,1.4642728691694132e-06,1.537486512627884e-06,400.9516597439104,381.8587235656288,0.004992482605638975,0.004754745338703785,1045779.8263294762,0.0,1031.8749979763609,1827895547570.182,1657955145188.3735,20.057321885619128,0.042399598401828685,20.01183233534981,20.072257615104515,20.087875706402507,59.873239529758386,34.165211110028395,5.279619161969691,1.0531762629175212
1109170.560524656,0.0,0.003797945804590908,0.0034448488023500297,0.02386319727686995,4.321946858924201,4.321946858924201,2.917982060709536e-05,3.026736345755013e-05,16.3486482253778,-16.35518789609808,0.0,4672480455.766924,4238077510.899703,717155104.5533563,2.597348648010251e-05,0.00010842175663609185,0.000103258815843897,1.4632603390304687e-06,1.5364233559819925e-06,404.44768069292394,385.18826732659414,0.004995715864061833,0.004757824632439841,1056352.9147853863,0.0,1031.8675589819486,1865026694573.9116,1691634190089.715,20.08370300993061,0.03551379841438898,20.039636589849387,20.097526648387056,20.113945791553792,59.879639976133156,34.76183074178345,5.335646947111266,1.0089327709347562
1120272.3034033622,0.0,0.003786634593198194,0.0034345892001797678,0.023792126839640843,4.430046895062527,4.430046895062528,2.898417095871853e-05,3.006442187344994e-05,16.50062120917987,-16.50889441169015,0.0,4752309151.173036,4310484490.859896,722462275.2704332,2.6196253489958365e-05,0.00010767256638916216,0.00010254530132301156,1.4622256024823875e-06,1.5353368826065068e-06,407.2845761408591,387.89007251510384,0.004990790172026314,0.004753133497167918,1066926.003241297,0.0,1031.8620359361,1902506538500.1018,1725629513378.777,20.106194859020018,0.03450754585537464,20.06161003698772,20.12520864349446,20.13176589657566,59.861372007112685,35.30468346115697,5.3669372110728215,1.1219611419284847
1131374.046282068,0.0,0.003784775034889422,0.0034329025259768,0.023780442890197317,4.553535111658503,4.553535111658503,2.8774440684194952e-05,2.9846874872989174e-05,16.655029875506926,-16.66292060602408,0.0,4844650659.684075,4394240961.164694,716700761.56919,2.642657453071485e-05,0.00010667052305185909,0.00010159097433510386,1.4614272440439219e-06,1.5344986062461182e-06,411.1184356861158,391.5413673201104,0.004998180342687675,0.004760171754940643,1077499.091697208,0.0,1031.8607169810875,1940429423380.626,1760026687873.5835,20.117225586651255,0.039553070486817374,20.06922772160319,20.138224271032907,20.14422476731631,59.87629206060241,35.951827604897936,5.31907025385253,1.0047229196641472
1142475.7891607743,0.0,0.0037804504867397976,0.003428980033324079,0.02375327095280341,4.681765084539217,4.681765084539217,2.857273136953117e-05,2.9637647776568382e-05,16.81608870974441,-16.823416862541606,0.0,4934566323.12075,4475797118.4768715,704420217.9098331,2.667802550714257e-05,0.00010575422228411884,0.000100718306937256,1.4612202731422503e-06,1.5342812867993632e-06,414.6772319419492,394.9306970875707,0.0050022233364064575,0.004764022225149007,1088072.1801531184,0.0,1031.8641157926907,1978713850802.9893,1794751792111.5547,20.112046618736,0.04925110323233711,20.050573306415245,20.14246501048152,20.143101539310123,59.87509706637754,36.609929484585074,5.226622483544906,0.9074500158488097
1153577.5320394805,0.0,0.003770210295833852,0.003419691878307348,0.02368892993576046,4.811632952536332,4.811632952536332,2.8385078481182904e-05,2.944300099474016e-05,16.985431147523713,-16.992701844332018,0.0,5017212651.584164,4550759774.67951,687602578.7166082,2.6955804133710454e-05,0.0001050149486144247,0.00010001423677564254,1.461727071194001e-06,1.5348134247537006e-06,417.5709736067091,397.68664153019915,0.004998331933101035,0.004760316126762888,1098645.268609029,0.0,1031.8733228039966,2017334067476.1047,1829781467098.5068,20.08705824748448,0.05535346315998502,20.015250445504773,20.126593788294507,20.119330508653217,59.87000000000001,37.25110446747465,5.105477620534337,0.9924507834203844
1164679.274918187,0.0,0.003766530933881907,0.003416354588555017,0.0236658118228042,4.958344959361363,4.958344959361363,2.8188677055549444e-05,2.923927961436322e-05,17.161731284931573,-17.16863354326653,0.0,5109287243.645016,4634274143.895704,671577224.4106526,2.725580117179755e-05,0.00010411661757299649,9.91586834028538e-05,1.462819788134397e-06,1.5359607775411163e-06,421.1819467407305,401.1256635626005,0.005003042134665151,0.004764802033014429,1109218.3570649396,0.0,1031.8865916583438,2056325051090.3208,1865147438630.6765,20.047325864987187,0.06252951450660046,19.966128521903588,20.092894014432844,20.082955058626197,59.862852535402745,37.99327691535967,4.994221451586559,0.9550208757227896
1175781.017796893,0.0,0.003765294745554821,0.003415233329301424,0.023658044622470543,5.121644832290039,5.121644832290039,2.7991332493078792e-05,2.903457994608569e-05,17.34967488144946,-17.356150961918544,0.0,5205451241.27508,4721497724.512543,664308387.7310883,2.7592969770569e-05,0.00010317039755690576,9.82575214827674e-05,1.4648760234225118e-06,1.5381198245936374e-06,425.05600532203835,404.81524316384605,0.0050108935663951285,0.004772279587042979,1119791.44552085,0.0,1031.9033353372224,2095726975669.7463,1900886145732.196,19.990234301579388,0.06824064816224558,19.900409122960557,20.044649307942475,20.02564447383616,59.871512183902595,38.81916133711513,4.954020547914894,0.8407555746557938
1186882.7606755986,0.0,0.003777866751972421,0.003426636509725552,0.02373703686847538,5.321492058668877,5.321492058668877,2.7771602535344927e-05,2.880666057047356e-05,17.552420643625872,-17.55849936130744,0.0,5321999611.455811,4827210531.93271,665611923.4310651,2.7977521513445306e-05,0.00010186654188538436,9.701575417655654e-05,1.4681324375669266e-06,1.5415390594452733e-06,430.50567908847563,410.005408655691,0.005037092875210772,0.004797231309724544,1130364.5339767607,0.0,1031.9191815857066,2135483246397.8003,1936946255236.1,19.92274958692402,0.0677559118339808,19.833095333284763,19.982389566680688,19.95276386080573,59.86373694803746,39.86747981494155,4.9857149881255065,0.3338724089619993
1197984.503554305,0.0,0.0037915295939322147,0.003439029110142598,0.023822883036331483,5.509535584761545,5.5095355847615455,2.7553490307073803e-05,2.858041921770757e-05,17.73526810706249,-17.740772052449714,0.0,5441672000.506559,4935756916.559238,612273624.5988088,2.8298772995130574e-05,0.00010055740494331124,9.576895708886788e-05,1.4696798074621837e-06,1.5431637978352928e-06,436.1043320265214,415.3374590728775,0.005064730355678468,0.004823552719693779,1140937.6224326715,0.0,1031.9259531706653,2175630859187.7524,1973361323526.3057,19.892311735639023,0.06144408299419316,19.80869317178306,19.94189808086236,19.92634395427102,59.86825747293614,40.850400086153826,4.595683839109528,-0.22126261753243615
1209086.2464330113,0.0,0.0037734863363687384,0.003422663343645113,0.023709513905514974,5.645740424397332,5.645740424397332,2.739596723958832e-05,2.841702520645816e-05,17.909406591587945,-17.914800831489988,0.0,5516281627.67971,5003430047.782049,516431185.2073028,2.8592217614332045e-05,0.00010010447929536219,9.533759932891638e-05,1.470483645741136e-06,1.544007828028193e-06,438.0365651374055,417.1776810832433,0.005049900127938205,0.004809428693274481,1151510.7108885823,0.0,1031.9294709198575,2216153118453.139,2010116207213.7312,19.87649967281749,0.056425073137422226,19.79905668377359,19.920890709191166,19.909551625488287,59.87040229095046,41.45492093884625,3.8806326301038734,0.123465790807753
1220187.9893117177,0.0,0.003741041191158974,0.0033932346405070053,0.02350565504584368,5.753509084924461,5.75350908492446,2.726787673498503e-05,2.8284160720740728e-05,18.074857428383567,-18.079821134060023,0.0,5569741530.494936,5051919755.550961,431906421.1800321,2.8857940022454572e-05,0.00010005745116414796,9.529281063252188e-05,1.4705720041701476e-06,1.5441006043786547e-06,438.2557132279268,417.38639355040635,0.0050156323253105215,0.004776792690771924,1162083.7993444926,0.0,1031.929857593148,2257057226470.234,2047217438975.268,19.874761600537376,0.055063064358331804,19.80033375927161,19.912812079409164,19.91113896293196,59.872211272564705,41.86017101398753,3.2463848597748677,0.7912912868554667
1231289.7321904236,0.0,0.003714407199019661,0.0033690768245076283,0.023338308737762416,5.863391359292632,5.863391359292632,2.713151327018857e-05,2.8142714938503065e-05,18.23271093142601,-18.236945808410148,0.0,5631343390.391504,5107794458.404992,386641451.09240925,2.9099466359753583e-05,9.986690613862176e-05,9.511133917963976e-05,1.4700370031435742e-06,1.5435388533007534e-06,439.10487670318156,418.19512066969673,0.004988983125303579,0.004751412500289123,1172656.8878004034,0.0,1031.9273580032532,2298276632013.753,2084604654887.7576,19.88562567400685,0.055972632139225785,19.81342504699685,19.918821318247502,19.924630656776763,59.872058648971965,42.29100929803836,2.903501092240089,1.2870466868038721
1242391.4750691296,0.0,0.0037027580743158642,0.0033585107250030505,0.02326511512858201,5.992002964367117,5.992002964367117,2.697088301131547e-05,2.7976097929678474e-05,18.384495107220594,-18.388716019358217,0.0,5715407853.402808,5184043404.446991,391165265.5173326,2.9321805841323814e-05,9.928718467255256e-05,9.455922349766912e-05,1.4690359519539318e-06,1.5424877495516285e-06,441.67297774608096,420.6409311867438,0.00498226395525769,0.0047450132907216076,1183229.9762563142,0.0,1031.921681883473,2339938720986.8657,2122393397720.5127,19.908100637930705,0.05673958352414965,19.842540498835334,19.933269568091873,19.94849184686305,59.866955801276674,42.86155963344058,2.9328763033408265,1.4306857452624056
1253493.2179478358,0.0,0.0036939076639461617,0.0033504831419012802,0.023209506360184592,6.124667863031307,6.124667863031307,2.6807426234556062e-05,2.7806549057586585e-05,18.534159767732845,-18.538131725045872,0.0,5804104869.463654,5264494212.665445,383418676.1410645,2.9537437033400367e-05,9.864276220491986e-05,9.39454878142094e-05,1.4678768638176775e-06,1.541270707008562e-06,444.5563873443495,423.38703556604696,0.004979213700334232,0.0047421082860326005,1193803.0647122248,0.0,1031.9125600857035,2381925730778.495,2160476853313.8281,19.93960264770545,0.05743837931469959,19.875033250096084,19.95824686679797,19.98552782622156,59.87663165428497,43.456748274081754,2.8695573955877625,1.508300207901181
1264594.960826542,0.0,0.0036839822217937467,0.00334148047328231,0.02314714296788528,6.254962651582428,6.254962651582428,2.664848151903998e-05,2.7641680412951647e-05,18.681680544632854,-18.68553292710524,0.0,5891439755.184531,5343709528.512046,361378766.4432839,2.9746265092838078e-05,9.804099314738713e-05,9.337237442608298e-05,1.4665660013710194e-06,1.5398943014395703e-06,447.28985292604426,425.9903361200423,0.004974608741400145,0.0047377226108572795,1204376.153168135,0.0,1031.900014802535,2424267458792.5664,2198882048791.4436,19.98001971723656,0.057148341502952386,19.91381077979709,19.99674443082846,20.0295039410819,59.87989805182997,44.03090727196313,2.6982813645167307,1.6629686293631707
1275696.7037052482,0.0,0.00366998341304546,0.003328783141084317,0.023059185858440027,6.376362668686495,6.376362668686495,2.650020986947091e-05,2.7487882623431786e-05,18.825715514085807,-18.830045017111065,0.0,5972573539.724945,5417300262.789064,336781420.93716466,2.994406060293612e-05,9.756562756744696e-05,9.29196453023304e-05,1.465018388029663e-06,1.5382693074311462e-06,449.49684605269937,428.09223433590415,0.004964354584729764,0.00472795674736168,1214949.241624046,0.0,1031.8867910086692,2467083528138.7725,2237717485840.156,20.024325476109468,0.0632012946123961,19.9497403728952,20.045584890930396,20.077651164501184,59.86715713210503,44.54056607966921,2.5100259285359847,1.849333886773008
1286798.4465839544,0.0,0.0036535586635382897,0.0033138854091050237,0.022955986113662463,6.488605004632702,6.488605004632701,2.6358407913383167e-05,2.7340795655294087e-05,18.964234395550026,-18.969602692809357,0.0,6049714397.65802,5487269294.92791,324438657.31793815,3.012430159284405e-05,9.716583615570238e-05,9.253889157685939e-05,1.4630677853986e-06,1.53622117466853e-06,451.37659129670266,429.8824679016217,0.004950702353520539,0.0047149546224005134,1225522.3300799564,0.0,1031.871891563244,2510213869433.128,2276837976810.0933,20.076369411832946,0.06149900862822809,20.004575954666127,20.094495690396407,20.130036590435587,59.86085726613638,44.993645000746966,2.4117128430669914,2.091327385415098
1297900.1894626606,0.0,0.003635745002776319,0.003297727893674665,0.022844059582095767,6.595146301013164,6.595146301013163,2.622111011544092e-05,2.7198380716964112e-05,19.098911927599968,-19.105422789032666,0.0,6124560130.692356,5555156581.126854,325354799.0285284,3.029236498289513e-05,9.681273035733277e-05,9.220260034031692e-05,1.4608487534549143e-06,1.5338911911276603e-06,453.05698611070017,431.48284391495247,0.0049350579577180365,0.004700055197826701,1236095.418535867,0.0,1031.855914293515,2553653929296.9233,2316239391652.537,20.133485365286013,0.05389271850463952,20.07272404210063,20.142483826052707,20.185248227704673,59.865542278903256,45.410744139392975,2.4108380653511494,2.375174234378963
1309001.9323413663,0.0,0.003610652277576008,0.0032749680522231365,0.02268639733980008,6.6883694785736285,6.688369478573628,2.609954848827096e-05,2.7072288442388942e-05,19.23284591896239,-19.241001169976503,0.0,6186665161.911179,5611487675.202883,322152582.0644015,3.0458209235118573e-05,9.665916945809832e-05,9.205635186485552e-05,1.4586216861959691e-06,1.531552770505768e-06,453.7697808449572,432.1616960428162,0.004909326576971643,0.004675549120925374,1246668.5069917776,0.0,1031.8403245371119,2597576597947.716,2356078546891.352,20.18985107077081,0.05336671932486977,20.130573176046934,20.197246691861988,20.241733344402423,59.87285355723092,45.73066896237586,2.380368108516583,2.8829075746189092
1320103.6752200727,0.0,0.0035831004380883773,0.0032499777216221113,0.02251328402674564,6.7754420380980624,6.7754420380980624,2.5984593615785048e-05,2.695304915872105e-05,19.365397636922005,-19.374760242892968,0.0,6243972268.747183,5663466910.428285,312965474.4667171,3.0619778010156204e-05,9.6584739497075e-05,9.198546618769048e-05,1.4563253179463513e-06,1.529141583843669e-06,454.12276481274483,432.49787125023306,0.004880091230307573,0.004647705933626261,1257241.5954476884,0.0,1031.8228100042534,2641838763606.3525,2396225635924.129,20.251064485769373,0.057854108710373976,20.186538220976672,20.25724528142352,20.309409954908137,59.86974236207586,46.00821466470968,2.3053270614349644,3.4900904010249922
1331205.4180987787,0.0,0.003555602834045997,0.003225036584168705,0.0223405114850439,6.862060089995168,6.862060089995168,2.5871294785747065e-05,2.6835527638823804e-05,19.497528618173668,-19.50745698652456,0.0,6300880742.156754,5715084573.38481,302086480.95034087,3.0780107402584385e-05,9.651911776670332e-05,9.192296930162221e-05,1.454025938098751e-06,1.5267272350036883e-06,454.4402144661072,432.8002042534353,0.004850796308048148,0.004619806007664903,1267814.6839035987,0.0,1031.8041071059426,2686383160606.572,2436628717103.466,20.31486254520195,0.06578448799598666,20.2422243612967,20.317751565309287,20.384611709002517,59.860671391263615,46.28060455429228,2.217874609130707,4.072950250482743
1342307.160977485,0.0,0.003530492324636656,0.0032022606119153346,0.02218273750126734,6.952948836924667,6.952948836924667,2.575653520113053e-05,2.6716490921477386e-05,19.629499574681706,-19.63961029107295,0.0,6361049255.102425,5769659188.301518,297098446.362503,3.094015707573669e-05,9.640152741076159e-05,9.181097848643957e-05,1.4517670098728938e-06,1.5243553603665385e-06,454.9840786501388,433.31817014298935,0.004824515365046687,0.0045947765381397,1278387.7723595093,0.0,1031.78238435015,2731442802554.1914,2477499140638.7217,20.384734798553573,0.06399375292012711,20.315757772285124,20.388410554157783,20.45003606921879,59.86698051455365,46.576514380101436,2.1745392515427087,4.5988397174303035
1353408.9038561909,0.0,0.003506889914766541,0.0031808525304004905,0.022034439186357405,7.043863952233349,7.043863952233349,2.5640867186145075e-05,2.659651191622172e-05,19.758696819291245,-19.768719699693147,0.0,6423495620.51545,5826299882.553696,296354392.8987104,3.1091593659589536e-05,9.625254074009204e-05,9.166908641913528e-05,1.4493383123402132e-06,1.521805227957224e-06,455.67998135520014,433.98093462400004,0.004800160696953193,0.004571581616145897,1288960.86081542,0.0,1031.7590290249157,2776825278006.1973,2518662383679.0903,20.459858287372487,0.06471438653486541,20.391081104893264,20.461963638727077,20.526530118497693,59.86732040971632,46.87568542018555,2.162033071402041,5.090597187771029
1364510.6467348973,0.0,0.003484705489615148,0.0031607306028255304,0.021895050332197945,7.135428556574802,7.135428556574802,2.5524130358595888e-05,2.647542426335748e-05,19.885903733166717,-19.89560775992869,0.0,6488122094.96802,5884917999.970993,298471097.44879186,3.1236866091917216e-05,9.607328074196036e-05,9.149836261139082e-05,1.446790435303853e-06,1.5191299570690452e-06,456.5234727491121,434.78425976105916,0.00477763256388352,0.004550126251317639,1299533.9492713306,0.0,1031.7345276219862,2822470638700.669,2560064071383.826,20.53866818834923,0.06799214073782986,20.467529145172573,20.53617477030372,20.61230064957249,59.86456077599287,47.18110348931671,2.1702869000199256,5.548925418916717
