rei,a,cf,cfc,cfcrei,epsilon,epsilonc,eta,etac,fic,ficfn,foc,g,gc,gstd,jlamc,lambc,lambda,mu,muc,nuw,nuwc,nuwta,nuwtac,reic,reoc,rho,ta,tac,tempavg,tempavgstd,tempbot,tempmid,temptop,time,torque,torquestd,dr,drc,drgc,drt,drcf,drcfc,drcfrei
267411.4052108733,0.0,0.030841382172932457,0.027974042787240326,0.030841382172932457,0.08310659310959632,0.08310659310959632,7.958036009710645e-05,8.254634994418518e-05,4.0191866180254285,-4.024623654691354,0.0,351053351.00446314,318415737.87252885,115752878.39126869,6.5109936996529465e-06,0.0003488199585010427,0.00033220948428670734,1.492091818246431e-06,1.566696409158752e-06,126.01707967990791,120.01626636181706,0.004857666802006389,0.0046263493352441815,254677.52877226032,0.0,1032.0240323924406,108428114446.966,98347496097.02127,19.451451761989613,0.03060845995324743,19.492404698407107,19.42873932388416,19.433211263678924,59.86802708344674,2.717613186159982,0.8961773587856826,2.950476657239176,7.571882530703977,11.936438141874973,1.4279989191469222,2.9277996810608053,11.952652771937233,2.9277996810608053
278493.215731318,0.0,0.03056482028690505,0.027723193003995502,0.03056482028690505,0.09293679398884118,0.09293679398884118,7.736527169153299e-05,8.024870436353371e-05,4.184600222679678,-4.189050178018474,0.0,377321523.48753023,342241744.6598913,114483607.28580056,6.7771153774301674e-06,0.00033796810326039455,0.00032187438405751863,1.4916854711441963e-06,1.5662697447014063e-06,130.0646398809356,123.87108560089105,0.0048534049917956365,0.004622290468376797,265231.6340298266,0.0,1032.0222541402372,117593611872.68733,106660872446.88193,19.459444894533934,0.031665217889760434,19.502050218616148,19.436717156679823,19.439567308305683,59.860275871503255,2.91937347903482,0.8857177429730501,2.7292565422899595,7.361196706942819,11.801312782352014,1.2510743407850744,2.7486275295248386,11.790138348775391,2.7486275295248386
289575.02625176264,0.0,0.03019899447435118,0.027391378208028283,0.030198994474351176,0.10311119960345813,0.10311119960345816,7.536546565674638e-05,7.817436480831481e-05,4.349036283375241,-4.353911041772078,0.0,403086962.70408463,365611757.55472517,122350506.73263717,7.04006333549408e-06,0.0003289277712062353,0.0003132645440059384,1.4909766033001041e-06,1.565525433465109e-06,133.61326889592982,127.25073228183793,0.004832755588263776,0.004602624369775025,275785.7392873929,0.0,1032.0191519997304,127160421867.859,115338251127.30975,19.473388822282146,0.035119871911374084,19.520179391145557,19.445169730205947,19.45481734549479,59.85340070283413,3.1156617721698767,0.9458671647072002,2.9910521020698355,7.610525811495084,12.031747439887619,1.5059942765670575,3.0011189468002852,12.019155507301837,3.0011189468002963
300656.8367722073,0.0,0.029923684655992988,0.027141664087068473,0.029923684655992988,0.11423150181568785,0.11423150181568785,7.34437678141877e-05,7.618104456692271e-05,4.513376439465431,-4.5183154823167255,0.0,430614264.01233023,390579831.30370086,129868059.96559882,7.302700610365361e-06,0.0003197103657405628,0.00030448606261005985,1.4902867361295299e-06,1.5648010729360062e-06,137.46182286377248,130.91602177502145,0.004824759992939388,0.004595009517085133,286339.84454495943,0.0,1032.0161330097847,137093975846.68813,124348277411.962,19.486958993453698,0.03746391505516691,19.537357578691367,19.45520619424785,19.468313207423282,59.86071805912612,3.3252844025551607,1.0033243096216928,3.057942496007937,7.674230948578953,12.08325945996428,1.561079609231475,3.06550673912821,12.077557132996098,3.06550673912821
311738.64729265205,0.0,0.02960824087497521,0.026855547278889082,0.02960824087497521,0.12577989353760138,0.12577989353760138,7.166177106907425e-05,7.433263213523681e-05,4.677522821615752,-4.682209918921899,0.0,458006050.24224246,415424988.88185257,130622839.69063516,7.56471636778291e-06,0.00031153866837417896,0.00029670349368969426,1.4895842518275766e-06,1.564063464418955e-06,141.01932748973385,134.30412141879413,0.004808550810000852,0.0045795722000008116,296893.9498025257,0.0,1032.0130588048726,147381900187.80887,133679728061.50465,19.500777352450108,0.03818798395843685,19.55209529411301,19.46852699791275,19.481709765327206,59.87028720699025,3.5333633273728324,1.0081781275384902,3.2317688558793245,7.839779862742224,12.237043080337994,1.7107127186740678,3.231780344687507,12.228372194727887,3.231780344687507
322820.4578130967,0.0,0.029285975351304838,0.02656324294902933,0.029285975351304838,0.13785514553234632,0.13785514553234632,6.999003273595585e-05,7.259858748788519e-05,4.8407366217970615,-4.845649569638941,0.0,485794376.27340966,440629819.7491243,132209946.05941305,7.823723194756262e-06,0.00030402000774465686,0.0002895428645187208,1.4886419254332304e-06,1.5630740217048915e-06,144.45242385680217,137.5737370064783,0.00478967773142612,0.004561597839453447,307448.0550600921,0.0,1032.0089350053481,158022972035.1429,143331493909.42667,19.519313573647754,0.03857802337317958,19.571347421772522,19.488797468037426,19.497795831135605,59.866495474631826,3.742881549632688,1.0189373721137858,3.3624734235616627,7.964260403392032,12.348477104216894,1.8275691876832312,3.3611485055141666,12.345712930171581,3.3611485055141666
333902.2683335414,0.0,0.029021041494306187,0.02632294013088996,0.02902104149430618,0.15077481758472355,0.15077481758472355,6.838881885122571e-05,7.093769576154545e-05,5.003026145104214,-5.009289913330392,0.0,515000540.60155255,467120671.74743986,141504127.8228334,8.079743644378391e-06,0.00029652070721704864,0.0002824006735400463,1.4874835580659775e-06,1.5618577359692758e-06,148.0655890857455,141.0148467483291,0.004778578591039593,0.004551027229561516,318002.16031765845,0.0,1032.003865769437,169039549899.38943,153323854784.02673,19.542099472330367,0.04184660407690094,19.598631573235764,19.50858915166308,19.519077692092388,59.8614346344584,3.961641263921338,1.0890394696219892,3.758933742033821,8.341841659079808,12.721571320253078,2.245849707020786,3.7616839405258617,12.709010376894215,3.761683940525884
344984.0788539861,0.0,0.028785832267178218,0.02610959842827957,0.028785832267178218,0.16450918601872974,0.16450918601872974,6.686844252787566e-05,6.936065444279587e-05,5.164554744364871,-5.171022381770004,0.0,545312077.7404057,494614129.4697555,151914938.28999576,8.33332632369491e-06,0.000289280320734904,0.00027550506736657515,1.4861853995950459e-06,1.5604946695747982e-06,151.74212514319436,144.5163096601851,0.00477091551300407,0.004543729060003874,328556.2655752249,0.0,1031.9981847810686,180446257626.35275,163670074944.53766,19.567635160082663,0.0416138579041227,19.623319127757497,19.532682852305726,19.546903500184158,59.862315112846616,4.187349300229618,1.16790099886262,3.9443636276162097,8.518441550110678,12.888879168335365,2.449930232877806,3.954689661685029,12.884072255496603,3.954689661685029
356065.88937443076,0.0,0.028594805350562625,0.025936331383730277,0.028594805350562625,0.1792414544630088,0.1792414544630088,6.541457812540396e-05,6.785260396914404e-05,5.325654551401457,-5.332183103075422,0.0,577093473.5841963,523440792.36661786,158523834.3522381,8.585537950609875e-06,0.00028214895373618353,0.0002687132892725557,1.4848530421021031e-06,1.559095694207208e-06,155.57177756203185,148.16359767812554,0.00476923295491786,0.004542126623731295,339110.37083279114,0.0,1031.9923541312762,192251420038.8186,174377705250.62906,19.593843566587765,0.04636199100047056,19.6545231402288,19.55584135622888,19.57116620330689,59.86556148477505,4.4233122407359495,1.2174352790221032,3.941817267093106,8.516016444850605,12.875388578156066,2.458580473093541,3.9430557716959913,12.873519974327419,3.9430557716959913
367147.69989487546,0.0,0.028351693249048283,0.02571582154108688,0.028351693249048286,0.19415337840891925,0.19415337840891925,6.406359221722755e-05,6.645126630982821e-05,5.485223718738466,-5.492075724363463,0.0,608321904.9849197,551765900.213079,141887384.99181005,8.83282246750047e-06,0.0002759350262423209,0.00026279526308792473,1.4831889924905781e-06,1.5573484421151066e-06,159.04331904523406,151.4698276621277,0.004757712943687939,0.004531155184464703,349664.47609035764,0.0,1031.9850719336875,204408845173.24936,185404848229.7046,19.626576589739976,0.048214005847788816,19.689216543424152,19.584469569869,19.606043655926854,59.868728639307655,4.651995171704651,1.0874108174232897,4.158863937294177,8.722727559327769,13.064770656886616,2.729437606525198,4.150555976328684,13.061728776715354,4.150555976328674
378229.51041532017,0.0,0.028111521507217668,0.025497978691353892,0.028111521507217668,0.20966818250997865,0.20966818250997865,6.277882094297163e-05,6.51186111286559e-05,5.643925522663277,-5.651206714892707,0.0,640117962.159284,580605861.368965,126408285.38411498,9.077341616967847e-06,0.00027007639502421745,0.00025721561430877847,1.4813819368430259e-06,1.5554510336851778e-06,162.4618874332855,154.72560707931956,0.004745620483479654,0.004519638555694908,360218.58134792396,0.0,1031.9771639144865,216914414142.8777,196747767930.04773,19.662122641936342,0.0473762982206073,19.723897024950414,19.617289565169227,19.64518133568653,59.86458173300803,4.883130351650197,0.9661024887494182,4.360662387723558,8.914916559736707,13.24555180602066,3.0559592460264073,4.354842446220097,13.247022626957005,4.354842446220097
389311.32093576476,0.0,0.02789907660266214,0.025305284900373815,0.02789907660266214,0.2260446528432083,0.2260446528432083,6.154663501322673e-05,6.384050116749325e-05,5.80219262137643,-5.809136344279187,0.0,673036079.3366383,610463564.0241616,128269397.04571362,9.320495286347199e-06,0.0002643584809194726,0.00025176998182806914,1.479567564190024e-06,1.5535459423995251e-06,165.96397121207292,158.060924963879,0.00473710564730743,0.004511529187911838,370772.68660549034,0.0,1031.9692238746775,229790290646.7753,208426567480.0682,19.697812624762665,0.04676169177636524,19.75849826759224,19.653105540046493,19.68183406664848,59.8675993504688,5.121649234627053,0.9778627426601388,4.477937415283407,9.026607062174662,13.368175609622423,3.260730822085367,4.482598740767263,13.362901352169887,4.482598740767263
400393.1314562095,0.0,0.027726303944279572,0.025148575006149282,0.02772630394427957,0.24348813949214101,0.24348813949214101,6.035803382581274e-05,6.260760036834345e-05,5.960102120621571,-5.967170954954541,0.0,707493833.1799332,641717762.5214814,147740500.95320836,9.562523711842103e-06,0.00025863488766314464,0.00024631894063156627,1.4777698437587194e-06,1.5516583359466553e-06,169.63181338652996,161.5541079871714,0.004734274736855978,0.00450883308271998,381326.7918630568,0.0,1031.9613567081585,243058537535.99905,220461258536.05347,19.733175046707014,0.047943833168642695,19.79447321164577,19.68990979724744,19.71514213122861,59.86246196688338,5.370710326410676,1.1238777827832926,4.524973686560085,9.071403511009601,13.421160375976616,3.376621943196767,4.536220349534803,13.41153773200433,4.536220349534814
411474.9419766542,0.0,0.02759233822193315,0.02502706414687814,0.02759233822193315,0.2619176766631943,0.2619176766631943,5.921046555759576e-05,6.141726180066807e-05,6.116181013783515,-6.122673777024944,0.0,743650705.7463716,674513111.7880923,167336722.21944585,9.798708305373123e-06,0.0002529110591026788,0.00024086767533588443,1.4756391420998269e-06,1.5494210992048186e-06,173.4815422003788,165.22051638131316,0.004737135503385525,0.004511557622271929,391880.89712062315,0.0,1031.952032352457,256728865308.5949,232860648805.9817,19.775087442976886,0.04937759972611728,19.837277669586967,19.72616088982805,19.761823769516734,59.86093768716966,5.62868455241108,1.2694163873221709,4.464344185875335,9.013661129405081,13.35154052440959,3.4097069238906097,4.467673403038441,13.349363630873867,4.467673403038441
422556.75249709893,0.0,0.02746004855114713,0.024907073515779712,0.027460048551147125,0.28105981011799896,0.28105981011799896,5.8110410612669115e-05,6.027620739564976e-05,6.2718537146573965,-6.27888955940195,0.0,780477198.0489457,707915825.8947352,183889092.23945275,1.0033620639347922e-05,0.00024744598509649846,0.00023566284294904613,1.4735104129513798e-06,1.5471859335989485e-06,177.3002849657504,168.85741425309558,0.004739559757142597,0.004513866435373903,402435.00237818935,0.0,1031.9425530471276,270737970154.47406,245567319868.00366,19.817312565819645,0.04909133901233165,19.877245091110176,19.76937156521513,19.805321041134093,59.86158717446526,5.890280954872368,1.3912240761424777,4.438139879634695,8.98870464727115,13.317262497404215,3.567880467600504,4.435985701841039,13.32062195178324,4.43598570184105
433638.5630175436,0.0,0.027364374486097253,0.02482029431845555,0.027364374486097253,0.3014652051994455,0.3014652051994455,5.7038583022861426e-05,5.916443238985516e-05,6.428147756368133,-6.436345807217048,0.0,819046994.9670693,742899768.6776139,220665131.33727738,1.027053282032316e-05,0.00024192473117849194,0.000230404505884278,1.4716312170737542e-06,1.5452127779274417e-06,181.32032022384797,172.68601926080757,0.004747621799877629,0.004521544571312027,412989.10763575597,0.0,1031.9336987969014,285097467707.1631,258591807444.1388,19.85563264149515,0.04771580382838789,19.906883766325663,19.81629875613081,19.84371540202923,59.86059068775954,6.165369326302514,1.6652904927662642,4.269635971395269,8.828224734662172,13.17089866045884,3.728647601082302,4.271694867709208,13.171605322185254,4.271694867709208
444720.3735379883,0.0,0.027264021473426287,0.02472927117771092,0.027264021473426287,0.3235246845892551,0.3235246845892551,5.601802532190426e-05,5.810583812088418e-05,6.590029156347412,-6.597977916775688,0.0,858232705.2809963,778442363.066663,309174782.3877781,1.0525240866588639e-05,0.00023675705310136105,0.00022548290771558195,1.4710836693954815e-06,1.5446378528652559e-06,185.27469123323053,176.45208688879097,0.004754190656443031,0.00452780062518384,423543.2128933221,0.0,1031.9320187946394,299829059594.0496,271953795550.1584,19.864864281121246,0.04594838589125675,19.915227468636,19.833645672570643,19.845719702155552,59.87081722133828,6.455199105814931,2.328826784960924,4.164976975241652,8.728549500230143,13.097099288773773,3.7111275205695793,4.177585876884082,13.086245693318887,4.177585876884082
455802.1840584329,0.0,0.02718116300458372,0.02465411610393081,0.02718116300458372,0.3462427992679928,0.3462427992679928,5.5039097955857814e-05,5.709042576500887e-05,6.7472924392919005,-6.755347240735978,0.0,898858414.281484,815291078.713364,279375364.29950786,1.0765299237709618e-05,0.0002317292927487833,0.00022069456452265078,1.4695802771498198e-06,1.5430592910073109e-06,189.31085699970242,180.29605428543087,0.0047630734343170065,0.0045362604136352435,434097.31815088843,0.0,1031.9255176070883,314990796020.83765,285705937433.8664,19.894269566701496,0.04418118298396581,19.948074294022373,19.86042086778082,19.87431353829865,59.87615729209341,6.746481310719916,2.0979580315380533,4.040155269338341,8.609671685084141,12.976815044928024,3.7927278032217626,4.048824141433949,12.96945500356822,4.048824141433949
466883.9945788776,0.0,0.027059349687611426,0.024543627834568173,0.027059349687611426,0.3688339609470193,0.3688339609470193,5.4119099267360826e-05,5.613613838058139e-05,6.901131831856703,-6.909867659285811,0.0,938892409.6649113,851603092.6665863,264517647.99860036,1.0994487707335053e-05,0.00022725227443641475,0.00021643073755849023,1.467422620893197e-06,1.540793751937857e-06,193.03993719099125,183.8475592295154,0.004764514560441903,0.004537632914706574,444651.42340845475,0.0,1031.915481311886,330516837663.7573,299788514887.7617,19.937988608320197,0.04851030644506047,19.99612586064812,19.895129917902032,19.922710046408934,59.87445470351719,7.02585612544654,1.9795197936992424,4.082045093446762,8.649566755663617,13.004754027467635,4.075203349257894,4.083583810314783,13.000983047904613,4.083583810314783
477965.8050993224,0.0,0.02695567993223934,0.02444959631042117,0.026955679932239348,0.3929598994289794,0.3929598994289795,5.3224465232350986e-05,5.5208160999783056e-05,7.057467848180227,-7.066667810779824,0.0,980228454.8083328,889096104.1345422,237439433.8773189,1.1231659206547316e-05,0.00022282234300437915,0.00021221175524226588,1.4658542861229936e-06,1.5391470004291442e-06,196.87022344731358,187.49545090220337,0.004768626828613082,0.004541549360583888,455205.52866602107,0.0,1031.9080575366384,346376282981.134,314173499302.6158,19.970043213813643,0.050636572063839015,20.02340103579638,19.931201712312426,19.955526893331864,59.86883997094396,7.31974776703668,1.7728260709367252,4.051157683595963,8.620150174853315,12.971350251585424,4.141813557820351,4.053352922120035,12.973562741151968,4.053352922120002
489047.61561976705,0.0,0.026880396454222688,0.02438131197661922,0.026880396454222688,0.4194520480004592,0.4194520480004591,5.2350425748792746e-05,5.430154573708764e-05,7.219903682470321,-7.228775475885267,0.0,1023249578.2421359,928117531.2853842,186081315.01533893,1.1488284882939896e-05,0.0002183537725395256,0.00020795597384716722,1.465607580612458e-06,1.5388879596430808e-06,200.87215188099992,191.30681131523804,0.004777192718968576,0.004549707351398646,465759.63392358756,0.0,1031.9062004153177,362590981753.2924,328880709073.2809,19.9765668657683,0.04608322646648518,20.01704962784465,19.954616494276667,19.958034475184085,59.85786755198794,7.638646305132368,1.3887443881868824,3.868939901522861,8.446609430021768,12.816845855224933,3.8687719601151693,3.875011563362818,12.811801871530903,3.875011563362818
500129.4261402117,0.0,0.026754541027974855,0.024267157394988532,0.026754541027974855,0.4456810729852885,0.4456810729852885,5.153769834233266e-05,5.345852767558324e-05,7.378923138498354,-7.387486639576206,0.0,1065132271.616176,966106368.812858,163054844.42802167,1.1734082882992665e-05,0.00021450276019126875,0.00020428834303930357,1.4647032570325805e-06,1.537938419884209e-06,204.4621838246217,194.72588935678257,0.004776183943414843,0.00454874661277604,476313.739181154,0.0,1031.8955539594197,379207302557.3785,343952201866.10297,20.008729725442688,0.0448629571634147,20.06167624829556,19.969119819155672,19.99539310887716,59.853193078290616,7.941426417798418,1.2154968191727331,3.8618049947482302,8.439814280712598,12.818940900369213,3.9081564795245938,3.872090534433592,12.809152412184655,3.872090534433592
511211.2366606564,0.0,0.02665677706082084,0.02417848259484884,0.02665677706082084,0.4724763729964884,0.4724763729964884,5.074566508106928e-05,5.263697503782309e-05,7.532703874283168,-7.541004488096952,0.0,1108857821.0802443,1005766731.1385436,139050591.57643697,1.1963213830631533e-05,0.00021062144570863152,0.00020059185305583955,1.462823254781504e-06,1.5359644175205792e-06,208.22795929878723,198.31234218932119,0.004779604048425164,0.004552003855643014,486867.8444387205,0.0,1031.8798589755445,396226126589.3024,359388776951.7482,20.061758404280766,0.04812539998199195,20.11440872799748,20.01590836525062,20.054958119594996,59.86444907842829,8.245926837027506,1.033942597842038,3.8357772398514234,8.415025942715637,12.786245576423616,4.155447039401883,3.841218193141438,12.781150288563637,3.841218193141438
522293.047181101,0.0,0.026549780894034827,0.024081433917491905,0.026549780894034827,0.500631471327349,0.500631471327349,4.99861379457216e-05,5.1849140041474623e-05,7.689787326208585,-7.697667747026928,0.0,1152790852.556781,1045615285.7657877,121278322.84717543,1.2202824109322944e-05,0.00020697528319060132,0.00019711931732438207,1.4616341352832217e-06,1.5347158420473832e-06,211.88513336715917,201.79536511158008,0.004780864959665507,0.004553204723490958,497421.9496962868,0.0,1031.8727202022155,413595443490.133,375143259401.4811,20.0893073319484,0.05729143684384939,20.133673901883913,20.04784810242096,20.08639999154013,59.87135658927741,8.558595712384202,0.9003632766575649,3.8803312332130413,8.45745831734579,12.82132054763535,4.530090210831728,3.881687860049876,12.817857469433003,3.881687860049876
533374.8577015458,0.0,0.026449070402747247,0.023990086533104072,0.02644907040274724,0.5304034336122821,0.5304034336122821,4.925097670984398e-05,5.108657907080166e-05,7.849468299002976,-7.856906934419029,0.0,1197684010.3740401,1086334703.287111,110497343.45855518,1.2450709743436036e-05,0.00020344358777950552,0.0001937557978852433,1.460988757650121e-06,1.5340381955326266e-06,215.5653043033281,205.30028981269336,0.004782808568214955,0.004555055779252336,507976.05495385313,0.0,1031.8694197557618,431317359822.461,391217559929.66986,20.103025582922157,0.06528565194426406,20.15156730473953,20.05659966267786,20.100909781348864,59.8663288531526,8.883667408472181,0.8197243640635309,3.878882729087385,8.45607878960707,12.81750236044793,4.868911645877228,3.8821301741033487,12.81825866131826,3.882130174103382
544456.6682219903,0.0,0.026388914123128254,0.023935523014175283,0.026388914123128254,0.5610992934682556,0.5610992934682556,4.852378428981367e-05,5.033228391672929e-05,8.004534484717414,-8.011645871092378,0.0,1245080462.8189685,1129324682.8289962,108330620.49137944,1.2684005470390507e-05,0.00019975467336799806,0.00019024254606476009,1.4595285103789687e-06,1.5325049358979171e-06,219.5435485432993,209.0890938507613,0.0047916117500819465,0.004563439761982807,518530.1602114192,0.0,1031.8564170097059,449408412094.9277,407626677637.12256,20.14595937677841,0.06412738633821186,20.21275406599394,20.078629606895813,20.146494457445094,59.86146230184824,9.216448836977971,0.801980895112048,3.66577448598594,8.253118558081828,12.628344709304862,4.920755693729085,3.670883469783426,12.62665167327297,3.670883469783426
555538.4787424351,0.0,0.02630473425477001,0.02385916939208163,0.02630473425477001,0.5911912970533625,0.5911912970533625,4.7834404809559635e-05,4.961721100487074e-05,8.153868167587406,-8.160737773052576,0.0,1292142186.759433,1172011053.7500525,112551737.30313487,1.289919116364622e-05,0.00019639782546056048,0.00018704554805767663,1.4571052001569882e-06,1.5299604601648374e-06,223.2964881512049,212.66332204876664,0.004795606294821648,0.004567244090306332,529084.2654689858,0.0,1031.8336897552797,467891669675.8047,424391537120.9113,20.219677870267255,0.06872047526259109,20.291100414956478,20.14868253093293,20.219250664912,59.86671560330509,9.532707752317863,0.8304736782559582,3.5116853912964263,8.106367039329898,12.49387918911612,4.947945040034851,3.5192249561681987,12.489092930764844,3.5192249561681987
566620.2892628799,0.0,0.026216935542567918,0.023779533371943686,0.026216935542567918,0.6223629196862519,0.6223629196862518,4.7171360494322476e-05,4.892945477949953e-05,8.303701465656175,-8.311592711391826,0.0,1339747776.8480074,1215190727.2997801,112142887.96064192,1.3116018052086525e-05,0.00019320036029603783,0.00018400034313908358,1.4548597008179212e-06,1.5276026858588174e-06,226.98813043075745,216.17917183881664,0.004798491551102593,0.0045699919534310405,539638.3707265522,0.0,1031.8121249011658,486765399355.0939,441510566308.4751,20.28907293432269,0.0625395884116145,20.347348960620824,20.2327105515038,20.28715929084352,59.868261286419866,9.853274219354367,0.8247335587518453,3.424023238708551,8.022879274960514,12.4106734637074,5.025497669221945,3.428550385689322,12.406848422393956,3.428550385689322
577702.0997833244,0.0,0.02612948219792224,0.023700210610360303,0.026129482197922237,0.6582165924097478,0.658216592409748,4.652786079713283e-05,4.8261971607415635e-05,8.469554072669263,-8.478195203255995,0.0,1387985245.7954075,1258943533.6012766,106866004.5843003,1.338358142377797e-05,0.00019011333962655052,0.0001810603234538577,1.455418908631616e-06,1.528189854063197e-06,230.6601519101381,219.67633515251242,0.004801091490585464,0.00457246808627187,550192.4759841185,0.0,1031.8162064843366,505958950630.326,458919683111.4067,20.274560732842925,0.06347658948190799,20.287261495276255,20.270376956656644,20.26604374659623,59.86887968826984,10.216888497067217,0.7860485278979196,3.3737683574792676,7.975017483313618,12.368074325669976,4.8829260759094435,3.38043579446321,12.363207069807924,3.3804357944632213
588783.9103037692,0.0,0.026046618457110773,0.023625050754749004,0.026046618457110773,0.7085074656633784,0.7085074656633785,4.590593256829928e-05,4.7616863880398355e-05,8.689132389448353,-8.698387638046933,0.0,1437139703.9199398,1303528076.117859,98556516.15843968,1.38212304834836e-05,0.0001871286695691121,0.00017821778054201158,1.4650406896844681e-06,1.5382927241686917e-06,234.33654188466625,223.1776589377773,0.004804076608443589,0.004575311055660561,560746.581241685,0.0,1031.8946974329826,525556274675.2285,476695033719.0281,20.00710608590583,0.09718375545022108,19.952444146280783,20.09678713283992,19.97208697859569,59.858695366546144,10.720379821842368,0.7350391023726679,3.377066117630323,7.978158207267006,12.370034761373894,3.654768379970863,3.380751470483012,12.363493397263492,3.380751470483012
599865.7208242139,0.0,0.025948337924255483,0.02353590741429069,0.025948337924255483,0.7554274971568543,0.7554274971568543,4.531200038613146e-05,4.700079562319878e-05,8.887738114984975,-8.897662467519035,0.0,1486162793.8612144,1347993463.819695,96936989.33846848,1.4193222106620379e-05,0.00018437445242332838,0.000175594716593646,1.4708671053448686e-06,1.5444104606121122e-06,237.84706249289155,226.5210118979919,0.004803825686611964,0.004575072082487585,571300.6864992513,0.0,1031.9296510533204,545538460756.7823,494819465539.0315,19.8721757764158,0.05946966279370336,19.870789052012398,19.912600114255653,19.8331381629794,59.85615338299442,11.174926684388321,0.7290907777831807,3.4461076521203227,8.043912049638413,12.428547946522418,2.9367439611034163,3.449378110184509,12.425739782480271,3.449378110184509
610947.5313446585,0.0,0.025857503920861297,0.023453518295565804,0.025857503920861297,0.7931743260171188,0.7931743260171188,4.473301737051816e-05,4.640023369359408e-05,9.044155241714424,-9.05377261099461,0.0,1536162269.4013135,1393344462.0420072,96989036.44489086,1.4430678461177646e-05,0.00018166487123171904,0.00017301416307782762,1.46962056586023e-06,1.543101594153242e-06,241.39287170857338,229.89797305578412,0.0048045714386206854,0.004575782322495891,581854.7917568176,0.0,1031.9198537287966,565873377515.2122,513263834480.91797,19.90602727459095,0.04636158388859215,19.944272950508577,19.893697808360717,19.88011106490431,59.869257034109424,11.530896193679023,0.7283951693034512,3.452951220000655,8.050429733333985,12.439434430997398,3.031826675269045,3.458433728805077,12.433953495514805,3.458433728805077
622029.3418651032,0.0,0.02579364225770811,0.0233955938845425,0.02579364225770811,0.8300912134131133,0.8300912134131133,4.4161453481378716e-05,4.5807367404087565e-05,9.190000281216005,-9.199398169170331,0.0,1588488653.0728512,1440806034.533198,95610931.97414093,1.4634356727705859e-05,0.00017886900580593623,0.00017035143410089166,1.466718833756386e-06,1.5400547754442053e-06,245.16530833074867,233.49076983880818,0.004809967033713691,0.004580920984489229,592408.897014384,0.0,1031.903825001844,586593848702.8922,532057912655.6846,19.97026276982584,0.046209574226977065,20.012585076475137,19.94111310065355,19.957090132348398,59.86438343313177,11.875979618267136,0.7152711501651332,3.374464557283796,7.9756805307465095,12.367128440000407,3.2057378462784114,3.3798383823090528,12.362665199373302,3.3798383823090528
633111.152385548,0.0,0.025719207535769232,0.02332807939752312,0.025719207535769232,0.8692257345971122,0.8692257345971122,4.361121481028952e-05,4.523662113150058e-05,9.341489308468217,-9.350572270061926,0.0,1640816175.7451904,1488268640.1316922,108016624.286511,1.4855953738471988e-05,0.00017623920349075354,0.0001678468604673843,1.4647858489674728e-06,1.5380251414158463e-06,248.8132614890688,236.96501094197032,0.004813063470819522,0.0045838699722090676,602963.0022719505,0.0,1031.8933351924754,607669059409.8549,551173750031.6144,20.012649789165703,0.05283757407890083,20.048161289618196,19.98749514063559,20.00229293724397,59.867640806047476,12.234603188555381,0.8056968377883696,3.355446625451586,7.957568214715782,12.345497879480261,3.2784022976664717,3.3581263640362735,12.342971758763033,3.3581263640362735
644192.9629059925,0.0,0.025626657173977708,0.023244133491136246,0.025626657173977708,0.9094216544534732,0.9094216544534732,4.308741654429013e-05,4.469330070781084e-05,9.494765879939497,-9.503603926387747,0.0,1692678849.4970539,1535309614.0562847,104888978.79349558,1.5083372292855301e-05,0.00017384030542072414,0.00016556219563878486,1.4632209540332319e-06,1.536382001734893e-06,252.25385132281517,240.241763164586,0.004812384464818069,0.004583223299826733,613517.1075295166,0.0,1031.8858633691568,629157891237.3859,570664753956.8125,20.04477233188161,0.058594856240628636,20.079577459845268,20.02312461019019,20.031614925610075,59.86685023543002,12.593369471842351,0.7802847800736211,3.424877420599315,8.023692781523106,12.4037002153629,3.426394174261904,3.4241017557355757,12.402813383887123,3.4241017557355757
655274.7734264373,0.0,0.025549560559783285,0.0231742045893726,0.025549560559783285,0.9522260174258176,0.9522260174258174,4.257093022097847e-05,4.4157564745653255e-05,9.65133669068338,-9.660259986651347,0.0,1746136344.6827352,1583797138.0342267,96320026.59776914,1.5321367119864027e-05,0.00017141524826879787,0.00016325261739885512,1.4621830190966855e-06,1.5352921700515198e-06,255.82563198140167,243.64345902990638,0.004814333347755808,0.0045850793788150546,624071.2127870831,0.0,1031.8775127702136,650964628549.0782,590444107527.5085,20.07337325858983,0.05666927248340466,20.10841742884402,20.04599472310996,20.06570762381465,59.86763851437278,12.972626713617435,0.7153147509309745,3.4352269286730963,8.033549455879129,12.420141990643307,3.5242894895254784,3.4395709044192757,12.41684435774989,3.4395709044192757
666356.583946882,0.0,0.0254966677857557,0.02312622928413215,0.0254966677857557,1.001234269939652,1.001234269939652,4.205955545917049e-05,4.362713085481239e-05,9.821140547476752,-9.830830621246607,0.0,1801892014.868719,1634369174.4840984,95332058.8514764,1.560136078286134e-05,0.00016890922822925536,0.0001608659316469099,1.4631581810015785e-06,1.5363160900516575e-06,259.61420947924466,247.25162807547107,0.004820526599134481,0.004590977713461408,634625.3180446496,0.0,1031.8839364312248,673140460196.2008,610558240540.7716,20.049557666775698,0.0643387466665117,20.068046232676828,20.04354883833668,20.03707792931233,59.86785995827511,13.405304053559156,0.7089780616862401,3.3819271754732094,7.982787786164969,12.376886308250324,3.3808863110879384,3.3878312021985546,12.3699149226291,3.3878312021985546
677438.3944673266,0.0,0.02541703320279615,0.02305399836988313,0.02541703320279615,1.0503336707762732,1.0503336707762732,4.157563402913011e-05,4.3125173491703444e-05,9.989191972595004,-9.999018425686863,0.0,1856543079.8246772,1683939301.428279,101168550.46705694,1.5875959140950016e-05,0.0001666675950804357,0.00015873104293374828,1.4638639628341445e-06,1.5370571609758509e-06,263.1059517315918,250.57709688723025,0.004821331629805146,0.004591744409338234,645179.4233022158,0.0,1031.8856669965598,695736943204.6626,631053916738.923,20.038592854079926,0.0627402517078157,20.057856024556653,20.03321330845544,20.024709229226282,59.86301943653202,13.825386369706822,0.7531930378405604,3.466888385157152,8.063703223959207,12.447073472236625,3.525989495188986,3.469132734192748,12.443657808791608,3.469132734192748
688520.2049877713,0.0,0.02532788321662508,0.022973136704421842,0.025327883216625074,1.0987129952155372,1.0987129952155372,4.110827343796858e-05,4.264039419614528e-05,10.152232198861336,-10.161856026847325,0.0,1911008669.6061347,1733341196.921664,113751584.48743688,1.613436085795311e-05,0.00016456093048648128,0.00015672469570141077,1.4637959415436762e-06,1.5369857386208603e-06,266.47230330555163,253.78314600528725,0.004820048330375666,0.004590522219405395,655733.5285597822,0.0,1031.8910013565094,718666951431.7722,651852110142.1971,20.02782797868826,0.06542630827722994,20.05079884039117,20.017295401921228,20.015389693752038,59.86079678064209,14.230327726970724,0.8472854414025112,3.58889539522661,8.179900376406302,12.55724489362433,3.9494799073137576,3.590887418520672,12.554092896617385,3.590887418520694
699602.0155082161,0.0,0.025272323598308628,0.022922742492796938,0.025272323598308624,1.1542399836613264,1.1542399836613264,4.064237961838792e-05,4.215713633929451e-05,10.32772191890593,-10.337397124724527,0.0,1968755756.3853066,1785719506.9254477,141124086.6132329,1.6432521586578383e-05,0.00016231838050543377,0.00015458893381469882,1.4655278918818397e-06,1.538804286475932e-06,270.16611194154393,257.30105899194655,0.004824838137578284,0.004595083940550747,666287.6338173486,0.0,1031.900864976115,742017743722.0065,673031967094.7905,19.988850530126506,0.07596423608667795,20.0063720089645,19.985478250516948,19.974701330897247,59.86159880185267,14.694905489278142,1.0536214304023754,3.55819976376639,8.150666441682297,12.52406821877189,3.8939403597229694,3.557618925966677,12.52391739316706,3.557618925966688
710683.8260286606,0.0,0.02518321828397481,0.0228419213460089,0.02518321828397481,1.2103593313404164,1.2103593313404162,4.020101870079411e-05,4.169932573488248e-05,10.504467498871236,-10.514437324292542,0.0,2024456390.7315161,1836241624.246273,147257699.59806344,1.6735279942586122e-05,0.00016034836235647782,0.0001527127260537884,1.4673574052496775e-06,1.5407252755121617e-06,273.4808007275309,260.4579054547913,0.004822980995301911,0.004593315233620865,676841.739074915,0.0,1031.90290979106,765694879997.0531,694507827661.7261,19.965673587745812,0.061956166871501524,19.986576852067753,19.957788145556183,19.9526557656121,59.866399434612475,15.1492662594217,1.1021920107815737,3.703703221770238,8.289241163590722,12.659698737009162,3.7736380694512572,3.7057021309462423,12.65823322534806,3.7057021309462423
721765.6365491055,0.0,0.02512707285036677,0.0227909957826456,0.02512707285036677,1.2662184255349331,1.2662184255349331,3.9758010555508895e-05,4.123980650998556e-05,10.671752534893024,-10.681488921113294,0.0,2083334005.0614407,1889645356.0647988,139454034.33659458,1.7007802580118953e-05,0.00015822764303076298,0.00015069299336263145,1.4678309315121276e-06,1.541222478087734e-06,277.1260789843113,263.9295990326774,0.004827161042945048,0.004597296231376238,687395.8443324814,0.0,1031.9003335473608,789723805133.5795,716302771096.2172,19.9663483075438,0.036883224253440886,19.982357651465048,19.959198694804787,19.957488576361,59.87256924378355,15.600374667643914,1.044755427630952,3.672074629621669,8.259118694877776,12.638652523890116,3.54440549995394,3.6777800291774465,12.632907055943255,3.6777800291774465
732847.4470695502,0.0,0.02504036891819091,0.022712352760263857,0.02504036891819091,1.3221778928137464,1.3221778928137466,3.9340594756071866e-05,4.08068334672585e-05,10.838895298880827,-10.84923342244035,0.0,2140408335.691366,1941413456.4094017,151649408.05230466,1.727957386170823e-05,0.00015637602359928988,0.00014892954628503797,1.468279256685196e-06,1.5416932195194557e-06,280.4092947302433,267.05647117166023,0.004825177738379632,0.004595407369885364,697949.9495900478,0.0,1031.9025352898082,814172907129.2998,738478827328.1631,19.95701415075418,0.05731554717209895,19.99737056091948,19.90504728754775,19.968624603795785,59.862122015349065,16.03792020162476,1.1391511660739024,3.80072184614455,8.381639853471013,12.751941655956244,3.5252955239126305,3.8032559534184607,12.746717418066655,3.8032559534184607
743929.2575899947,0.0,0.02497012223084409,0.022648636944076272,0.024970122230844088,1.3748144018842652,1.3748144018842652,3.892902201050286e-05,4.037992125120705e-05,10.990540131798141,-11.000797967310488,0.0,2199498073.8235,1995009590.769614,220464894.75851345,1.7501780162565027e-05,0.0001544932657614847,0.00014713644358236642,1.4666567545242803e-06,1.539989592250494e-06,283.8477700450832,270.3312095667459,0.004826076777774971,0.004596263597880924,708504.0548476139,0.0,1031.891162603213,839022438916.9844,761018085185.4733,19.998110840109025,0.0548603048237104,20.02411567006355,19.96929824439868,20.000918605865653,59.86629480540188,16.444737219532175,1.6563604863857206,3.9753953931106922,8.547995612486393,12.903575406331768,3.8637955610747676,3.9743545551946813,12.901908893600622,3.9743545551946924
755011.0681104396,0.0,0.025117552275661287,0.022782360340735858,0.025117552275661287,1.444373803715476,1.444373803715476,3.8444465081805865e-05,3.9877304704168375e-05,11.149679148694807,-11.159683321944847,0.0,2279268110.126501,2067363365.1941051,433864663.51892,1.7747759972004816e-05,0.00015137302476412259,0.0001441647854896406,1.4660490625752003e-06,1.5393515157039602e-06,289.8032102605212,276.0030573909726,0.00486904350964297,0.004637184294898066,719058.1601051805,0.0,1031.8862850388803,864190873617.4083,783846597385.4044,20.01483132109881,0.04606821735528161,20.03703963690171,19.984701065601698,20.022753260792825,59.86718530813652,17.028459615135116,3.2573785849113484,3.1671291713461946,7.7782182584249515,12.161285965989876,3.0051083863401273,3.1747940130694596,12.176683912081154,3.1747940130694596
766092.8786308842,0.0,0.02554068277270364,0.02316615217478788,0.02554068277270364,1.5312654045570555,1.5312654045570555,3.7866324698360416e-05,3.927761681194825e-05,11.306795775557973,-11.316004230389664,0.0,2385877887.5291452,2164061575.9901547,876770024.4752045,1.7987164221481227e-05,0.00014668904445655866,0.00013970385186338918,1.465192139389322e-06,1.5384517463587886e-06,298.99712906928437,284.75917054217564,0.004965490252236596,0.004729038335463422,729612.2653627467,0.0,1031.8825663577368,889705699061.0171,806989296200.4689,20.031620172495508,0.0386844280737346,20.037277271889078,20.023118607773615,20.03446463782439,59.87656042776478,17.80438070285255,6.572896448295847,1.331901109391942,6.03038200894469,10.510911547190416,1.1602002622394747,1.3388711024146849,10.511447711940757,1.3388711024146849
777174.6891513288,0.0,0.025831171799534633,0.023429634285292173,0.025831171799534633,1.6198207204420736,1.6198207204420736,3.735444990283855e-05,3.874666425094956e-05,11.478127606804051,-11.484538621158869,0.0,2483347706.510366,2252469575.066091,858548639.308774,1.8271791244821492e-05,0.0001429456133195307,0.00013613867935193395,1.4661909973665631e-06,1.5395005472348914e-06,306.7680932410866,292.16008880103493,0.00503638451650264,0.004796556682383465,740166.370620313,0.0,1031.8929337268744,915662596540.2094,830532967383.4098,19.999086513003988,0.05241891577481437,20.001820141736925,19.991002637638267,20.004436759635478,59.87355288352651,18.554163411020145,6.392625469957633,-0.028705362769554377,4.73456632117183,9.271598040381646,-0.42749535110826464,-0.024561162821479243,9.274774455490764,-0.024561162821479243
788256.4996717734,0.0,0.02582168161541735,0.023421026408541813,0.02582168161541735,1.6906930475969295,1.6906930475969293,3.696326933111138e-05,3.8340904232701894e-05,11.645049769882236,-11.64717646825209,0.0,2553617887.994121,2316206701.128455,403485774.0635583,1.8542396306478204e-05,0.00014098359131311538,0.0001342700869648718,1.4666031889248725e-06,1.5399333483711162e-06,311.0192264571815,296.2087871020776,0.005048777784146582,0.0048083597944253145,750720.4758778795,0.0,1031.9014510428576,941971836275.4678,854396223379.109,19.97655153608111,0.05302931550172424,19.97531606319402,19.976046276348754,19.97829226870132,59.86300460891717,19.089465520535,3.011751479651291,-0.28353697713290327,4.491869545587712,9.037596233803114,-0.7463373086773029,-0.2848653326966266,9.038670900048428,-0.2848653326966266
799338.3101922183,0.0,0.025749109399523316,0.023355201269408904,0.025749109399523316,1.7582432021747278,1.7582432021747278,3.660310895031128e-05,3.796732053952334e-05,11.809617551703086,-11.808158507286587,0.0,2618480618.091842,2375039109.3803554,291382170.59978646,1.8805619582963284e-05,0.0001394153221758985,0.00013277649731037949,1.466699200712051e-06,1.540034160747654e-06,314.50741985646687,299.53087605377806,0.00504868682904502,0.004808273170519067,761274.581135446,0.0,1031.9080497559557,968607617865.656,878555662463.18,19.961385591036688,0.04120043456575261,19.950866839605848,19.97923045651329,19.9540594769926,59.86317913249696,19.577000791697547,2.177749388057412,-0.3012689214243913,4.4749819795957935,9.022985027237485,-0.7497269972180254,-0.3019088952382676,9.023211886405191,-0.3019088952382676
810420.1207126628,0.0,0.025652003058546816,0.023267122955598026,0.025652003058546827,1.8295299199169448,1.8295299199169448,3.626148375926449e-05,3.7612962849567104e-05,11.98213152387315,-11.979381103011994,0.0,2681455946.455721,2432159588.621969,264343788.93604723,1.9094325216576014e-05,0.00013802883311898236,0.00013145603154188795,1.4677755628935537e-06,1.5411643410382313e-06,317.6645502752469,302.53766692880663,0.00504350995727162,0.004803342816449162,771828.6863930123,0.0,1031.9163219159173,995661610934.7788,903094431686.874,19.93255871041941,0.03126600163043347,19.926453890972738,19.945578670157914,19.925643570128113,59.86698136629858,20.077296652147545,1.9787114659896985,-0.1730193835159044,4.597124396651497,9.143154133251342,-0.7510493522146389,-0.1719401178869262,9.141097398741993,-0.1719401178869706
821501.9312331077,0.0,0.025570647791607084,0.02319333133025586,0.025570647791607084,1.908586840030904,1.908586840030904,3.592243623582705e-05,3.7261278897858084e-05,12.165189834390063,-12.169563985627375,0.0,2746557996.6953692,2491209067.297386,244040657.25334096,1.941672632479448e-05,0.00013659927860927104,0.00013009455105644863,1.4700980564512187e-06,1.54360295927378e-06,320.9877852578325,305.70265262650724,0.005041192386455431,0.004801135606148031,782382.7916505787,0.0,1031.9276611228886,1023075186181.8466,927959352545.8926,19.88434748241067,0.037564950401223096,19.8854804546998,19.872817785814213,19.894744206717892,59.873473905048904,20.630006919803208,1.8322978606401017,-0.09369080099124183,4.6726754276273486,9.215480509887819,-1.0105912711470655,-0.0919131439938603,9.213684223134821,-0.0919131439938603
832583.7417535523,0.0,0.02552745080265761,0.02315415038789806,0.025527450802657604,1.987554502729016,1.987554502729016,3.5578387260271143e-05,3.6904407088035615e-05,12.337740104793994,-12.345220133853127,0.0,2816444296.0071077,2554598000.9134765,206621870.37729773,1.9705555364205248e-05,0.00013501013998245664,0.0001285810856975777,1.4711065220045241e-06,1.5446618481047503e-06,324.77063867235637,309.3053701641488,0.005046187267153204,0.004805892635384004,792936.896908145,0.0,1031.9321967448525,1050867138483.1328,953167472547.0592,19.864247259782907,0.031012371253742708,19.86804933750698,19.855770150200623,19.868922291639656,59.868087542894976,21.183383780113637,1.5533711256838083,-0.20573232483880322,4.565969214439269,9.111956228451934,-1.3133240988700612,-0.2034174753095641,9.112546507655727,-0.2034174753095419
843665.5522739969,0.0,0.02549345642064585,0.023123316481311426,0.025493456420645846,2.0568169817156767,2.0568169817156767,3.52399868842176e-05,3.655339440313607e-05,12.484980676315052,-12.494867531438002,0.0,2888094473.7794704,2619586824.289769,192018549.7585016,1.991365477346748e-05,0.00013341965214060082,0.00012706633537200074,1.4691329229754769e-06,1.542589569124251e-06,328.64979687553137,312.9998065481251,0.005052778337116831,0.00481216984487317,803491.0021657116,0.0,1031.9233761587418,1079073367221.8011,978751353489.162,19.90346418631265,0.037488283743754486,19.91543141828409,19.889210681209892,19.905750459443592,59.860614782975425,21.662663202934365,1.4402506742350245,-0.3595523861650074,4.419473917938088,8.967289790432709,-1.2575466092135557,-0.3615867969733788,8.969082270318951,-0.3615867969733566
854747.3627944415,0.0,0.0254332284394792,0.02306868792696526,0.025433228439479198,2.1218037557515728,2.1218037557515728,3.4916612421415774e-05,3.621796765290674e-05,12.625126955126088,-12.637078640936425,0.0,2957412879.100505,2682460661.315649,186397797.2601373,2.0099166948488734e-05,0.0001319993162819195,0.00012571363455420907,1.4663487471078654e-06,1.539666184463259e-06,332.1839795073561,316.36569476891066,0.005054042814083867,0.004813374108651301,814045.1074232777,0.0,1031.9100728061892,1107563038974.9077,1004592325600.8232,19.9606361212378,0.04859970613083233,19.986379641390965,19.930684799448247,19.964843922874753,59.86436707946893,22.099389556138448,1.3928615880922204,-0.3742011039182813,4.405522758173042,8.95705575487935,-0.8663071262408506,-0.37404032842320856,8.957786550183034,-0.37404032842320856
865829.1733148864,0.0,0.025391835644917524,0.023031143442102064,0.02539183564491752,2.1909159782875043,2.1909159782875043,3.4595085514063865e-05,3.5884457317211387e-05,12.767583669904838,-12.779653536077245,0.0,3029666726.0340114,2747997030.416336,172271539.29606578,2.029226534513606e-05,0.00013052351661272022,0.0001243081110597335,1.463916978182781e-06,1.5371128270919201e-06,335.9432866428875,319.94598727894044,0.005058833320784381,0.0048179364959851255,824599.212680844,0.0,1031.8911992300723,1136471039625.1292,1030812734353.8584,20.026160133745922,0.03931801140473993,20.050122527509846,19.99178217110417,20.03657570262324,59.8816243756905,22.56401726091376,1.282995365933525,-0.43648461680374506,4.346205126853575,8.902413555638123,-0.4625785752825351,-0.4351753925559976,8.90233524484717,-0.43517539255597537
876910.9838353309,0.0,0.025369441302162298,0.023010831113072373,0.025369441302162298,2.2678353175725863,2.2678353175725863,3.427448313175849e-05,3.5551905963957566e-05,12.91885606033989,-12.930335678215911,0.0,3104989312.2483897,2816316836.506477,168228444.95739898,2.051340124580053e-05,0.0001289912049910085,0.00012284876665810332,1.4625353155992388e-06,1.535662081379201e-06,339.942598571173,323.75485578206946,0.005067240471914006,0.004825943306584767,835153.3179384103,0.0,1031.8801887754134,1165756331239.4348,1057375357133.274,20.06400582117177,0.03857181484989757,20.084381711523854,20.02345927592928,20.084176476062648,59.87870818895947,23.081706177113986,1.250555282321586,-0.6157610337195418,4.175465682171886,8.73917642106804,-0.08013673590618886,-0.6145450931101637,8.739641638902373,-0.6145450931101637
887992.7943557756,0.0,0.025351850603037056,0.022994875830419103,0.025351850603037056,2.3497804909237505,2.34978049092375,3.395936437863619e-05,3.522504261680172e-05,13.075630979614168,-13.086716869664716,0.0,3181792162.031236,2885979285.289102,176521507.45878246,2.075198326600583e-05,0.00012747469724909424,0.00012140447357056597,1.461810660887622e-06,1.5349011939320032e-06,344.0009061293257,327.61991059935787,0.005076461922305121,0.004834725640290589,845707.4231959769,0.0,1031.8765715835598,1195413143841.3567,1084274960400.3236,20.07921863962337,0.034902357092635145,20.08981956235593,20.048239207412255,20.099597149102237,59.86932970694697,23.62882207480809,1.310924755339663,-0.8097334576762538,3.9907300403083212,8.561493926932595,0.08907389264168897,-0.80890622930061,8.563350358910993,-0.80890622930061
899074.6048762205,0.0,0.02533173080799055,0.022976626583211382,0.025331730807990543,2.435754774821135,2.435754774821135,3.365140535050982e-05,3.4905605840275786e-05,13.236976960925936,-13.24830016601133,0.0,3259080077.236178,2956081702.708552,196468076.3208592,2.1005081197178287e-05,0.00012600445088467374,0.00012000423893778447,1.46160608450065e-06,1.5346863887256824e-06,348.01833241962504,331.44603087583334,0.005085039549353269,0.004842894808907875,856261.5284535431,0.0,1031.8767327138803,1225417054309.7842,1111489391664.2031,20.080972670373963,0.03415898011797814,20.075922386881555,20.07170785221241,20.095287772026715,59.86039537946214,24.19568405345409,1.4586197922402686,-0.9857091711773958,3.8231341226881987,8.403457886534616,0.09742483329951979,-0.9841158679040563,8.404430051787703,-0.984115867904034
910156.415396665,0.0,0.025337867319038768,0.022982192579627,0.025337867319038764,2.5284679470792564,2.5284679470792564,3.33407954913636e-05,3.458341943526443e-05,13.402307941291266,-13.41327999133346,0.0,3340610581.0721607,3030032273.081325,246497753.96731377,2.127086506974174e-05,0.00012443250857389695,0.000118507151022759,1.4618410613205366e-06,1.5349331143865638e-06,352.3925723068376,335.6119736255596,0.005098758823523079,0.004855960784307693,866815.6337111095,0.0,1031.8792604513628,1255773658018.728,1139023726094.0842,20.073128317670406,0.030609295073162988,20.04789090279628,20.100338132932187,20.07115591728136,59.87306398427632,24.808601888178156,1.8311542122129392,-1.2495808644029438,3.5718277481876837,8.170959470271178,-0.23672442715947373,-1.2456372843804298,8.167222417795516,-1.2456372843804298
921238.2259171099,0.0,0.025277222048340903,0.02292718553137496,0.0252772220483409,2.622791109368174,2.622791109368173,3.305905783152137e-05,3.429118130724622e-05,13.57785354421249,-13.589014915335113,0.0,3414245425.3087997,3096821247.445622,607779211.1871094,2.1569112145475835e-05,0.00012322468370811252,0.00011735684162677383,1.4631734774434246e-06,1.5363321513155956e-06,355.82896357838644,338.8847272175108,0.005098881015583683,0.004856077157698746,877369.738968676,0.0,1031.8920734968242,1286536898886.2715,1166926892413.8513,20.031914561587964,0.03069337341835647,20.018136628880786,20.036851279349825,20.040755776535,59.87022338253973,25.401893932919112,4.522529720390657,-1.216431798099138,3.6033982875246617,8.200905516917356,-0.5130059759580918,-1.2130115216601345,8.196814946340059,-1.2130115216601123
932320.0364375544,0.0,0.025226833080257128,0.022881481251933903,0.025226833080257128,2.7185773432265434,2.7185773432265425,3.278069160426845e-05,3.400244026637354e-05,13.750130949699187,-13.761415233637962,0.0,3489975387.063186,3165510555.1593533,548670103.7444669,2.185702863592281e-05,0.00012200550289103313,0.00011619571703907915,1.4641262367956375e-06,1.5373325486354198e-06,359.39107072048995,342.2772102099904,0.005100891208235008,0.004857991626890485,887923.8442262425,0.0,1031.8974695729357,1317702554464.56,1195195060738.83,20.010537184351627,0.03359144524360959,19.98992712645294,20.020605853326554,20.021078573273765,59.864676839653704,25.998927806515017,4.0872971218782785,-1.1964386083897383,3.6224394205812027,8.215793456202658,-0.526522632155535,-1.1944207529744677,8.213677321565104,-1.1944207529744677
943401.846957999,0.0,0.02529023445109501,0.02293898816425851,0.02529023445109501,2.8273767976919792,2.827376797691979,3.2471660159142644e-05,3.368189110346469e-05,13.919164685862631,-13.931052557191146,0.0,3582606733.7531548,3249529917.2364216,358074101.7202118,2.2134677329374773e-05,0.00012027870429247612,0.00011455114694521536,1.4647156518129454e-06,1.537951434403593e-06,364.5844855101012,347.22331953342984,0.005125826873118979,0.0048817398791609345,898477.9494838086,0.0,1031.8983457535287,1349229748373.6758,1223791154987.461,20.002603076674248,0.033774631141268815,19.97761129418445,20.0182589174116,20.01193901842611,59.85822524592351,26.710045689862884,2.6680380025599306,-1.6704488417672358,3.1710011030787855,7.782662035774301,-0.8468006290090591,-1.666241746324082,7.785721772041665,-1.666241746324082
954483.6574784437,0.0,0.02530736961060274,0.0229545302590501,0.02530736961060274,2.928868324367868,2.928868324367868,3.2183253253593416e-05,3.338273516445239e-05,14.081039977792912,-14.09309722206283,0.0,3669576000.7066064,3328413606.083089,238048981.46320084,2.2389558837936188e-05,0.00011880592046409905,0.00011314849568009434,1.4645480907509037e-06,1.537775495288449e-06,369.10747511876883,351.5309286845418,0.005141265872483935,0.004896443688079939,909032.0547413751,0.0,1031.89521964255,1381119018530.5325,1252715663066.2424,20.01104117191101,0.03184116734892619,19.985680698705185,20.02950727396809,20.017935543059465,59.865738921942246,27.35145512611004,1.7729782567404566,-1.976607947485176,2.879421002395066,7.507740998300283,-1.1636819331425574,-1.9749266314872838,7.505735481644205,-1.9749266314872838
965565.4679988886,0.0,0.025228048819056454,0.022882583962863,0.025228048819056454,3.0177321857163357,3.0177321857163357,3.1930774753027535e-05,3.312084669554293e-05,14.237194387416485,-14.249267023514891,0.0,3743438130.960901,3395408735.5654426,188406994.47807196,2.262623834843197e-05,0.00011781267515143942,0.00011220254776327566,1.4637960198394413e-06,1.5369858208314137e-06,372.2207041304698,354.49590869568567,0.0051369961577916725,0.004892377293134928,919586.1599989414,0.0,1031.8895496064013,1413363025518.0703,1281961927907.5466,20.030946898387636,0.03198969652713268,20.003883648456206,20.052097276211782,20.03685977049481,59.867536648824256,27.872863114511556,1.4023603154360316,-1.8707876422837888,2.9802022454439747,7.606165164718126,-1.420409982434312,-1.8688331090912946,7.601965433930779,-1.8688331090912946
976647.2785193331,0.0,0.025103794128330945,0.02276988129553827,0.025103794128330945,3.1032525382757985,3.1032525382757985,3.169758524952553e-05,3.2878966131847334e-05,14.394114132399087,-14.40530244408373,0.0,3810983207.911572,3456674111.4844184,184285839.84296057,2.286528235423467e-05,0.00011705081497464913,0.000111476966642523,1.4631366737154404e-06,1.5362935074012125e-06,374.6389621216813,356.7990115444584,0.005123379266036839,0.004879408824796989,930140.2652565077,0.0,1031.8867055860615,1445982030279.9329,1311548326784.5198,20.043827725103213,0.026227412692303043,20.019157458392762,20.05757851253664,20.054747204379197,59.86557122852785,28.350446285595694,1.3708302017819811,-1.5887066547635609,3.248850804987069,7.862542359687408,-1.4806140144210556,-1.5862493948914702,7.858277192842211,-1.5862493948914702
987729.089039778,0.0,0.02500212117204705,0.022677660927026805,0.02500212117204705,3.1935764239896742,3.193576423989674,3.146239754150713e-05,3.263501288980409e-05,14.55196019181625,-14.563253005867653,0.0,3882187087.32906,3521258129.096653,181034545.8602248,2.3107238405985306e-05,0.00011620979789071023,0.00011067599799115262,1.4625834694811057e-06,1.5357126429551608e-06,377.35691858066934,359.38754150539927,0.005114162386871952,0.004870630844639954,940694.3705140742,0.0,1031.8857552351103,1478976214562.2842,1341475024546.2888,20.051549461235524,0.0291474406097641,20.025206975420886,20.06544159522663,20.063999813060576,59.86596038978157,28.858973216791547,1.3457657780916632,-1.3991389287692835,3.429391496410239,8.034093278210042,-1.5023412559396654,-1.3964077919727869,8.030469122927164,-1.3964077919727869
998810.8995602226,0.0,0.02491362601725948,0.02259739321293376,0.02491362601725948,3.2896894405216517,3.2896894405216517,3.122826095320776e-05,3.239214994310577e-05,14.713589575867864,-14.725302290480919,0.0,3955766860.869672,3587997152.7162547,187309816.5071248,2.3361253686292803e-05,0.00011533073443435972,0.00010983879469939018,1.4624220196484297e-06,1.5355431206308512e-06,380.238041956941,362.13146853042014,0.005107432168829806,0.004864221113171243,951248.4757716408,0.0,1031.8848471786162,1512376510635.571,1371770077673.987,20.055158349873885,0.03109266349394793,20.02296583814518,20.069758751594122,20.07275045988391,59.86250776774562,29.39990086296824,1.3921116927665689,-1.2431124921822745,3.577988102683516,8.171065390765541,-1.5159289278660948,-1.2432629512604487,8.169376007927065,-1.2432629512604487
1009892.7100806672,0.0,0.024803306894962785,0.022497330516973044,0.02480330689496278,3.3851200114588837,3.3851200114588837,3.100533429392623e-05,3.216091472368118e-05,14.87648555769215,-14.887603466357973,0.0,4026063630.533952,3651758395.042133,215426120.99403343,2.361932740313175e-05,0.00011457374210188118,0.0001091178496208392,1.4623862556271953e-06,1.5355055684085552e-06,382.7513202952962,364.52506694790117,0.005096041191273547,0.004853372563117664,961802.5810292069,0.0,1031.8845032575077,1546123609237.3145,1402379690918.1987,20.0562645880996,0.0292996293010143,20.021733465174094,20.071104709513072,20.07595558961303,59.86668281167368,29.92138789714706,1.6010522516082846,-0.9993035601741695,3.810187085548411,8.392719752683442,-1.3686550516238682,-1.000154522219443,8.389882519528868,-1.0001545222194208
1020974.520601112,0.0,0.024665201487048826,0.02237206484086061,0.024665201487048826,3.4781137087132925,3.4781137087132925,3.079530130965084e-05,3.1943053731362705e-05,15.03951807171515,-15.049885843900757,0.0,4091976068.627557,3711542919.390075,239147495.12997755,2.3877848502762367e-05,0.00011396366085626304,0.00010853681986310764,1.4623654744893596e-06,1.535483748213828e-06,384.798467510757,366.47473096262564,0.005078749391634956,0.004836904182509482,972356.6862867731,0.0,1031.8843034177885,1580220944750.5618,1433306979365.5889,20.056907381841853,0.027154207493868092,20.02203025056061,20.074451191933104,20.074240703033766,59.87491072268625,30.410615039559637,1.7773057839113238,-0.6478498689586498,4.144904886706058,8.714373077872606,-1.0086160694720014,-0.6469878573261756,8.710215095395757,-0.6469878573261756
1032056.3311215569,0.0,0.024508986468117302,0.02223037321371184,0.024508986468117302,3.569534058210897,3.569534058210896,3.059501479222013e-05,3.173530246036112e-05,15.202464301343813,-15.213265395983647,0.0,4154800095.114883,3768526163.369508,224850887.68552148,2.4136084106553425e-05,0.00011345320970931274,0.00010805067591363116,1.4623382166898494e-06,1.5354551275243417e-06,386.515022688516,368.10954541763425,0.005057508329237735,0.004816674599274032,982910.7915443395,0.0,1031.8840412959046,1614679809794.621,1464562185754.7583,20.057750509060934,0.027170716703416125,20.024562077838485,20.077208292879128,20.07148115646643,59.86603931166753,30.876370676842626,1.6709905847919728,-0.2143953395460807,4.557718724241832,9.10848446218745,-0.3871083311337342,-0.2121316295843112,9.104642512848681,-0.2121316295843112
1043138.1416420012,0.0,0.02431245915787378,0.0220521171499989,0.024312459157873792,3.6548153456173296,3.6548153456173296,3.041219021833938e-05,3.154566394609025e-05,15.36376750684736,-15.374264004658876,0.0,4210449707.952267,3819002002.677793,249526408.60343608,2.4389091491683075e-05,0.00011315572562833965,0.00010776735774127584,1.4621535062847522e-06,1.5352611815989902e-06,387.53043810571353,369.0766077197272,0.0050276736271052044,0.004788260597243053,993464.8968019059,0.0,1031.8822650468958,1649552800130.7744,1496193015991.6318,20.063463896531104,0.02906599477345778,20.02952871757085,20.08066371305932,20.080199258961642,59.869407991292775,31.281884460858322,1.8539419263702548,0.36796716573096466,5.112349681648542,9.634847517735047,0.6958705769322671,0.3687308347252727,9.631501890907257,0.3687308347252283
1054219.952162446,0.0,0.02414025213663265,0.02189592030533573,0.024140252136632654,3.748666428076298,3.7486664280762976,3.022596483709516e-05,3.135249787509085e-05,15.530913957545804,-15.541203637683005,0.0,4269937194.999273,3872958907.028818,271590847.88939226,2.4660696382026094e-05,0.0001127644182483446,0.00010739468404604247,1.4625237603839854e-06,1.5356499484031846e-06,388.87102677160414,370.3533588300992,0.005002612357098085,0.004764392721045793,1004019.0020594724,0.0,1031.8843690585493,1684811715421.9392,1528173891539.1738,20.055141276537167,0.036395090357479586,20.01140528613084,20.08029740825696,20.073721135223405,59.865003717245244,31.739413337293225,2.0187875366028667,0.865834891338535,5.586509420322416,10.085486875192496,1.6797820658783325,0.8653966314744799,10.081992409500684,0.8653966314744688
1065301.7626828908,0.0,0.023946203551224454,0.02171991251811741,0.023946203551224458,3.8433434360993695,3.8433434360993695,3.005038960332397e-05,3.117037888655242e-05,15.703053247357365,-15.712988334322533,0.0,4325076403.141503,3922971794.2326546,316129214.44609123,2.4948262937722385e-05,0.000112495590693602,0.00010713865780343048,1.4633505434654775e-06,1.5365180706387513e-06,389.79773561251505,371.2359386785858,0.004972783109617207,0.00473598391392115,1014573.1073170387,0.0,1031.8868353352743,1720417862932.079,1560469716945.1963,20.041353201145576,0.04215309198157332,19.99467841319495,20.069737728562764,20.059643461679283,59.8667967117675,32.184792547082985,2.352414268746291,1.4665853204710255,6.158652686162879,10.632647269391239,2.4534063993206234,1.466688678743533,10.627382021536114,1.4666886787435107
1076383.573203335,0.0,0.02368970422155916,0.021487260064906262,0.02368970422155916,3.933904261820665,3.933904261820665,2.9898515442779022e-05,3.101284431912242e-05,15.882807910801125,-15.892149040252773,0.0,4368202862.809017,3962088764.4526243,432781071.47632813,2.5260217739483045e-05,0.0001125502438727989,0.00010719070845028468,1.4648603435705489e-06,1.5381033607490762e-06,389.6357027161147,371.08162163439493,0.004929720879353478,0.004694972266050932,1025127.2125746051,0.0,1031.892285827001,1756369756884.617,1593079144566.5457,20.014140011097904,0.050042270732136296,19.961514403987124,20.046713537498754,20.034192091807782,59.861986431952886,32.571457851085945,3.230400756552657,2.3068168503503794,6.958873190809878,11.397139847257554,2.9735911757516442,2.308665234914964,11.391079578154184,2.308665234914964
1087465.38372378,0.0,0.023629880497564138,0.02143299818373165,0.023629880497564138,4.058697037344334,4.058697037344334,2.9689111293968463e-05,3.0795635599202216e-05,16.062058294533102,-16.068493796853485,0.0,4447624343.099378,4034126388.2987533,631870609.6808406,2.5570691923635894e-05,0.00011169636816245301,0.00010637749348805046,1.4662974186146744e-06,1.5396122895454084e-06,392.66307761012774,373.96483581916914,0.0049273763656153,0.004692739395824094,1035681.3178321716,0.0,1031.895833370094,1792739557310.8792,1626067625678.8018,19.991762777217733,0.054949981041566766,19.934178526090086,20.02841203625267,20.012697769310943,59.85562559804666,33.22803418223642,4.723707356287421,2.3376565591119114,6.988244342011374,11.42052519668898,2.5288749062366,2.3408586818679633,11.420279983553684,2.3408586818679633
1098547.1942442248,0.0,0.023683343848962826,0.02148149101946741,0.023683343848962826,4.209753954758107,4.209753954758107,2.9447363043628137e-05,3.054487730096585e-05,16.246719413899783,-16.253453897180204,0.0,4549031126.395236,4126105330.0637045,730334554.5375433,2.589860023909249e-05,0.00011031391346446954,0.00010506086996616143,1.4681946685837422e-06,1.5416044020129294e-06,397.56247424146983,378.6309278490188,0.004948548886506547,0.004712903701434806,1046235.423089738,0.0,1031.9011561723985,1829470391689.248,1659383575228.343,19.960846217467626,0.05379020947993015,19.901101969384747,19.998113802856174,19.98332288016203,59.86744502155741,34.07259098803932,5.47298724650329,1.9240096134473417,6.594294869949868,11.043679559358566,1.6487701952934364,1.9264157287067984,11.044368007897354,1.9264157287067984
1109629.004764669,0.0,0.023656941585025085,0.021457543387777847,0.023656941585025085,4.3321352151085755,4.3321352151085755,2.9234654484213012e-05,3.032424101381938e-05,16.409224635068956,-16.416460202403766,0.0,4635941861.373714,4204935928.6836405,735658993.4186728,2.615561166037176e-05,0.00010933300676772938,0.00010412667311212322,1.4680743345135972e-06,1.5414780512392774e-06,401.1179428837781,382.017088460741,0.004952945740814751,0.0047170911817283325,1056789.528347304,0.0,1031.8986990118774,1866572749398.6477,1693036507391.0632,19.96736192102975,0.04925644992285893,19.92611834706836,19.990194314195165,19.985773101825014,59.872545945720816,34.71661450373046,5.511652534825177,1.8573873481902758,6.530845093514559,10.984176178470427,1.4559344567769972,1.8576766490082663,10.982019636288708,1.8576766490082663
1120710.815285114,0.0,0.02358735338185856,0.021394424836152882,0.02358735338185856,4.440443282904215,4.440443282904215,2.9038945400046326e-05,3.012123777873517e-05,16.561374239662833,-16.569564427756678,0.0,4715113024.085698,4276746507.107208,739047941.0694165,2.637934469356895e-05,0.00010857473159565921,0.00010340450628158022,1.467037186791444e-06,1.540389046131016e-06,403.93541478199984,384.7003950304761,0.004948213484884163,0.004712584271318249,1067343.6336048706,0.0,1031.8935405906366,1904020401251.3125,1727002631520.4648,19.989094968199755,0.04413913446127731,19.9508824384866,20.007816434223088,20.00858603188812,59.858361923065026,35.25865904699598,5.52868022483016,1.9669134159607693,6.635155634248335,11.084010738128757,1.594590706873078,1.9682550830904533,11.082317535682984,1.9682550830904533
1131792.6258055586,0.0,0.023556796140610525,0.021366708517560562,0.023556796140610525,4.557461246330172,4.5574612463301705,2.883489460962367e-05,2.9909581938876398e-05,16.712833854528625,-16.720558765537422,0.0,4802611152.588115,4356109888.968812,732698870.1536204,2.6600696640994243e-05,0.00010765464687353828,0.0001025282351176555,1.465956341069353e-06,1.5392541581228208e-06,407.40242280451486,388.00230743287125,0.004951541794629834,0.004715754090123652,1077897.7388624372,0.0,1031.8903005844115,1941856155739.4043,1761320776180.8655,20.007154084004128,0.04140162451569312,19.9552516993274,20.028944192883717,20.03726635980011,59.86579276289198,35.86023679518186,5.473467748644441,1.9297175347123718,6.599730985440367,11.049580253959345,1.5272432272216752,1.9311433966907932,11.048656142123182,1.9311433966907932
1142874.4363260034,0.0,0.02352242990741732,0.021335537330990764,0.02352242990741732,4.68112911806253,4.68112911806253,2.863552587362775e-05,2.970278265536767e-05,16.870685324927162,-16.878075905937482,0.0,4889993573.113711,4435368320.284545,719549024.2233827,2.6842429529592786e-05,0.00010676745223921006,0.0001016832878468667,1.4654530194561515e-06,1.5387256704289596e-06,410.7906388828246,391.2291798884043,0.004953958516809309,0.004718055730294581,1088451.844120003,0.0,1031.89102566748,1980082627730.8916,1795993313134.595,20.010763291815298,0.04775052921303469,19.951427907903497,20.037571546437498,20.043290421103706,59.872014577472754,36.48845978898752,5.371490345926267,1.862080001036115,6.535314286701077,10.987128916380362,1.3792996776686661,1.8631453255256725,10.986979887098114,1.8631453255256725
1153956.2468464482,0.0,0.02346579542503121,0.021284168185969343,0.02346579542503121,4.802326028439238,4.802326028439238,2.844605743241588e-05,2.9506252654340156e-05,17.02841994301336,-17.03573226789057,0.0,4973266333.917115,4510899169.085818,705260179.4205487,2.708371775061344e-05,0.000105992935166263,0.00010094565253929806,1.46495169472985e-06,1.5381992794663426e-06,413.7734568576712,394.0699589120677,0.004951571740104398,0.0047157826096232355,1099005.9493775696,0.0,1031.8935555188839,2018679644372.3545,1831001945008.9375,20.010473660095304,0.05134040183194483,19.947579730779754,20.040462224443072,20.043379025061746,59.86816890184108,37.08626246354044,5.261138630497324,1.9199179639750596,6.590398060928648,11.039663986618065,1.4066248716683494,1.9201335626550131,11.038669898099817,1.9201335626550131
1165038.057366893,0.0,0.02344995437883858,0.021269799890103018,0.02344995437883858,4.9360758075246345,4.9360758075246345,2.8247448057896106e-05,2.9300241033994373e-05,17.188623941295386,-17.195589699483225,0.0,5065867843.3562155,4594891467.896793,693702973.6227503,2.7332944053111735e-05,0.0001050557535853792,0.00010005309865274208,1.464666382457514e-06,1.5378997015803895e-06,417.4700731183841,397.5905458270324,0.004957714635948027,0.004721632986617169,1109560.0546351362,0.0,1031.8978075286352,2057606384958.174,1866309646220.5657,20.004265514979007,0.05632411665395865,19.93710461405909,20.035448549537197,20.04024338134079,59.86231987034875,37.7642385772101,5.172603404210191,1.8546065704869164,6.5281967337970865,10.981408844071716,1.2933978953197367,1.8566105925393428,10.981052691645676,1.8566105925393428
1176119.8678873377,0.0,0.023463381151825512,0.021281978369002724,0.023463381151825512,5.0841368887242036,5.0841368887242036,2.8043593205507013e-05,2.9088788434853114e-05,17.354907048982852,-17.3614976821065,0.0,5165661401.124962,4685407166.553252,692797705.3477219,2.760167405392793e-05,0.00010400496241901491,9.905234516096657e-05,1.4649015400258326e-06,1.538146617027124e-06,421.68160594168097,401.60152946826764,0.004969950827764447,0.004733286502632807,1120114.1598927022,0.0,1031.9034235985234,2096946473507.739,1901992266220.171,19.989782666326068,0.06082586167371513,19.916487388903967,20.024437525791395,20.028423084283734,59.87067864420525,38.52324466821709,5.166566133024099,1.6519572846177222,6.335197413921623,10.79623497974691,1.0081286416287472,1.6532604887078861,10.796608153023058,1.6532604887078861
1187201.6784077822,0.0,0.023537780617135903,0.02134946087722077,0.023537780617135896,5.261583092164892,5.261583092164892,2.782510741458566e-05,2.8862159596616924e-05,17.53511438062792,-17.541304596862968,0.0,5280219819.968251,4789315029.44966,694294432.4871218,2.7914959058220397e-05,0.00010271065371307094,9.781967020292471e-05,1.466295365345624e-06,1.5396101336129053e-06,427.0070686507981,406.6733987150457,0.0049950759402887495,0.004757215181227379,1130668.2651502688,0.0,1031.908017229726,2136650036609.745,1938004568353.5105,19.965601476814626,0.059281666207781976,19.89312269463639,20.002933375638204,20.000748360169112,59.86078848590356,39.45602704386249,5.1864475599405235,1.1657326823067526,5.872126364101682,10.354800421535614,0.3124492932187306,1.167952565764152,10.356419560783836,1.1679525657641854
1198283.488928227,0.0,0.02361994325945538,0.021423984815832547,0.023619943259455392,5.434190228864003,5.434190228864003,2.760773573543109e-05,2.8636686393510607e-05,17.703856925571113,-17.7094999422678,0.0,5398031557.297159,4896173748.115335,650996302.698858,2.819179412205809e-05,0.00010140570277999516,9.65768597904716e-05,1.4667127763519664e-06,1.5400484151695646e-06,432.4979808002912,411.9028388574202,0.005021837719047494,0.004782702589569042,1141222.370407835,0.0,1031.9068550846291,2176717983114.765,1974347376974.843,19.963813492999552,0.053766247134304265,19.89518017039817,19.995472198545112,20.00078811005529,59.86093772613552,40.36090378690026,4.864308022052621,0.62715190507725,5.359192290549764,9.866206469015182,-0.2700707791743584,0.6292522762876285,9.867802518174706,0.6292522762875841
1209365.2994486715,0.0,0.02358220622564027,0.02138975621373267,0.02358220622564027,5.578391488355284,5.578391488355284,2.7428097019578266e-05,2.8450352475390398e-05,17.869292797690864,-17.87468319885517,0.0,5489282483.766305,4978941028.35946,563978596.3880769,2.8458045922816742e-05,0.00010062263997695096,9.583108569233423e-05,1.4668526544906475e-06,1.54019528721518e-06,435.7897401224623,415.0378477356783,0.005023029507334847,0.004783837626033187,1151776.4756654017,0.0,1031.9054423674415,2217164228755.531,2011033314063.9731,19.96541327368844,0.05158424972635112,19.89702698688652,19.998353452526647,20.00085938165219,59.869491587751675,41.04970591883225,4.2133433942459915,0.6553764151378316,5.386072776321759,9.892154067497593,-0.20775199787486098,0.6540703881359411,9.890313277220809,0.6540703881359411
1220447.1099691165,0.0,0.023408607685175952,0.021232297220114243,0.023408607685175952,5.688125288425669,5.688125288425669,2.7291640393129005e-05,2.8308810059330212e-05,18.030317385840057,-18.03529811659854,0.0,5549128636.573724,5033223253.128096,473674921.2144213,2.8710198189315804e-05,0.00010044870742204295,9.56654356400409e-05,1.4666362111065652e-06,1.5399680216618938e-06,436.5403083155943,415.7526745862802,0.004995140036358836,0.004757276225103655,1162330.5809229678,0.0,1031.9031690600186,2258013002636.348,2048084356132.7424,19.972520597402585,0.052224643545701034,19.90231863210603,20.005163503653275,20.01007965644773,59.869192604017705,41.48356877412122,3.5377509331095,1.1960036871276336,5.900955892502524,10.382359678099206,0.43110360437252915,1.1934087181463826,10.379509041402613,1.1934087181463826
1231528.920489561,0.0,0.023256580328579624,0.021094403926149318,0.023256580328579624,5.799952326732545,5.799952326732545,2.715131033950852e-05,2.8163249852016393e-05,18.187272635779454,-18.19171383159888,0.0,5613788178.148975,5091871363.40043,417848426.0340717,2.894938401083079e-05,0.00010019525769969615,9.542405495209154e-05,1.4660891052034266e-06,1.5393935604635978e-06,437.6502510815441,416.80976293480387,0.0049716985418284815,0.0047349509922176,1172884.6861805343,0.0,1031.8996829341477,2299183634213.8315,2085427332620.255,19.985628952359733,0.05461992599925677,19.913670652409643,20.018225138177645,20.024991066490898,59.86948564032818,41.93443760447923,3.1186157794777567,1.6290036266012664,6.3133367872393205,10.775565705274815,1.0781134212380028,1.6286153141636728,10.77425425320968,1.6286153141636728
1242610.7310100056,0.0,0.02317112109767826,0.021016889884515437,0.02317112109767826,5.925930285604505,5.925930285604505,2.699446537897393e-05,2.8000559221018098e-05,18.340629407019414,-18.34496770418831,0.0,5694308087.553702,5164905294.833289,406572401.9141548,2.917719604549495e-05,9.966932585641616e-05,9.492316748230117e-05,1.4652699844664485e-06,1.5385334836897709e-06,439.96595529998865,419.0151955237987,0.004962310414701348,0.004726009918763189,1183438.7914381006,0.0,1031.8944618046194,2340759983317.501,2123138306863.9463,20.005258374757517,0.05675323983558125,19.935241921090867,20.034416417691816,20.04611678548778,59.86550248684285,42.48695156256075,3.0318609623139605,1.8257315561647114,6.500696720156873,10.952519072250656,1.4640412234506295,1.824760620566146,10.952163828177873,1.824760620566146
1253692.5415304506,0.0,0.023102574090808882,0.020954715728624833,0.023102574090808875,6.0562813794419466,6.0562813794419466,2.6835033891742585e-05,2.7835185662503638e-05,18.49257044082313,-18.496595678391984,0.0,5779182131.045222,5241888554.23603,399250768.86813504,2.940053203212547e-05,9.908144528206018e-05,9.436328122100969e-05,1.4643484476917756e-06,1.5375658700763642e-06,442.57899651420564,421.50380620400523,0.0049564338272705686,0.004720413168829114,1193992.8966956672,0.0,1031.886877835619,2382670782134.662,2161152636856.837,20.031016854403354,0.057799211192002785,19.960729795417627,20.055993881528746,20.076326886263406,59.86473455422313,43.06512522847269,2.9730398368846935,1.9597761651441226,6.628358252518252,11.075322272565536,1.7714448430320773,1.9596960490475546,11.074554239498923,1.9596960490475768
1264774.352050895,0.0,0.023035555548356783,0.020893927935017487,0.023035555548356783,6.186064338347691,6.186064338347691,2.6677825381832643e-05,2.7672117932508508e-05,18.64195079791327,-18.645817067900513,0.0,5864704109.881423,5319459510.096527,373881517.49238425,2.9615754951423303e-05,9.85002115039095e-05,9.380972524181855e-05,1.4632397113934519e-06,1.536401696963125e-06,445.1961143282736,423.9962993602606,0.004950765132591426,0.004715014411991833,1204547.0019532335,0.0,1031.8762560412804,2424962738065.677,2199512687587.9155,20.065225327666614,0.05603741841996968,19.996327421212303,20.086603414370177,20.112745147417158,59.872021278213644,43.63541938543411,2.779126002536201,2.1341696815098232,6.794447315723639,11.234025092442124,2.091751569639755,2.134613394078111,11.233209427735268,2.134613394078111
1275856.1625713396,0.0,0.02293566640651175,0.02080332553878617,0.02293566640651175,6.304311641391128,6.304311641391128,2.6533219072902114e-05,2.752212209224653e-05,18.78723865406753,-18.791249320867244,0.0,5942026407.7271595,5389593113.5847225,345775844.79732114,2.9818038741116802e-05,9.807620966711826e-05,9.340591396868405e-05,1.4618406799518558e-06,1.5349327139494489e-06,447.1434744124832,425.8509280118888,0.0049378826133355536,0.004702745346033862,1215101.1072107996,0.0,1031.8639261410062,2467700261464.955,2238276881147.352,20.10608474217541,0.06168874689236376,20.031019955620323,20.128479949374803,20.15875432153109,59.86646517992684,44.12436416425336,2.5660234490804394,2.372515840363476,7.021443657489024,11.448522121686578,2.4532601624561834,2.3707665033130487,11.44740725924086,2.3707665033130487
1286937.9730917844,0.0,0.02281348804490815,0.020692506163182,0.022813488044908157,6.4122070695818,6.412207069581799,2.639717310910379e-05,2.73810056443882e-05,18.927766772446603,-18.932357623663595,0.0,6013417933.144589,5454347331.650421,330469788.06613064,3.0005209998351544e-05,9.775916792045278e-05,9.310396944805029e-05,1.4600947417265729e-06,1.5330994788129015e-06,448.6220418263086,427.25908745362733,0.004920075799145187,0.0046857864753763676,1225655.212468366,0.0,1031.8497342819383,2510753063612.4224,2277327041825.326,20.15450692369277,0.061935107281459366,20.080386100061034,20.173540781657127,20.20959388935969,59.86120812087472,44.54643771927714,2.4467641110119533,2.696828108676963,7.330312484454238,11.744409130059363,2.8583417741698702,2.6952623237502804,11.741734534013847,2.695262323750247
1298019.7836122292,0.0,0.022674192322324892,0.020566160836575868,0.022674192322324892,6.512501459840987,6.512501459840987,2.626811801470714e-05,2.7247140618254286e-05,19.06502043676895,-19.07040175323633,0.0,6080138240.750484,5514864617.460757,331557854.6932828,3.018202558340661e-05,9.752642691469769e-05,9.288231134733112e-05,1.458121083575635e-06,1.5310271377544166e-06,449.73028010414635,428.3145524801394,0.004898454410590535,0.00466519467675289,1236209.3177259325,0.0,1031.8343270188827,2554115523087.254,2316658070827.4414,20.20787882915337,0.05671406932322021,20.140564391118247,20.22114317893512,20.261928917405058,59.857249357969025,44.91809064842929,2.4479655992233145,3.0988990303064123,7.7132371717203885,12.111073669461469,3.3409854351489243,3.1002063715835804,12.109030722524782,3.1002063715835804
1309101.5941326737,0.0,0.022534868601011542,0.020439790114296183,0.022534868601011542,6.610256150683206,6.610256150683206,2.6141664395883774e-05,2.7115974025663284e-05,19.199366236207094,-19.205773228206862,0.0,6146319820.775168,5574893261.474075,328956681.7652686,3.0349795825564093e-05,9.729755311965312e-05,9.266433630443152e-05,1.4559717071830246e-06,1.5287702925421757e-06,450.7745673429429,429.3091117551837,0.004876612608495046,0.004644392960471473,1246763.4229834988,0.0,1031.8175351908349,2597974518567.649,2356439472623.7173,20.266030098390715,0.05665892607446585,20.201154555770263,20.27739850030344,20.319537239097862,59.870801453512954,45.27188957718753,2.421924712551931,3.530131639677625,8.123934894931061,12.500105174327281,3.8472428506167278,3.5280895429633863,12.497133372302393,3.5280895429633863
1320183.4046531185,0.0,0.02237770173346883,0.020297235132398037,0.02237770173346883,6.701143291245231,6.701143291245231,2.6022427796421333e-05,2.699229343344969e-05,19.332167760793084,-19.339717325715814,0.0,6207139790.607913,5630058766.991303,320565872.94531363,3.0512787754421917e-05,9.715795677682242e-05,9.253138740649752e-05,1.4537382433718255e-06,1.5264251555404174e-06,451.41603981466295,429.92003791872656,0.004850762449482912,0.004619773761412297,1257317.528241065,0.0,1031.7990870175324,2642156361779.116,2396513706829.1294,20.328604040003835,0.05946201834905718,20.26147025504689,20.33793923335625,20.386402631610046,59.87085608597804,45.57860487558535,2.3529682993465544,4.069973802114923,8.638070287728517,12.990669538388067,4.4186245535072,4.067326023689777,12.98623675618118,4.067326023689777
1331265.2151735632,0.0,0.022212307612754698,0.020147217789346663,0.022212307612754698,6.7887727646436495,6.7887727646436495,2.590734206707915e-05,2.6872918415841448e-05,19.464137188741212,-19.472827908030013,0.0,6265291172.4039755,5682803784.4934025,309435715.0924846,3.067324968708095e-05,9.706449413187685e-05,9.24423753636922e-05,1.4514699432113285e-06,1.524043440371895e-06,451.8533634886088,430.3365366558178,0.004823005103239331,0.0045933381935612675,1267871.6334986314,0.0,1031.779527638516,2686618414900.76,2436842099683.229,20.39392354426121,0.06403025801732327,20.322448636385268,20.39950273325052,20.459819263152,59.86047066951935,45.86164683507417,2.2639373734129284,4.622348642139551,9.16414156394245,13.493492101869919,4.999866356640947,4.623921677072018,13.491085421380522,4.623921677072018
1342347.0256940078,0.0,0.022038144430393442,0.019989246648882943,0.022038144430393442,6.872855791147484,6.872855791147484,2.57979411535608e-05,2.675944008927345e-05,19.595481257913345,-19.604771518522124,0.0,6319917650.805818,5732351610.708224,308185023.6234059,3.0831967924553045e-05,9.702700489016674e-05,9.240667132396832e-05,1.4492082413817198e-06,1.5216686534508058e-06,452.03009925160035,430.50485643009546,0.00479309253833765,0.004564850036512047,1278425.7387561977,0.0,1031.7577782106423,2731606572161.8774,2477647684500.5693,20.463881589601183,0.06520484342795897,20.392691046507892,20.467997386704365,20.530956335592872,59.86690524259277,46.116612192259474,2.2475816741418813,5.220528754074483,9.73383690864239,14.030576562016762,5.612590092975411,5.215961218978404,14.028082738302395,5.215961218978404
1353428.8362144523,0.0,0.021888416768510468,0.019853439245814484,0.021888416768510468,6.962369071235468,6.962369071235468,2.568308427730949e-05,2.6640302454196554e-05,19.724776079783524,-19.73428547316142,0.0,6381148038.778404,5787889377.576785,307613295.4636893,3.0984356467470945e-05,9.688955118106874e-05,9.227576302958924e-05,1.4468282200496397e-06,1.5191696310521216e-06,452.6682037160031,431.11257496762187,0.004768367184926102,0.004541302080882002,1288979.8440137643,0.0,1031.7348909751888,2776904737627.412,2518734455897.8784,20.537499445889768,0.06668766597589862,20.46590763563525,20.53898758360447,20.6076031184302,59.86821030333204,46.4095794177962,2.2362121093155483,5.718994423608892,10.208566117722784,14.463474214234374,6.133990383315357,5.7046851189666565,14.471369722418736,5.7046851189666565
1364510.6467348973,0.0,0.021762583597216074,0.019739304850082608,0.021762583597216074,7.057693804040537,7.057693804040536,2.556270399137439e-05,2.6515435549886816e-05,19.852559898519075,-19.861935037246212,0.0,6448871830.95195,5849316853.471156,306789958.3026089,3.113209766483509e-05,9.665355803559549e-05,9.205100765294806e-05,1.4443646117633939e-06,1.5165828423515638e-06,453.7615305829052,432.1538386503859,0.004748727546289807,0.0045225976631331506,1299533.9492713306,0.0,1031.7111999342085,2822471440670.4937,2560064798794.099,20.613702780004285,0.06847069809588226,20.541658993663198,20.610990954710086,20.688458391640577,59.86637385066193,46.74228695613029,2.2230552636529306,6.120360278215131,10.59081931258583,14.79813750084028,6.56378777152119,6.091916023941735,14.822599568201111,6.091916023941735
