t0,a0,nc0,t100,a100,nc100,t50,a50,nc50,t65,a65,nc65,t5,a5,nc5,t80,a80,nc80,t65_1,a65_1,nc65_1,t0_1,a0_1,nc0_1,t90,a90,nc90,t30,a30,nc30,t40,a40,nc40,t30_1,a30_1,nc30_1,t10,a10,nc10,t70,a70,nc70,t60,a60,nc60,t0_2,a0_2,nc0_2,t20,a20,nc20,t80_1,a80_1,nc80_1,t50_1,a50_1,nc50_1,t100_1,a100_1,nc100_1,t65_2,a65_2,nc65_2,t75,a75,nc75,t40_1,a40_1,nc40_1,t5_1,a5_1,nc5_1,t95,a95,nc95,t10_1,a10_1,nc10_1,t70_1,a70_1,nc70_1,t100_2,a100_2,nc100_2,t60_1,a60_1,nc60_1,t20_1,a20_1,nc20_1,t75_1,a75_1,nc75_1,t90_1,a90_1,nc90_1
1582863932394.5193,0.0051358316315140125,389.39306365809625,1294627939446.6296,0.005115626852981983,357.89600327591165,229135904493.31912,0.005656252353789094,197.95479947854952,164190330007.5649,0.005871617767151718,179.84435319292083,1031501165711.5573,0.0051841191172595415,331.17905391413535,3204131992646.111,0.00510034294890831,512.7238722670135,184780067475.47507,0.00587806069847215,188.75397877040317,1604860141564.688,0.005227205165719435,398.51477055300415,1831089586645.4587,0.0051259849758082884,411.9658020754414,384445763075.6776,0.005466408624582124,235.3076922146974,290248294464.0414,0.005614085761719151,215.96676018467602,424542006802.1112,0.005429243110223065,243.1686346401659,732451669020.4528,0.005320422865432112,296.38603742717675,6278111694303.847,0.005193839346564875,683.3136986911812,161880950918.40054,0.005886752498945363,179.28917779025085,1600004334310.24,0.005233730561161848,398.5289037134951,515026222912.5838,0.005372653337178651,259.9683968637226,3255351821675.6973,0.0051042208804400295,516.3790717718924,202284355361.91675,0.005754524586097965,191.59949860438655,1295377274723.1611,0.005183826055070545,362.751260102258,146941318685.29047,0.0059622401148795206,174.6895939730543,4812905325462.943,0.005216778422297397,617.1138853823153,316148288548.932,0.005531774804451901,220.2017803488906,978841239444.152,0.005255846320021977,328.7967842673575,1552581227166.4731,0.005129188054887881,385.8960688867894,764731030401.1942,0.005287959721525227,299.70336808900845,5275197727628.144,0.005256956802366253,645.1042534926214,1300532387451.99,0.00500993251130647,351.140031965758,185436003600.44116,0.005768804405714052,185.50833942628967,539931428018.21216,0.005364194050260342,264.5086768558737,3578620323034.084,0.005146718557444597,540.7750791827993,1892256392100.646,0.00509629677109306,414.9986678173084
1649456841220.9739,0.005137302402262575,395.97841542132517,1345117385999.0413,0.005120940115619328,363.7925253931089,238355079094.47336,0.005648325442988461,200.82116217472645,170771775987.95337,0.005855694120835264,182.19850988202953,1073001172932.9095,0.005196630411230244,337.2577274033313,3332466708458.3423,0.005113793818887817,522.2152397990137,192261971240.36658,0.00586263228847264,191.27138907296634,1669561421283.449,0.005230942423361774,405.1547175852182,1904541120582.6465,0.005109107097124748,417.12012887673956,399826350258.8974,0.005471660752460965,239.25869408865987,301802372801.8194,0.005609418190128276,219.18300582899118,441576830219.33246,0.005433828107104969,247.23412044947744,761739647078.0868,0.005314333049534984,300.7262871033743,6529754351440.247,0.005228892069927638,698.8249707349976,168363241107.82294,0.0058658212737814144,181.47956823099793,1662059563054.2434,0.005231273508427042,404.4511367504497,535719806518.6811,0.005377671834284216,264.343951533394,3386186489782.2983,0.005117570449240233,525.9545045540033,210385335427.6125,0.005756804561554497,194.7097376825868,1358841823378.9329,0.005190352604039861,370.2238771265179,152808397003.9423,0.005953399225544722,177.18375225622205,5005260394184.673,0.005236124485137556,629.1882932855398,328770233664.8913,0.005528669564872947,223.551521539815,1017957427393.2032,0.005262467107116563,334.41152820408433,1614647910397.6047,0.005115526521850637,390.95023146414184,795215781053.1576,0.005297612313342039,304.98197245111027,5486540942801.308,0.005286168856167024,658.9621674654844,1348254635143.7927,0.005017997713214655,356.8118160420135,192840227574.68683,0.00576059485915857,188.1682676468646,561494341398.9832,0.005366388392448183,268.7944239032327,3721807423041.1533,0.005129924834544921,547.5358511004049,1968109130088.4348,0.005110853014846922,422.7786634819756
1716512249659.5173,0.005151226449500844,403.43112829107594,1393422827298.6743,0.005153179046616814,371.28585203582264,247722795611.7356,0.005648428340760136,203.94544610597697,177459704748.57373,0.005831322575699761,184.24977582566711,1114926062213.4075,0.005204896737176552,343.0129722491334,3462532361124.942,0.005129779329283141,531.9321251883703,199583845361.31787,0.005846543129869761,193.61959714144513,1729156011543.338,0.005228094702335638,410.6550022392419,1979042344221.7405,0.005108593238153968,423.52920091624975,415436249618.4871,0.005477467942465765,243.21009650943859,313634979657.3802,0.005603213736538114,222.33456573484585,458852180808.95416,0.005430770156604463,250.91726370596825,791640562570.0424,0.005325507332662485,306.0357784196925,6785586272717.9375,0.005245095672005862,711.8497959242578,174942673854.55798,0.005863291351694191,184.20430644651958,1723984632801.8225,0.0052287231280622164,410.2126054966972,556551083312.9358,0.0053788505519982025,268.4673591815292,3518571329153.241,0.005143807982988044,536.823219009468,218630999092.93686,0.005745519379114457,197.3394845929167,1423367191847.5623,0.005203323914459414,378.100840433128,158772174031.95667,0.005940931901782595,179.54128571624608,5202624564523.349,0.005238217582819009,639.2526379445708,341647184864.2973,0.005521192280011472,226.70652011096794,1058275469136.7604,0.005272537030545472,340.2977912920372,1677664257986.742,0.005134951700393745,398.49087759944166,826592247408.3254,0.005297228895237964,309.7171615543516,5701668723418.03,0.005304813349731611,671.538474848675,1397663747747.2756,0.005029634193963763,362.82523078576594,200425051020.36234,0.005748314025374415,190.68708787728565,583547078734.2588,0.005367732354305158,273.036817156216,3867399455433.147,0.005181639509017731,561.6099689003711,2044908802303.7532,0.0051231926292703905,430.33856086226524
1782040290550.7346,0.00514341587209438,408.9014478055856,1445509296802.9165,0.0051622316117885475,377.4381906457059,257222999663.73795,0.005640422444880587,206.74525531237379,184295915503.8351,0.005822312259942218,186.7677030647821,1157868764209.9973,0.005217445560881357,349.0773429088789,3595663032947.8364,0.005137568697470251,540.8405380596997,207502817092.95926,0.005826883085797257,195.99541104278134,1793137714735.1538,0.0052338153758435995,417.1227305196,2055272664976.7915,0.005113823694779315,430.4210767461048,431521374519.65497,0.005489367196893432,247.4703700483072,325751179573.1116,0.005608299198790288,225.9360717924885,476602418681.61237,0.005439649429633951,255.17222958610785,822158327540.5469,0.005324666493330315,310.65231565453934,7047485110435.466,0.005253192850382909,723.8307205256139,181690756841.8032,0.005841962097658227,186.33389770389294,1789363548476.303,0.005232001357251614,416.62687613999066,577941174144.9915,0.005388957063548601,273.06005775157473,3654569477598.884,0.005145162929465443,545.1720986848284,227023440946.41232,0.005726421337579319,199.66943087934314,1449926304603.677,0.005190982492716455,380.0037966664455,164889799635.28748,0.0059165735593288415,181.52973951921408,5402261320247.521,0.005233746850420058,648.399912897228,354791711652.0577,0.005525734996198213,230.3453446214026,1098777685312.8229,0.005266740520537999,345.0689279593801,1742089621216.7961,0.005132938850485423,404.38430169927204,858234750201.1998,0.005305952206352971,314.924009323252,5920203565313.201,0.005314361846713333,682.945075122532,1449073252074.9058,0.005032961641738006,368.34922164530246,208152455900.44797,0.005726350253493851,192.85483169028598,605969509830.195,0.005371413276127537,277.3759976496299,4016476856127.844,0.005185362412169103,570.5808908614921,2123638562501.988,0.00515336866060696,439.4641506533449
1849185115444.6453,0.0051451560230153055,415.13629456617286,1506862271078.265,0.005143840332503649,382.39913661067686,266913052441.21167,0.005626499763921249,209.30819367464989,191255551872.36075,0.005790388405980458,188.51821396178556,1201862703253.307,0.005220241581309792,354.51330980615666,3731004929581.2803,0.005129249070172539,548.0044908899116,215188578225.50882,0.005816394097800749,198.50959875160504,1857477580601.0427,0.005236816553224078,423.28881517095607,2132841674700.2944,0.005109242139991124,436.45546189434816,447825553167.6072,0.005481858931178355,250.82533660060304,338091406650.99896,0.00559890102643544,228.93724028907775,494547225349.5333,0.005436322802413045,258.81434545485564,853055739456.0863,0.005322561184157059,315.14587444849735,7312429107557.404,0.005236764089858293,732.2977122416893,188575118975.78717,0.0058294251446006935,188.72067710541353,1856434701784.0256,0.005244042569515704,423.7776806036894,599843404781.4535,0.005390170562134392,277.21559813080984,3792275696988.896,0.005164984949454578,555.4296012738921,235594501088.81897,0.005724609573072505,202.58716748805676,1476583314349.0325,0.0051858436014666515,382.4041506116128,171080003852.14798,0.005903544148377808,183.81989593828993,5605341995662.538,0.005241742468632141,659.0472101181449,368116341903.4757,0.005523529970129925,233.67419425425132,1139733219753.2834,0.005268904178647786,350.30116624904076,1807878375591.98,0.005139347912329074,410.93743199991275,890593200924.0432,0.005302731800977218,319.4268452183992,6143743580179.303,0.005330340878208869,695.2295384225447,1502757163812.7168,0.005030002041860361,373.52844866938415,215967836705.54904,0.005722895875902724,195.60118230157136,628982279115.807,0.005371142981412896,281.5283127424938,4168425240948.132,0.00519958549223992,580.7076270574739,2203614911941.285,0.005146253393973912,445.39511293862853
1917138876091.7441,0.005159573783259104,422.3526825758709,1569973991376.0674,0.005117680987186354,386.749885321212,276775561074.90063,0.005614278558888538,211.9068778379721,198330976140.35294,0.005779889781950508,190.93070518730818,1246221355405.3298,0.005223295072500977,359.90065428205395,3869974822964.6553,0.005148977867553731,558.2185713301299,223218842853.1916,0.00580332848977003,200.98770672614856,1923320467890.0393,0.0052352421529238465,429.09893422369163,2210871269396.7305,0.005103121257260945,442.2433083916541,464336720813.30273,0.005476446643257024,254.23308808803174,350555372936.8048,0.005600039310962026,232.32381295315895,512859211327.96783,0.005434896256637725,262.53700261278567,884576133000.6019,0.005319605383546938,319.5755196695122,7582917255660.447,0.005222731647558807,741.0239394121893,195547332761.523,0.005813924678939888,190.97220374091904,1924394175043.1057,0.005241507284479642,429.70836413401975,621984871959.6539,0.005390444729799841,281.27849271389346,3932566436327.569,0.005167478451228795,563.831196598411,244319627351.88696,0.005710001258053319,205.03100800852295,1519315587515.2415,0.005185105231292471,386.73793342445526,177415622040.676,0.005877874604876948,185.70220484635334,5813719579527.056,0.005236330369107094,668.0495428742262,381740668484.9472,0.005528479123735261,237.30836429174408,1182407589148.123,0.005268178425286086,355.4408664076235,1875091062297.1248,0.005151884982664809,417.99886661320664,923779296289.7649,0.005301239631256105,324.04455319775894,6371269096842.525,0.005336995596752579,706.2967759525172,1559118075023.1216,0.0050471003993411805,380.3588683178904,223925840751.7751,0.005696698855028754,197.54450213255186,652417773500.6885,0.005364941165212836,285.34829186568567,4323228537781.061,0.005209587631653847,590.3731877565015,2285247590288.4473,0.005157169071154175,452.8815969555471
1988162423135.3882,0.005139674846274518,426.8904009548832,1626479196315.8308,0.005124319793444385,392.76757744619437,286837193569.93945,0.005609156756308798,214.75919286138472,205504239492.07065,0.0057635844918993645,193.11720997021214,1291222037599.892,0.005199409832231118,363.3744797286828,4010212639581.0146,0.005177651200191091,569.3767784184909,231349990394.29507,0.005859709391364683,205.86564263262264,1991610049334.1365,0.005228700560948872,434.5857630485263,2291784528588.4155,0.005109558207240277,449.2135670249347,481186245562.4056,0.0054834796872251824,258.21503188089315,363253071761.24567,0.005584746736616936,235.0104646826249,531359428984.26575,0.005452752009372982,267.15979594700644,916836483174.2045,0.0053167632740483564,324.0142260999301,7857267279311.519,0.005245056606686688,754.846751366879,202664709594.65558,0.005794485507609405,193.0750399142056,1994316180823.1738,0.005233198520491305,435.19591993989224,644580855949.1257,0.00538612516206305,285.09355690804034,4075433776692.319,0.005174629939852358,572.7285504337306,253205753580.05435,0.005693641113317099,207.3860389939971,1592337708938.0374,0.0051801053262445764,393.68843964895694,183863793464.63287,0.005853724452355282,187.59910489500777,6025134793694.87,0.005246265241121279,678.9486839662331,395724648795.6036,0.005528827991603765,240.76331793658517,1225200711974.1206,0.00526672909162174,360.4324434511896,1942899349818.4053,0.005148877414483721,423.73337614250346,957517717961.8763,0.005298297044691791,328.54512736674843,6603112259693.451,0.005339024367741097,716.7395593145008,1617986560692.0366,0.005022382810685788,384.14906099899076,232088224571.2367,0.0056834747645705935,199.92871677488756,676069763011.4078,0.005356773234825426,289.00134709990573,4480902799724.507,0.005214730064980276,599.4846148294441,2368550460498.27,0.0051501586153536736,458.7897021791444
2057902426469.0776,0.0051923829660129135,437.2568564602032,1683842317281.5522,0.0051258861348547615,398.3726572985272,297076694416.80115,0.005612128731052447,217.90894469260016,212842828684.9213,0.005744951553274352,195.21355909526326,1337329254869.0132,0.005251306098611163,372.1882618244386,4152840440420.23,0.005237304776664091,584.0445097414324,239636390813.5578,0.005730503385782851,204.18032063210336,2061445893195.91,0.005238735600470915,441.4639616221253,2373849791868.201,0.005141381546497385,458.4174367269154,498352289115.0349,0.005480834130265836,261.7346626560922,376291368405.15796,0.0055853948230320605,238.37657782751126,550426539451.9325,0.005443241203062414,270.4813501860389,949637537177.1447,0.005314138635419509,328.43998931137594,8135986974494.979,0.005269467685667847,769.0079745962564,209868545402.62247,0.0057864106333251845,195.5186505611117,2069115429249.592,0.005232789220747782,441.61836872608393,667644178260.0151,0.005381121043629981,288.86224871162483,4221114070676.095,0.0051931699107024155,582.9124988178546,262202111854.25665,0.005690253670541059,210.17744182764267,1676281469740.8115,0.005197159043040993,403.1853886107271,190451146530.43073,0.005847869595995954,190.06892400420097,6240851855461.628,0.005278290194282279,692.7727762109787,409853259350.33136,0.005528420911063358,244.14759932251124,1269096916910.8364,0.005268052664661981,365.6352207198096,2012013804052.1562,0.005170822116320529,431.53098051251095,991608455949.5782,0.00532088368107152,334.59531340780484,6838992425868.651,0.005362805951567555,730.1110674572901,1679724526862.2744,0.005076241193769256,394.12816794854194,240375376631.9135,0.005674650413794506,202.43942874159967,700067689288.1887,0.005370455892175456,293.8104021251365,4640620957779.776,0.005222568743666318,608.8560194469405,2453042882282.767,0.00519370869114979,469.2017713772772
2123527961615.4153,0.005174131403622582,441.225544330182,1743900161699.2568,0.0051347356392448555,404.6939725546732,307425573452.2188,0.005610693094711082,220.85768220438857,220308163795.33868,0.005741938130472368,197.82024935547224,1384600861651.5215,0.00526138878424528,378.12050886842405,4299344254396.4897,0.005193050002984955,587.1964114336306,247958918997.16928,0.0057375551984723,207.2424751099663,2134262184765.873,0.005243909190005356,448.07866952956266,2457077504654.2446,0.005147857620885553,465.365377244689,515865044075.98883,0.005481465322883377,265.40622882939795,389477792581.5005,0.005600031545238104,242.31681576092876,569602468628.4067,0.00546279761090677,275.1971018409652,982872442603.4999,0.005323833780196767,333.5979329704482,8423312079624.615,0.005289383480780135,782.7051855570112,217230553987.06528,0.0057916848038824685,198.41444314266332,2142773888198.3652,0.0052470906267062635,449.06489235006404,691159766009.1826,0.005395715299913794,293.68408071181597,4369995721347.572,0.005204098095737996,592.2947443369595,271408704298.29758,0.005695207946546109,213.28440149846838,1767349452318.127,0.005211790878381879,412.9675748461868,197075289814.7396,0.005834651867461964,192.25065049098862,6459501677649.007,0.005291137001410157,704.0907079113077,424192994924.0628,0.005529555513044661,247.58003465127206,1313378056762.4595,0.005278314477590728,371.40792296369705,2082906923934.6042,0.005174856019135618,437.89119873851456,1026104612525.3817,0.005310975749542959,338.57194959761455,7077360318888.659,0.005370105036524412,741.1929897114034,1743157891074.6934,0.005053161760496342,398.19691540360265,248750147404.36874,0.005684467513108448,205.58675305095502,724651437960.5206,0.00539746389043854,299.3928392608663,4802583066370.886,0.005253588136664722,620.9347661419489,2539176409021.37,0.0051887319957875586,475.2677977603909
2192401013645.0415,0.00517053919175594,446.5846917471479,1804893135074.242,0.005166258846603244,412.81622603507907,318091633879.1543,0.005608741040557373,223.81350451516508,227951024746.7507,0.005725789950300611,199.973308303401,1432728522352.4834,0.005233899659071358,381.3212035381655,4446912004938.569,0.0052043862624366515,596.4759480648368,256603815609.85513,0.00574129632086825,210.23993145850676,2209030512479.3203,0.005227712749893614,452.8896565105405,2542389686076.039,0.005113027675137586,468.5705513410353,533629522472.1955,0.005482751548004118,269.08810828354126,402866792712.4932,0.005584472654122103,244.9326927396932,589388167298.4053,0.005444887344919798,278.06700783747965,1016890229896.7261,0.005320155847330715,337.9356306015122,8715735800122.494,0.00527833279053065,791.8052758052386,224749964176.94818,0.005766147701380268,200.24681409550354,2221862522921.0264,0.005224630985351345,453.67254228775244,715032064793.6635,0.0053801221737471185,296.8399467192329,4520222704919.018,0.0051838952838851125,598.0261199359832,280807554116.5027,0.005673628222018923,215.3894309680058,1863256430856.4866,0.005196946628656781,420.58841722526097,203932841554.956,0.00581439180998475,194.22233102422223,6680184388029.508,0.0052682276961919655,710.5259062808369,438917889744.8344,0.005532004425436632,251.09370899825484,1358754733950.4048,0.005262516032880743,375.36161591113944,2154756663282.8406,0.005159904991934253,442.58938952000744,1061234412042.2996,0.005316888470070749,343.5437722534466,7322061704752.553,0.005361606567417132,750.1503154708228,1809200588713.51,0.005072079608038223,405.677339605516,257401413544.47238,0.005653049336110236,207.26556123873965,749689672546.0997,0.005374352226621181,302.18905968697385,4967652469163.3545,0.0052246595415603074,625.9194939599519,2626714270078.567,0.005183098049823079,481.23206590929476
2266146636679.3765,0.0051726572559174415,452.7191923090723,1860953871345.9468,0.005161692478015554,417.5287352418814,328959451925.7199,0.005607189239162329,226.77864772431514,235714164283.08435,0.005704576781713103,201.91923963687532,1481314652207.3428,0.00524174241014558,387.02106391633174,4598706922304.9375,0.005264296803416118,611.497463733024,265201886191.03705,0.005711440323210854,211.9221185083686,2288694522574.822,0.0052247885510661105,459.09636186884546,2628919763807.2954,0.005127431034614833,476.2234316921144,551804795134.278,0.005475089535301788,272.33622535051074,416610263997.18616,0.0055843309752946005,248.2350694721469,609561101245.7816,0.005450653964756717,282.1340542379615,1051326462716.7728,0.00530651074739686,341.58916492784357,9013448687904.072,0.00524127672248457,796.881025419747,232458725959.63266,0.005751642769558314,202.45581059730767,2299204752841.229,0.005217190966835085,459.26969893688664,739357467031.6373,0.005385095698949644,301.11695561140556,4672245195891.8545,0.005202139044315593,608.1240881706447,290435977662.4007,0.005666236244377057,218.0292913043718,1966292181251.8806,0.0051971631600780666,429.7595856076906,210912439882.12125,0.005795303509735775,196.20815947931442,6908845153818.747,0.005279421856902584,721.6864473522439,453941153726.2119,0.005525072093715354,254.17789113227013,1404937115774.1687,0.0052375148327318925,378.60646033963275,2228409437083.585,0.005121462809760311,445.2377905772797,1097603113049.7876,0.005316130770742028,348.155922673417,7573149354079.276,0.00537547439163606,762.3026087208499,1868841359564.9646,0.005062062938011165,410.1630324867446,266175073929.2451,0.005652432457891662,210.04015732759407,775201791990.7896,0.005372729249596762,306.1687511353061,5136086344258.582,0.0052604729640742505,638.6717686677634,2716057075530.2974,0.005206308168088415,489.89773077352675
2341255414709.975,0.005169456363262523,458.37866097430407,1916279832308.8052,0.005146878926099418,421.2379821526381,339833030276.214,0.005595194971796491,229.25639551048124,243507176506.1401,0.005690684640019887,204.06532962382917,1530107297804.5383,0.005251823940122433,392.82481365926014,4752165173468.111,0.005224761513070924,614.9263206695698,274046713364.58707,0.005699828217957301,214.28491851210066,2370068631183.4927,0.0052302568207692884,466.0444961106987,2715398209696.1475,0.0051718846250592395,486.6113550611019,570116077172.9382,0.005480563084466476,276.1916193479949,430332830425.8329,0.005578226071432851,251.1989982463522,629746701237.1377,0.005449567160993245,285.77772179352866,1086288516642.6714,0.005329249237376319,347.57145916534034,9310564126485.246,0.005305149223671355,817.1240678439601,240110785117.40475,0.005738776833838105,204.6369261329505,2366019786115.9126,0.005244418519731236,466.98689288322,763890908429.5092,0.00538471759445918,305.0531176322083,4828312484882.357,0.005247569013729315,621.550337722069,300043140248.8234,0.005658838379644579,220.5975939089462,2035011723878.8538,0.0052231102203425936,437.88085442014324,217857687714.28986,0.005786246656742917,198.45685230384834,7138092582722.376,0.005348300836697601,740.710836793495,468928170373.1892,0.005521529728448567,257.33682840710304,1451777614476.7617,0.005270670864352176,386.03433613212457,2301890846224.8027,0.0052214084569523365,459.85568367891966,1134309963171.5525,0.0053132164242858495,352.573936966767,7823275858787.088,0.005370257543733576,771.5260096545378,1919336617983.6406,0.005085323206315735,416.4654902154936,274991267384.8709,0.005637390134856206,212.22945176673716,800944626732.7256,0.005374108458375497,310.2754569208142,5306362380572.528,0.0052715130859894545,648.4164902321394,2805779473362.859,0.005195252958809721,495.25413679916454
2418572531358.1953,0.005169970730960906,464.4208733772441,1975528264251.354,0.005157461189486161,427.27675588580524,350991948436.9243,0.005590695142085535,232.0516563399498,251491006587.4181,0.005671461920000053,206.0174484548159,1580550491325.578,0.005248292111919142,397.68695814896046,4907265203865.5625,0.005233816801598687,623.9565221811275,283111457916.34564,0.005681718814099858,216.40272008512747,2448374418833.308,0.005234627493816399,472.5381918812895,2804262185811.8145,0.005207436003191853,496.30812803386107,588702545536.1101,0.005485975630779304,280.0349515198393,444449049152.2345,0.005581189809701466,254.59835024915898,650361997618.8019,0.005447089650362878,289.3520646998307,1121912638660.172,0.0053135734025327435,351.05106957134893,9614615481556.557,0.005391338584031013,841.1421090683638,247960200026.0473,0.005727675310919925,206.88603769192764,2426910885346.442,0.005235892428767922,470.99060829831103,788805439627.6748,0.005380676444394157,308.7627044040108,4986083099907.805,0.005247056312510707,629.5344922076528,309808047085.7225,0.005653246224309299,223.2209638231326,2080215957578.7222,0.005233446512926211,442.62012792790875,225001154246.67075,0.005768534140727546,200.4192191412121,7371611443494.903,0.005352845430325031,750.9476750143366,484269159831.4341,0.005525961115845334,260.88105949003494,1499446213648.3367,0.005262651769312058,390.46039597242515,2376993900939.3643,0.005175341329176185,461.68974168726334,1171411313756.4678,0.005314704684837103,357.24232185795665,8079341792610.401,0.005397584412552529,785.5065945628406,1972107408147.313,0.005059643755297989,418.8824504210977,284040905006.4616,0.005631166699099518,214.7586864664478,827103285340.9286,0.005365785673302881,313.8030930207579,5480851582666.115,0.0052625998907968674,655.7519173949485,2897963625905.2827,0.005194741142221893,501.6503080245139
2500632175083.997,0.005165181914787869,470.22481869805193,2036813186704.1216,0.0051641048080700615,433.0873783791573,362292984361.45325,0.005597167046665088,235.28391513474577,259602286015.0109,0.00566266956889932,208.32655163393642,1631462023265.1096,0.005251820088415371,403.03301886421735,5065285889941.559,0.005232939963038223,631.8112244768002,292190536177.5961,0.005666590696871478,218.56886771157286,2526419779505.1016,0.0052302806309668295,478.10930571861303,2895706354103.728,0.005187048636017703,500.75134883093733,607805902186.356,0.005481828004145232,283.4205721130702,458866040966.70636,0.0055758587375929,257.6238877853807,671320073652.9801,0.0054487765132867185,293.13714159308824,1158092822472.1833,0.005311705694556487,355.4113985101952,9925561672624.36,0.005406782819866263,854.3601081150766,255997022874.8029,0.005718570998353921,209.20953938809137,2507272335213.339,0.0052306887690752625,476.69377799549363,814286316692.7509,0.0053787869619726265,312.6044804134763,5147722159214.715,0.0052671355985018375,640.0597808317141,319885586450.93066,0.005643120072078934,225.69251695002853,2133847438149.559,0.005228959457228676,446.7665205835788,232294761115.31934,0.005757779001156459,202.61460984411167,7609557663166.528,0.005329529426247389,757.238400369658,499973856980.47,0.005524136351845423,264.1455558112754,1547126050360.9878,0.005251821055034681,394.5664909653009,2453616162602.4785,0.005192185142813851,469.1079787587442,1209346280895.8223,0.00531787552273915,362.0415676918982,8340857499622.82,0.005382364914176559,793.3364698787173,2030776409732.8755,0.0050614848583619525,423.9774767811386,293207202764.04614,0.005620833283011635,217.10536615460308,853712739724.7463,0.00536262960499871,317.6160982475615,5658241433925.152,0.005271232606177435,665.2498277926286,2992426428527.9985,0.005212414813812602,509.85697277708357
2586381218124.4507,0.00516945979739659,477.0041718024765,2103938049126.6143,0.005150634074126866,437.59653624003033,373695739813.9909,0.005579014682066698,237.44594816206666,267865253514.88962,0.0056457932779090045,210.32530393885114,1682926468440.9407,0.005251976468689376,408.0833051156854,5225741463864.531,0.0052440550132802355,641.1009301399854,301391464602.0287,0.005643789566290651,220.40588783610352,2605651310308.2954,0.005230697852539292,484.0900465557811,2987454511927.9517,0.005166912656827009,505.07007848009226,627205791875.5524,0.0054815129790485705,286.98848445747643,473409577092.49884,0.0055722143682364065,260.68895525266095,692603979144.051,0.0054547978901817755,297.14789412760825,1194892334067.133,0.00530307884769109,359.30196665002745,10241751465178.39,0.0053899417892419605,862.4496850974446,264135542823.69193,0.005705900346221381,211.37563263630912,2590235071502.7065,0.005229612719213511,482.84217768290245,840024924774.0753,0.005369934146301374,315.99908767626295,5310452887426.16,0.005263037530205239,647.573534000068,330046074205.161,0.0056373549488875,228.29963072011688,2184618597471.1624,0.005228102390741031,450.91463913569737,239661631154.4796,0.0057392277887779895,204.4997900528756,7850993163413.213,0.005332081425770565,767.1258412291278,515828872111.4276,0.0055174887003750315,267.14294612845003,1596434517247.3442,0.005244660168413753,399.0045027689329,2531824653648.7324,0.005180267571423268,473.9424860802714,1247774899798.566,0.005309714804158767,366.037594732219,8604853346284.773,0.005398510901699964,805.696304964458,2092007227327.2925,0.005067185488007279,429.5285881416698,302528673009.27985,0.005607451746302093,219.3169320292978,880938901267.4751,0.00536545328486055,321.79903196043585,5837063373572.59,0.005276649811726664,674.2734142102858,3086743882390.0205,0.005214853311696388,516.4667121129121
2670098537508.7007,0.0051624705173163865,482.46798468577384,2173117219412.5037,0.005105422890277133,439.40498784870994,385508314572.6189,0.005572764226590411,240.1508725691649,276290958710.20087,0.005634584977030152,212.52430389938354,1735272101252.3179,0.005257749893220234,413.56802796463916,5389390467412.454,0.005254203884939131,650.3135171241505,310874227476.00336,0.00565893478214661,223.75285036023806,2690382293489.8594,0.005238223492982438,491.03180428330637,3080478231033.3545,0.0051913415799640745,513.7204604820158,646711341129.9033,0.005482300097989656,290.5674725099763,488207703871.69196,0.005569661250319865,263.7974743856279,714096317508.3564,0.005446728605305657,300.357481129143,1232176680142.4863,0.005299697175266094,363.5132528021861,10562225503190.947,0.005394080861607844,873.8152639325042,272335186088.4738,0.005695555448570587,213.58836281200402,2673792632982.178,0.00523923309026181,489.91282578267663,866205011270.0974,0.005371163988577968,319.97547240561903,5475408727998.997,0.005249272347287381,653.8313244083045,340339178594.87665,0.005629322568784244,230.7920866029717,2229685373327.6978,0.0052127479954385,453.27750211338855,247169206586.9038,0.005728109730682909,206.63746929067625,8094519507845.9795,0.005312816202756931,773.7509964918229,531901579198.763,0.005507736876714102,269.9639017121955,1646978867315.6033,0.005246323988346843,404.13858611902776,2610477015177.1045,0.005188788449133429,480.5669657335482,1286597744233.823,0.0053047293406102425,370.20334996353114,8873399364957.08,0.005393038893673923,814.8347907368678,2157968610138.179,0.005069002500174799,435.05138409772184,311918726083.02673,0.005607367130949083,222.01155104802524,908739238276.393,0.005366952402027812,325.91432982779673,6019980761509.1875,0.005277903581760807,682.8094034871082,3182651350640.465,0.0052039198749200466,521.7305015895939
2746776204769.803,0.005167879770371676,488.474291802422,2245764646555.941,0.005146086028899978,448.768885652583,397344276600.0258,0.005588967513652825,243.7801668506642,284716998266.2331,0.0056368937043435605,215.18163540224577,1789032867510.0125,0.00526056939739713,418.8707958657445,5554418099275.894,0.005245713909367964,657.1432152335204,320380534187.7334,0.005654399027036973,226.28350733195128,2776419708430.1577,0.005239152685246678,497.3419613797464,3175129917988.8525,0.005224454499829892,523.2937542889952,666600085827.5872,0.0054774383606430235,293.8486129788191,503294138252.7133,0.005561305774217989,266.62785770399233,736088480726.815,0.005460029548026186,304.7663413941176,1270071311121.7126,0.005309390123142349,368.61744115133286,10888237432558.566,0.005403367208026585,886.0281414322349,280658875437.08295,0.005687201377378465,215.85897907246138,2762264179489.5225,0.005241976732022567,496.5936633106175,893076689177.5411,0.005369884391789327,323.83250352321335,5644783342809.907,0.005263072147104729,663.5875578221978,350799208686.0677,0.005627467426350934,233.52664061765768,2280952899731.8394,0.0052048536727172185,456.7252807312273,254660882736.35333,0.0057244618773912735,208.9871404223816,8343997568366.471,0.005325573023507429,785.0837922092371,548249779920.93463,0.0055290142109903,274.3083909160309,1697901962199.7708,0.005255328123362685,409.7933259638926,2691169163790.7383,0.0052065234371235156,488.1173298164317,1326278102034.6487,0.005312171412682404,375.25450955975776,9148255699753.096,0.005408350000234561,827.1801558282929,2229648229681.392,0.005062830872750616,440.2384388728612,321514237064.7987,0.0056137341409835725,224.9737900067717,936530493524.8799,0.00537095783827919,330.11139226181007,6205306471033.243,0.005293164167414658,693.1395148789821,3280492119900.549,0.005207467808947103,528.4479208045032
2819526107769.7573,0.00517585251562048,494.3702645748294,2317647075026.4185,0.0051647434842450836,456.1079875093677,409437956309.5095,0.005571896742891828,245.9678244610121,293356660509.7741,0.005615962551969649,216.96145487182608,1843413350240.4785,0.005264193178100426,424.21000719520845,5723984540823.538,0.005275833988169362,668.9143336927841,330221225825.10944,0.005630135285410455,228.05564392860103,2865513561118.566,0.0052502122620998,504.7285242921048,3271542486574.294,0.00520794528559375,527.9191775940426,686787472340.5323,0.005479307492350722,297.47783977374314,518516283785.089,0.005560673540283642,269.79404460398206,758493614193.0642,0.005454727130625249,308.1440609103954,1308600228808.789,0.005309209088145102,373.03761507041236,11218790594928.246,0.005404969354585915,896.9570600656546,289242296420.80536,0.00567855197356842,218.14352438700115,2850690558142.3647,0.005250725720336575,503.73179482258234,920014782166.1631,0.005371289346879772,327.79058113727234,5816601173537.001,0.005268461301759825,672.2820396618777,361390357909.37213,0.005624149953598096,236.18239159973734,2335853413823.48,0.005211395795914333,461.6706782128458,262342132546.80676,0.005714614981149335,211.12234116903997,8599551575559.303,0.005323166955447964,794.2558271665175,564756072111.3821,0.0055102571758524595,276.64080037032556,1749331812891.3792,0.005258174573329594,414.93863928043254,2773966439621.0723,0.005191928421138808,492.6848153296214,1366460364823.8577,0.0053132374742956845,379.8376783137024,9426255441846.488,0.0054196269824835705,838.8901172601092,2303018144436.672,0.005086842169204312,448.09201691044257,331266921044.4411,0.005599998669216829,227.12197302057993,964829316599.6727,0.0053768175732240775,334.4302074750753,6392728747548.208,0.0053182061326736505,704.7574529767008,3379979914424.757,0.0052426187419955675,538.410999234492
2898407519943.3066,0.0051826860221183945,500.51682190965045,2393915004520.783,0.005153341128510143,461.03339269124945,421625191554.0609,0.0055673322796825995,248.66677561993617,302123328562.6548,0.005612977771101038,219.4153599307637,1898083491425.4504,0.005267934726016362,429.50330478491827,5894497120469.651,0.0052744906147104715,676.6424305819893,339912465800.1507,0.0056294991410027265,230.68353291327244,2954230599505.0312,0.0052405498416140004,509.9817239264658,3368995391315.005,0.005211965619220156,534.5664629432151,707277968436.7697,0.005480249473122616,301.048439961515,533946340077.662,0.005560277725538197,272.95781305611365,781246429712.3596,0.0054471920625843405,311.37798693296395,1347608131541.585,0.005307314598939035,377.3117074811466,11550949822223.486,0.005399474216077321,906.5641700899946,297896145257.00397,0.005669090359116529,220.36333308831416,2933110955713.182,0.00524750037371208,509.19470047349796,947378904712.7318,0.005372980820174502,331.7605744181405,5990074555018.018,0.005274584466767598,681.0220013398462,372145432013.0872,0.005611776075755832,238.4434573041758,2396305058762.4375,0.0052144037568373,466.68248081897303,270284945236.89813,0.0057006995206421805,213.13604017857756,8857101504831.412,0.005336763082331762,805.7393467536654,581648730232.7662,0.005515126908944239,280.16883497957116,1801266002465.124,0.0052553295400054175,419.5957637328656,2856438000216.8027,0.0051827747408232675,497.613614883548,1406964834536.0898,0.005309717048316033,384.0472640560499,9706352000627.322,0.005416971703560537,848.3576526373686,2375325639332.5293,0.005083303512786871,453.3517576787856,341188385693.5051,0.005601796324751903,229.8926094752716,993454268695.432,0.00537001354906213,337.93605783670006,6582362188890.588,0.005328536396542368,714.4315853929555,3480566871136.91,0.00523676913590445,544.1559988030838
2979721831380.9624,0.005180326728340013,505.8566238371245,2486510224485.8745,0.005171934537114964,469.7741538601496,434021290311.1741,0.005563977338957836,251.4141784702846,310974816347.5278,0.005605764771485184,221.67920638251846,1954331810642.2676,0.005270518824380604,434.7631125110369,6067337162998.419,0.005291881951076593,686.7669695531342,350130792676.6244,0.0056283021425879345,233.38316559965148,3040625132488.3066,0.005249842780792629,516.8106444047511,3468259476500.4663,0.005225870813781057,542.2546715603876,728105913362.1476,0.0054755488373301265,304.3024718493065,549620439061.7079,0.005550728373862821,275.66087188328294,804212756956.8817,0.00545504914924387,315.4619990216804,1387324638105.5762,0.005306109708905957,381.6343563775678,11888282572632.273,0.005414124473078089,919.5511331075035,306588989308.87744,0.005663919652859021,222.70999358928862,3014967279344.8145,0.005252469211275974,515.3194761556144,975262398747.4723,0.005374319104311595,335.7160012587381,6165775962125.318,0.005290696759939318,691.0476054840392,383103492553.4755,0.005609101400862795,241.11250533842335,2465231244342.732,0.005204044433608021,471.06849686676577,278227233266.33875,0.005689929579139834,215.21213021597106,9117408159176.607,0.0053852421820177725,822.5338844442078,598712816694.7576,0.005509220792343494,283.1245962140144,1853901007500.981,0.0052607948585625276,424.8992683564174,2939799127425.9434,0.005203210666560538,505.3572173604623,1448439058382.8752,0.005307868265136275,388.4008991501197,9991236149782.463,0.005418182645271559,858.4229706496726,2433037039001.0117,0.00508768722210474,458.12067539597876,351217535027.4672,0.005599491725593375,232.47651330801426,1022631430430.5734,0.005362057083715825,341.3650760057746,6777703515781.922,0.0053357480461710734,723.8162698025219,3583497863604.9385,0.005239978082625665,550.8740700999625
3065645654780.4287,0.005179847661343671,511.59438523784723,2561150338316.484,0.005162213981180251,474.47139151026727,446522896382.89484,0.0055751656270147725,254.7975614133025,319976385980.7664,0.005613883128341203,224.54869666969546,2011304927224.8298,0.005263539141987213,439.20676810124377,6243685926287.848,0.00529720687666128,695.3818541749057,360174908127.9941,0.0056337584189163825,236.26729095857442,3128860857548.6235,0.005245806355999823,522.3562014737497,3569107485716.081,0.005233036576618578,549.259555556674,749060214103.0496,0.005476313852538429,307.8187159018048,565611922077.1697,0.005547611671456981,278.6849239028313,827503668363.9832,0.005442796699509742,318.3684945698123,1427659224184.4226,0.005307284266084947,386.1198883920441,12233738830126.127,0.005414367389333737,930.1894364369198,315457243161.329,0.00565185148739823,224.78480108999895,3100436367393.6475,0.005251282605226414,520.9961572552706,1003618143392.2759,0.005369808996621439,339.3018594881101,6345175631749.742,0.005293092262578828,699.3376715420947,394180840941.79297,0.005604143778186437,243.66181425744278,2535739476978.1157,0.005213246442574785,477.25458383080274,286280115434.0143,0.00568170004941636,217.36758285320778,9381890831448.705,0.005400135054462638,834.2971720422577,616084993620.0935,0.005508959529004977,286.3688886547692,1907542627015.9387,0.005264869191871323,430.10776785792365,3024875092293.2573,0.005193784809061943,510.23110422838715,1490365661227.4072,0.005312318651563498,393.18890272966013,10279242313070.225,0.005424036276579971,869.1746012391492,2486841639112.826,0.005095035297070722,462.81395892369136,361380624277.6581,0.005597044491439599,235.0415836843617,1052518164020.7233,0.005364324683057281,345.46726043578593,6975101497754.197,0.005330883818346234,731.5085897900032,3687387942688.4067,0.005245855305587451,557.8325343644854
3158482482569.3433,0.005183713059340626,518.1223689148069,2621791700493.2114,0.005172464765647854,479.8846016758321,459357539139.7065,0.005566538692952616,257.3034276171456,329129621948.972,0.00559936060221196,226.50887631548346,2068372980782.6736,0.005264576173953128,444.23723393297996,6422380177441.336,0.005305157369039875,704.330791829264,370366108749.52747,0.0056172190576272985,238.2176061365728,3219144470961.551,0.005247832742766788,528.5379452064252,3671359253895.14,0.005243566998381407,556.6184209186667,770390842154.0986,0.005463201047541703,310.5500672383459,581799512559.2439,0.005548311810886039,281.8838544263972,851190139686.9221,0.0054517931329322025,322.5150621148158,1468408878303.5803,0.005310852101305181,390.7536179980531,12582778911483.594,0.0054243473466148075,942.4495643118354,324510712516.1348,0.0056535089385270024,227.41007338886033,3190371844749.0747,0.005255846582895951,527.4474552567615,1032553317874.0571,0.0053784427559807925,343.7332507647856,6526427212497.045,0.005301511547345822,708.385904864699,405530792873.91394,0.005608508625696256,246.63626041658873,2610526208109.012,0.005210449265884998,482.5767503534207,294464664920.1622,0.00567057771047397,219.40199973415903,9649583520829.654,0.005410030141591946,845.2849031939368,633837123986.8016,0.005508870763146778,289.63674155402845,1961754966483.9688,0.005264885322335768,434.9574964820203,3111909272135.142,0.005216741378607474,518.3344540305706,1532977108026.942,0.005301464357858819,396.8351322844,10572828296022.56,0.0054382020380118285,881.3163152253395,2558665959320.948,0.005089126391287766,467.57219100614134,371640379981.1232,0.0056069312207525845,238.1082191589642,1082456272674.6079,0.005356358241131717,348.84601011074193,7174886945980.681,0.00533325189584802,740.1472354723024,3792757078686.8604,0.0052544063871408685,565.0744487759905
3252818853498.619,0.005182779013357463,524.1633397619157,2689580826397.3394,0.005155961271488565,483.2629343316632,472279114149.7165,0.0055727947809094715,260.46690308788203,338395525531.23737,0.0056200595067700514,229.88506580353263,2126252964285.4282,0.005257248538690477,448.5434114390458,6602833586591.857,0.005298180392297763,711.24443564945,380968304362.9699,0.005614278554843179,240.79612540727493,3314039720864.1255,0.005235754956854013,533.4852253486712,3774791264157.5376,0.005244968243158411,562.9891686342686,792119874933.0348,0.005469189311660265,314.3687154408414,598125052087.5792,0.0055315103053842594,284.1584158796545,875013738600.9867,0.005435855931224491,325.1426093262767,1509597889993.6638,0.005300742101965266,394.34940235459715,12936185577128.984,0.005428445703943566,953.6697191627948,333604500792.4304,0.005638977033979186,229.34701196725965,3283905408966.323,0.0052492404583733415,532.9085928989472,1061728620973.772,0.00537153274023983,347.1391830494132,6710602216581.727,0.0053169360750974,718.3995262455966,416957574491.12213,0.005597223550454676,248.8911187525842,2692370192634.7505,0.005212626705878341,488.7767442849902,302774515374.5705,0.00565929129188446,221.41639491534605,9920818129447.867,0.005429295466532552,857.7534473822799,651718723127.7444,0.005499080846853973,292.35746254323357,2016907734193.162,0.005268414174434326,440.1029930039714,3200208943619.8716,0.005229199194012553,525.4199023888922,1576088025336.251,0.005296136755280463,400.85875986258685,10872779198768.346,0.005435989796897742,890.8710790087667,2664227351155.253,0.005086394343373639,474.93977326994354,382200650232.23914,0.005603886716897038,240.66111031332767,1113074144215.585,0.005356949614067677,352.79888132045886,7376031601433.368,0.005330496279246557,747.9916539018973,3899906559773.0034,0.005251446477381431,571.0848303012433
3351548534110.4453,0.005180781233734863,530.2656062166903,2759963724158.85,0.005159430125437906,488.61082536673047,485328421208.62354,0.005561214298090756,262.77492484678146,347834425204.3304,0.005611175889174234,232.06139958684884,2185003882026.7727,0.0052617352763434135,453.8474290802372,6785496339719.853,0.005308790175346525,720.4904171049894,391624956396.2052,0.005581682299358542,242.05455370011748,3407518044094.3037,0.005251612427490476,541.0880381576085,3879382226876.2285,0.005254968121613939,570.2628950217895,814180436213.865,0.005456807231570321,317.12236898146716,614704550611.8851,0.005536644387502331,287.54988710817776,899100395779.3408,0.005435939224251106,328.69861038867674,1551500005432.0146,0.005308477130791692,399.2736622857528,13297255146814.18,0.00542865189967715,964.2658698368842,342859821265.4282,0.005629974662463269,231.5011102004494,3384966425851.469,0.005254228434363766,539.9215930775741,1090986626312.2451,0.005363150477701269,350.3868132459149,6897666916905.374,0.005322536024418743,727.1089611254957,428454872741.1119,0.005591639490902822,251.3629114243696,2775951938578.3574,0.005213082154304172,494.8337879578225,311146749728.2137,0.005643150262065487,223.20695456363075,10193506850782.17,0.005435117491968124,868.0372939500404,669632354997.7805,0.005489174728495574,295.01332136763875,2072881273790.2827,0.005273134154552949,445.3470621200035,3288962571428.4263,0.005234161560834498,531.7049410911171,1619943923569.161,0.005294382988181108,405.149536879848,11175520540686.729,0.005433300890968596,900.266025577912,2735599211076.787,0.005093468453464085,480.65626635060534,392795289972.2494,0.005614322653446648,243.7608055337086,1144104429745.0574,0.005357881317782352,356.76262947784613,7579752279635.859,0.0053406370685079125,757.6263497299844,4007523504886.8447,0.005252705269545139,577.4753681877071
3458144054253.245,0.0051790414503437516,536.7680025975496,2835457562840.468,0.0051696289987675096,494.88995352174595,498685935829.13794,0.005560261718988421,265.59878390129796,357418319931.0269,0.005612008456682643,234.63297131953578,2245181884318.465,0.005256226428102303,458.3261926975998,6971395675916.958,0.005309604225390937,728.4337229741335,402207640942.9281,0.0055552740848378674,243.49251623111076,3496661488378.7563,0.0052388686984679205,545.3796765329356,3986087111886.6836,0.005252100716438539,576.1714835185611,836456453537.4038,0.005449451134864379,320.13274396092635,631683297175.9387,0.0055011753721572855,288.8386107531175,923925809482.5334,0.0054260496827631234,331.69475610444607,1594174076701.4785,0.005306296308047416,403.46493355812333,13661542982878.3,0.005425959406133167,974.2635203826413,352292530918.7088,0.005616106834428296,233.451535599616,3485600960235.394,0.005261047495090956,546.9949150935133,1120883937423.741,0.005359220262880912,353.9369182055169,7086181560114.561,0.005326264968809575,735.5084692975892,440179856434.74896,0.005566504249935623,252.94995748802734,2848820642260.587,0.005220260237655964,500.6776403509107,319703235751.6058,0.005647546142919417,225.81802290152044,10476919632119.816,0.005447331513001497,879.5838593258516,688013666041.6711,0.005497592250902596,298.68358236589614,2130000223082.9329,0.0052622802043366945,449.2890447773659,3379207445276.9087,0.005247316818706122,538.8442189750908,1664374593229.7148,0.0052988641331080085,409.9049992674719,11481899289616.102,0.005422617904048474,908.2690112130286,2813872450852.2515,0.005101356632382508,486.86376007655736,403568526638.3965,0.005601572215075264,245.8537601853843,1175327970683.084,0.005341044646424418,359.49250227165277,7785710872688.804,0.005353329843920267,767.6147510977529,4118177362904.781,0.005261300111069459,584.7565484601195
3562280385702.608,0.005177427026046673,543.0067474880224,2914805249412.366,0.005171611279036024,500.57561679318803,512251107555.938,0.005558978528895853,268.40349028587207,367038860437.1118,0.005604739985152163,236.83194886928626,2306082037525.5215,0.005247686775994823,462.5064632995641,7160566519040.797,0.005310238815058054,736.3647766989242,413038198963.4988,0.005542571304687448,245.53159005389176,3588557468660.402,0.005246271884755886,551.8470891676487,4093875185338.1377,0.00525966933981703,583.1929713971417,859196697565.1527,0.005431423452208747,322.5155826410414,648644368076.0156,0.00550939835648887,292.35251602085856,949039188825.5205,0.0054133960884380035,334.4902501248811,1637210227230.7163,0.005283878016461441,406.064069291442,14031558998953.027,0.00542790544241782,985.087127557498,361863314425.3306,0.0056309829965189555,236.5930803378548,3581884416968.9746,0.0052577600050247204,552.6439061139063,1150982417583.2039,0.005347580820279703,356.9314635313672,7276987696004.981,0.00533058663382354,743.9704092767569,452073266190.2439,0.005572393214553159,255.9324091786079,2907287541302.9746,0.005216087137317784,504.3592993859421,328416161275.4287,0.005633707739423997,227.70057194036798,10759685935918.57,0.0054496861082832795,889.3881248079775,706655828067.366,0.0054799020933630855,300.92341191832014,2187797566086.9192,0.005268930997321522,454.7004300605298,3469645044968.04,0.00524523325939092,544.3507496361481,1709341128222.9873,0.0052774970282435585,412.62875957138067,11790656015395.762,0.005421835224308225,917.8284226046304,2898432441162.342,0.005103338685737386,492.8555645109247,414404275745.007,0.005613325813399609,248.99460755131017,1206860513063.952,0.005329179353047958,362.51265149471175,7998330308024.804,0.005359931148509565,776.8889512908464,4230036111979.6597,0.005267743420452897,591.782670495095
3659291589141.9395,0.005179506396803738,549.0946101503915,2998267679762.8765,0.00515380217458421,504.5171174313054,525829530995.8482,0.005574379565289108,271.97846981543205,376745049396.02625,0.00560328454185584,239.25537252661937,2367283998682.5386,0.005255051847942477,468.03372740380047,7351274918452.736,0.005327182433324705,746.522042428954,424264601642.82605,0.005557579473757673,248.85157919301096,3686099639536.119,0.005230033074124901,556.0723021745164,4201984752889.9756,0.005274838075133724,591.0046817840066,882284865579.4282,0.005438115964600408,326.35629660661266,665790854536.7511,0.005502977114781283,295.0752860658263,974428825189.7808,0.005415074496334691,338.146179313527,1680784555536.3938,0.005267769171618965,409.1019559092639,14407580208311.93,0.00542884111362958,995.7344884918898,371511353099.01196,0.005624123028343429,238.8051279701893,3669373823401.5654,0.00525754298022992,557.9812623811976,1181739154405.0872,0.005335080108827397,359.873274058667,7470028451115.379,0.0053426676785707375,753.5066051879647,464245089508.85516,0.005569529499222989,258.5338633580244,2957975220430.994,0.0052145287448451825,507.70668103594016,337109727932.31537,0.005625428005166407,229.75453103063165,11046255862497.137,0.005451735288154856,899.126503808796,725388306931.9075,0.005470823415513253,303.5854249017249,2245843331612.9116,0.00525223863241184,458.0324343998678,3560972076482.6997,0.005248630763718116,550.3936933107451,1754592328875.3945,0.005273381143279279,416.63874311519277,12104066237161.334,0.005419743880089067,927.1527275660542,2981527251444.64,0.0051006467379808434,498.1966000495986,425439195851.6466,0.005617856148109541,251.82892641606176,1238911047911.9504,0.005325699451679737,366.0940784929611,8212187722453.24,0.005346693090307983,783.1930102675532,4341242275309.3174,0.005260670980110731,597.15455563262
3738371405848.228,0.0051616328736154545,551.8996137783962,3078848416323.913,0.005169914554136112,511.49181485924555,539634433458.8252,0.00557112161267096,274.6518320575907,386614353570.1712,0.005618164988042356,242.3849656357254,2429479915844.4614,0.005248776543824674,472.34944478404987,7545800487088.238,0.005330420777254015,754.8203849217819,435274976310.24915,0.005532958725688479,250.30118790551705,3787254517516.541,0.005212346565768991,560.2257683262769,4310930854509.803,0.005277728817313863,597.4141352948595,905333580906.674,0.005439575168910053,329.8286934944228,683487381346.5638,0.0055091870312927605,298.5243193923861,1000057943240.2238,0.005436940890123805,343.055729394561,1724957995955.1858,0.0052764017442374295,414.0466401974182,14786746270763.35,0.0054212945340484965,1004.736202702097,381210416511.1464,0.005608800902123085,240.62232987146942,3758513673651.8374,0.005249046955292503,562.4538729459529,1212716919585.7195,0.005358938558173097,365.24354764940233,7665262846555.083,0.005335952883694144,760.3662061922284,476425898684.3,0.00557326565546865,261.40138806167096,3001270307570.7476,0.005213132312863373,510.52944165812596,345980954415.19366,0.005629906166290537,232.338955957066,11334196798754.434,0.00545447250032809,908.8852515152485,744524626600.9232,0.005514408401255049,309.2078806901861,2304999484072.2427,0.005241441015544537,461.86923594099767,3655141055180.1616,0.0052504461968132694,556.362524461352,1800695135054.138,0.005287166584625097,422.08417589458134,12423882767785.23,0.005437636281383749,939.968051268909,3058642491786.9775,0.005102284938614384,503.4730114943025,436703206050.41675,0.00561991759625997,254.56840398390037,1271708045027.5327,0.0053758973032341185,373.4271853267563,8428011805826.189,0.005357729623588969,792.9957274107908,4456551618442.982,0.005272187467951691,604.7702525335441
3804806015598.9966,0.005146447547576796,554.1668700592803,3142880105665.3994,0.005169519895923086,515.681245019255,553700941673.0785,0.00555443476275749,276.66229495760507,396651794085.9227,0.005600671673061854,244.120293290927,2492827795944.575,0.005252350478430946,477.5629314394237,7738588732981.794,0.005341960376088702,764.1266894557032,446510604104.7428,0.005524423467454422,252.47575081947846,3885813580275.259,0.005179320028390154,562.4261842461735,4423136957882.766,0.005276549031331079,603.4511689696933,928760443358.7153,0.005425363173745485,332.3458799371031,701328065300.604,0.005491705226289692,300.66003615581417,1026037075873.9706,0.00543741595191961,346.6233208140841,1769856543921.3752,0.005294929563195806,419.79321370352073,15170293067185.541,0.0054252193618702935,1015.81563106233,391079059325.22015,0.005621888979019063,243.6621599306555,3857936304219.811,0.005235255133128604,566.8652993808071,1244125352075.511,0.00535455117026634,368.6962574521103,7863269711261.798,0.00534035090602259,768.7959090570919,488822406500.61115,0.005572466941379615,264.063236919052,3039349225644.0513,0.005208281435318545,512.6331482180676,354981336634.7783,0.005624421517728604,234.50929940213922,11628468790025.438,0.0054474817247791825,917.0748735159137,763802507063.691,0.005493826749401649,311.2199233551608,2364902686293.614,0.005248845673704005,467.29282601723753,3751060962838.558,0.005257440206365037,562.9061467827725,1847516416724.431,0.005317587928255388,428.8940311884537,12747658819019.604,0.005447288497471849,951.3767841664452,3125820086703.059,0.005109390608081384,508.5746353920088,448075617618.5116,0.005600492576825327,256.3107082957274,1304866170090.4448,0.005370048519755626,376.8813079108352,8646602504322.369,0.005359824794204655,801.4728056690864,4572641107022.097,0.005277976933178114,611.694160210336
3867786265828.843,0.005165327732440051,559.864420472419,3194026897365.727,0.005168324947089735,518.9018735788271,568018958561.2988,0.0055416588356210494,278.8591620678136,406941501491.7407,0.005605401290602751,246.8422534300208,2557102613677.796,0.0053186408989007415,488.53977865544925,7937922724021.03,0.005340491644834205,771.7275183317519,457905106992.4948,0.005507276679305805,254.24187947129647,3981908162746.012,0.005239879836325855,574.5896824754332,4536154975689.883,0.005287917844020406,610.8855502360184,952590901857.3887,0.005424554276104727,335.6808998049294,719328253789.5712,0.005483761291665062,303.2839230929483,1052325000003.1995,0.005407218584705788,348.20410066077966,1815204487393.9548,0.005283218802779102,423.1251303547157,15559778549360.092,0.005426974583112199,1026.5004693443127,401124657632.047,0.005607745364608222,245.52743613023628,3972639032560.0415,0.005274620776733426,577.8603326907281,1276082512134.6362,0.0053516151813144345,372.2514343656391,8067753346710.722,0.005353523527082708,778.6472614106099,501379798257.06934,0.005559239358751268,266.12281331380365,3112377137180.6675,0.005209905000766711,517.6863224783281,364092591814.94507,0.00562283371171176,236.83177883215808,11928186963434.346,0.005452499941069714,927.3110706719305,783433403319.7356,0.005476732610327677,313.41687194005976,2425247374320.793,0.005263751043548178,473.3667593701622,3846908466259.0024,0.005261215213346885,569.0242936677317,1895249097700.1104,0.005330346129840645,434.33210281752736,13075327795069.547,0.005443018720199071,960.3308093285921,3179685803171.391,0.0051009729367217736,511.2186657446639,459512661103.28864,0.005619305377064697,259.77755623465134,1338545385417.6409,0.005369996409590538,380.73888681565865,8866728371034.248,0.005350864542889771,808.2194890833864,4690045900181.377,0.005270195285514282,617.0175903760324
3987006177659.2803,0.005200166272936327,570.5267261933674,3238581890702.9395,0.005176484883396618,522.6090225895622,582178555843.7781,0.005544339740613607,281.7554442305183,417341761595.0784,0.005587017405291663,248.5288225455789,2622059051857.0054,0.005296964611207018,491.4553404752748,8139392183536.791,0.005334623927082339,778.6469709275897,469677812689.8548,0.0055024822612074,256.6130089612484,4067621751771.3374,0.0053126724680175414,587.5560012056538,4652320253886.032,0.005308417221666399,619.4879891992157,976717979471.1075,0.00541233918714583,338.292740763194,737460646517.9941,0.005487914698928829,306.551109451548,1078959957100.363,0.005395323665044653,350.9293031342703,1860932712552.1702,0.005276282121030478,426.79593776650466,15952445147117.635,0.0054456480843045295,1040.3524071175157,411361829516.32135,0.0056015529795432305,247.7410900924838,4086701545068.659,0.005262835966853297,583.1348578319065,1308544922299.46,0.005347150533186232,375.6971193789368,8272066453305.001,0.005370031947166479,788.9009431204026,513924219808.9845,0.005563399400683687,268.967541607418,3284865843267.5054,0.005235938863065455,531.6203803549769,373193578520.55725,0.005631314616861109,239.5429847333463,12233385828879.793,0.0054617376911618555,938.3168339098928,803220713508.7213,0.005457992748624241,315.47642749594,2486994315762.349,0.005255492656616957,477.4010288861728,3943380504789.4966,0.005264346624052041,575.0319174761781,1943379315418.6187,0.005311368596846735,437.1489825223944,13406817692448.037,0.005441305227860558,969.6910109181447,3229902661950.294,0.005104039578839099,514.7422388809487,471189278041.58453,0.00558891252400504,260.978945504404,1372496968357.7498,0.005334386992898627,382.02261821388595,9090793001886.672,0.005346889998484239,815.7215899045966,4808907891847.349,0.005253527197939629,621.2545300166234
4070243532302.0757,0.005237291046219972,579.3684839544056,3300034069159.315,0.005182951999282121,527.2111130419288,596768333493.8082,0.005523480123445696,283.4882764406262,427712614007.5537,0.005600225375341928,251.57433219135945,2687953716670.0513,0.0052923824996762275,495.9294960124498,8344804949509.393,0.005322091462679417,784.6009142129886,481090147896.82056,0.005512543027110856,259.5628760034472,4147472276305.503,0.005257369188443521,585.9787570674137,4769738427108.262,0.0053012900730866385,624.8552074825272,1001191299984.3206,0.0054135342725062496,341.7336281225979,755945332322.1643,0.005477589422466281,309.0193197158099,1106192359919.3516,0.005380852233098659,353.4950425869148,1907680432036.283,0.005269405542713358,430.4907993177024,16349533251842.934,0.005473990726467593,1056.1028166306537,421620176012.9006,0.005613723101428749,250.73764423996977,4193591271387.585,0.005254182098235573,588.2196931317502,1341461095215.8794,0.005337682829612716,378.7773460280281,8478103417710.25,0.005379070375171471,798.0437674709517,526799876681.6166,0.005556667624648851,271.31430085499113,3354333283229.355,0.005223886470191859,534.8551901888695,382608852482.99615,0.005615458698635381,241.261066357325,12539882757758.197,0.005468607029937736,948.8424513155535,823564432825.2505,0.005458557358894274,318.6815429982148,2549787446015.551,0.00525572806986104,482.2080744459654,4043498792579.331,0.005273831253776105,581.8742743351075,1992005063095.6174,0.005307252474292015,441.14963411492187,13741759451708.473,0.005435498709691061,978.2645900375776,3316246229004.6016,0.005070690884241293,516.8039732038682,483063150474.9947,0.00559241310069685,263.7550649181476,1406621644995.3687,0.005332600229055724,385.6647495653594,9321993462730.4,0.00533864926523718,822.6875166720789,4929578859608.075,0.005250842608074834,627.1232874762264
4212102658706.901,0.005232864649634717,586.8661772590564,3341567773224.979,0.005213537364096067,532.9820708520404,611495446012.9071,0.005530556314908334,286.6329475557909,438206743098.9413,0.005578969266140529,253.06121649370965,2753935278985.526,0.005280610329956947,499.6496790417995,8550803254923.756,0.005291443475662605,787.72916801996,493145140608.6512,0.005505096043197967,261.7910550518384,4235056416251.194,0.005276444419268371,593.0414483571259,4887430541833.2295,0.005299630755813244,630.779907602379,1025821210258.0693,0.005398674486474732,344.12467339796984,774504171196.8805,0.005461245295601748,311.1008430710701,1133109349556.0608,0.005375667297350283,356.5669706999527,1954842416749.7637,0.0052671158453061395,434.5278051848914,16751943607958.258,0.005480330844170086,1067.6597201762663,431970483907.8962,0.005606672086418091,252.86387311154726,4292794999503.0215,0.005249512897583774,593.2190196877748,1374514653949.2007,0.0053430824029435005,382.8702499427741,8687412483581.633,0.0054076905199429036,810.1547938715676,539776095127.5348,0.005547124321486192,273.4974983360996,3428995708505.2676,0.005224981405768895,539.6988912872803,392041007846.32556,0.005623381530606457,243.96647371906906,12847462499818.074,0.005475461672518535,959.2850732782259,843878462433.5084,0.0054536089867574765,321.5110900090314,2612582494955.625,0.0052541585164131935,486.7782625399347,4143873731515.3643,0.005264871875072251,586.6112831461867,2040959198988.554,0.005290193059112749,444.02277886779115,14079933671344.59,0.0054061829102881875,982.496425239165,3408204108043.4287,0.005059866145569223,521.3738757026515,494816854191.8474,0.005591917427823564,266.27999701493934,1441052032590.2368,0.005321744745848465,388.6206778751831,9549793059211.752,0.005321215645618855,827.9582608235933,5049159915669.417,0.005223928261962309,629.9192126786008
4322701442208.844,0.0052011726759687285,589.3908220066918,3468731724529.4272,0.0052476719528281885,544.5464901278542,626446482694.7314,0.005537072824165995,289.75692592334815,448965462260.48114,0.0055906645800893875,256.06405001001633,2820596078352.2183,0.0052709958417447465,503.5342690622821,8759077920019.52,0.005328074485371304,800.8545428801386,505195090420.44836,0.0054930615256566576,263.753427447634,4326662949221.3877,0.005259144931167739,596.1785755989994,5006292588473.071,0.005292636159584364,636.0313620492118,1050953175691.606,0.005401173531371742,347.63338513611217,793433062968.7513,0.005454430719536715,313.7281925255734,1160673967983.7307,0.0053825812747221565,360.4746209465527,2002380331836.915,0.005268844877830228,438.86812669119547,17158743760742.264,0.005505005852188324,1082.8093083049353,442673401483.3973,0.0055972448519353655,254.92221105240804,4370264289863.3184,0.005243634313306669,596.8091560972828,1407881840012.948,0.005337287507487895,386.1420347345561,8900308135133.695,0.005401102795806854,817.0421467840666,552953999361.5223,0.005533049062223138,275.44831663720873,3515108891632.2666,0.005224125741627137,544.9907546790084,401645323602.8327,0.005619110004619347,246.15270929549942,13159478999508.557,0.0054672736933551085,967.0886659400503,864591666513.1271,0.005446655069587032,324.23081716282337,2675785180702.6504,0.005251586355950924,491.2143087002142,4244861330344.1616,0.005279773744085719,593.9648091473904,2090763077103.8948,0.005283960936937785,447.79735814535036,14421378707163.057,0.005379373697670743,987.0392611726352,3480273133099.7393,0.005082701994397314,528.1289551525703,506870026984.11,0.005584452918007883,268.49690138125,1476462888413.1736,0.0053109008556713735,391.6130973146107,9781793411159.031,0.0053234410097009275,836.2956551358291,5171988577048.89,0.005327827986216473,648.6541748138352
4420914471348.079,0.005189173364815038,593.3391777698918,3586408902224.005,0.00518337172632519,545.1001192058258,641676850880.9963,0.005514755396987315,291.3753466258715,459675440643.659,0.005585544767017798,258.2534056456516,2888308161383.573,0.005270221633204993,508.26041920827504,8968416458765.416,0.0053676372854617625,814.4594520732227,517223533777.2955,0.0054875769102359665,265.9818062504467,4430431950894.946,0.005260337312017921,601.9938046052582,5126111635963.288,0.005312817053539876,644.5254715164845,1076485826701.9423,0.005386782372727691,350.0521559307196,812529517319.2406,0.0054417093992968875,315.98830143866564,1188693803053.6619,0.005363627873864543,362.6491288280829,2050446921669.7156,0.005268543659765796,443.0267971253689,17573935275686.389,0.005464316513070245,1085.13421264277,453335256000.403,0.005598502868893576,257.41846918573276,4442369925644.591,0.00524350248712451,600.7134645902718,1441722440139.0298,0.005336989509771028,389.80644235841487,9114531581361.64,0.005422731790478306,828.1554539055683,566355297257.3708,0.0055276540986292574,277.8282768534886,3601544758624.432,0.005220140558747717,549.8924079064076,411323308713.0038,0.005611684460765341,248.17988064686082,13475189137652.9,0.005484509824403446,979.3812078903974,885348441998.0527,0.005441265221014471,326.99836861233223,2740411788176.33,0.005244618874780993,495.2679953545488,4346935591646.502,0.005270832125581825,598.6217144387311,2141193356806.1868,0.005280782329003355,451.8149752765966,14771440006441.438,0.005423615940891174,1004.7501102140054,3629179977178.5767,0.005140288594957071,543.1388958140199,519163222506.16064,0.0055802338593090705,270.87814566448753,1512127763999.983,0.005302510776287661,394.74528816829513,10017052436112.674,0.005406893277796792,857.519049145838,5297155906365.18,0.005313186235339693,653.0886571451471
4525061517532.318,0.005190144046382618,599.0032882230219,3690627124246.7173,0.005231232065848158,556.472944765022,657016372357.8052,0.005506316502009363,293.69168282477085,470608835233.5953,0.005584425905507572,260.64089821340076,2957427650854.7856,0.005268417045646671,512.9154698278305,9181180568407.547,0.005422346803857454,830.5135116397126,529687707681.7365,0.005476836433760249,268.00181095585845,4541115725358.363,0.005250400527091697,606.8166138173541,5247673013941.413,0.005306999466020672,649.8838585556355,1102014441317.1846,0.005375499138421562,352.6092580595124,831812129204.8501,0.005437657633867905,318.7292784449255,1217098689173.2231,0.005348585805037976,365.0642330298238,2099369680236.5662,0.005269644609842262,447.31853637520317,17992972408392.324,0.005488271273583517,1100.2129058946432,464005758891.4757,0.005587606468427439,259.3194905459276,4525905533584.989,0.005233161302663653,604.013040813624,1476255795313.66,0.005336704427801261,393.4937116550676,9329814683608.5,0.005401244714488269,832.6127582075823,579868106071.5303,0.005516704956138869,279.9055092805487,3676895194047.692,0.0052291153501376735,555.4189876133905,421104956796.3182,0.005608552023076865,250.38418494817824,13794352694843.943,0.005493653230160491,990.2429811420429,906228713331.4227,0.0054170157300119735,328.5906670876112,2805826894594.8125,0.005250831357609919,500.5557097396404,4450074917531.275,0.005272683297714423,604.4753777256185,2192212655146.4163,0.005268636284397327,455.0417979361074,15119318741338.402,0.005499374506507091,1028.3150338705464,3718062913309.2207,0.005172940291812324,551.9047848817867,531560095007.938,0.005580210112366284,273.44595283674346,1547825794812.7036,0.005319219901202352,399.70241916556057,10257143272227.326,0.005420223045539412,867.8161481119666,5423664967917.066,0.0053659937836103705,665.836052637997
4632649084038.794,0.005178532856505536,603.3071854090454,3789014783770.051,0.005209730679584958,560.0486989484806,672354394222.9586,0.00551638917530762,296.95743044198275,481675484198.5642,0.0055899167346358586,263.33413330112165,3027593969929.4424,0.0052666623941207925,517.5764798714508,9397746229167.69,0.005434759268569656,840.2137747753834,541610723615.8234,0.005440330573599177,268.5964025160361,4656923654737.479,0.005249809994930257,612.8909839933459,5372895037651.445,0.0053227685707259885,657.992474264561,1127893859655.5864,0.0053696553372250344,355.5115406537994,851413265581.3835,0.00542970992695552,321.24234962716173,1245692112434.0994,0.005351802973970924,368.6925841853353,2149059735847.2942,0.0052700436423473804,451.55806846635693,18419123329180.72,0.005478888055965221,1108.66416295587,474778656887.40906,0.005591544151995158,261.89561896813666,4654663598925.3,0.00524211323252248,611.8736027179737,1510915135777.9858,0.00533179289210927,396.7978406501116,9549399637076.553,0.0054257927975026035,844.2161036859651,593465420831.0286,0.00551910624366922,282.6356381168483,3745772725402.926,0.005226931323896968,559.3238819744533,430898612716.6239,0.00560034381925219,252.3275835358073,14117462290501.246,0.0055092589093034775,1002.2956308195179,927427788930.9229,0.0054255955655633965,332.16927558817076,2870924030723.185,0.005262888199357424,506.3290258723199,4553360030772.367,0.0052858856631492965,611.576179040241,2243891342380.577,0.005273677863787623,459.74215487025737,15473862949311.514,0.005495224445029931,1037.1102671697045,3810738544367.4966,0.0051559604134508085,555.5373148554926,543982369718.44055,0.0055901209424384255,276.47453340923386,1584274860436.814,0.005304825453567187,402.34935648562777,10499481498734.797,0.005405528794135188,873.5853174455963,5552884273376.44,0.005347287072792783,669.7935316330951
4741603999758.929,0.005175656593226945,608.6050690278271,3887303322948.032,0.005197228271532866,564.4573910011952,687864766535.0663,0.005519647637756567,299.8558873220865,492855761694.5641,0.0055887268784567574,265.705669533295,3097485850170.1875,0.005282399622982396,523.88382014694,9618589885101.912,0.005415936255235582,845.1194701485853,552097674132.3301,0.005408395944659284,269.0759272157472,4775256049680.915,0.005247779689615597,618.8341325643601,5497112005645.532,0.00532472789743287,664.2801176081986,1154175963805.576,0.005357611740406299,357.9975445557594,871387581661.2308,0.005412923209100841,323.23353551860083,1274377222414.8525,0.005352348981542224,372.1033865212458,2198620884766.3242,0.0052725599857813155,455.9126777865986,18846153323455.773,0.005482365841642687,1119.585076513468,485876512847.6194,0.005575078496674721,263.5489855960839,4762997020723.507,0.005237170297370519,616.9483684498435,1546032638347.649,0.005335185889729608,400.71630958262335,9771505020431.943,0.0054129626781094725,850.0013519617129,607424028361.4352,0.005510772599116022,284.8454439491122,3809595968714.051,0.005225131844138941,562.92277607208,440942421305.17535,0.005588187190907902,254.11113648915406,14448583072046.111,0.005504206183852512,1010.705892345777,948889824443.5778,0.005420293206771105,334.8953333122864,2938100893802.4507,0.005255446579513444,510.3126194280952,4659496382839.317,0.005277861933005937,616.3020560896592,2296152220612.6343,0.005273152745519915,463.94940473993375,15832834916484.406,0.005517978019043076,1051.0017509317604,3902564341002.3145,0.005176165617214349,563.0515941289431,556601335472.2303,0.00560108259358004,279.5694257753608,1621246116347.7036,0.005303205690364133,405.9551464646247,10740535802038.73,0.0054151776552666476,883.1268478289687,5679612905838.87,0.005341330883769153,675.113787332378
4862487700523.775,0.005174978906600219,614.684115370406,3967981882920.312,0.005261154870035666,576.1147021379302,703684422551.0854,0.005514206952039927,302.2972777735926,504241885018.38995,0.005586765409545953,268.05011791673957,3168443980916.0386,0.005291924234869717,529.6049442882965,9840145629596.291,0.005415403585570836,852.7690669257415,,,,4882201202490.518,0.005247884623786901,624.3534958274298,5623264178925.634,0.005337403887300938,671.932213549001,1180648310767.3972,0.005342687406277104,360.2533142774052,891305529192.5227,0.005406395419169619,325.77552003441684,1303702843081.2017,0.005348553194567895,375.2388225473936,2249557966127.95,0.0052602935124529205,459.0382263474046,19275519270202.31,0.005493706353601196,1132.0559108368147,497095544135.914,0.00556643469057646,265.5541336365442,4873173009324.08,0.00523483145211048,622.3395982239633,1581625602052.7473,0.0053216463177539535,403.35503455926494,9998747956218.543,0.005423677225872053,859.5518597034442,621471193197.3752,0.005502165514356206,287.0133195310163,3868565194391.5293,0.005216412752968596,565.447015365105,451238895496.4399,0.005588814236809187,256.4969974402123,14781922581902.777,0.005515308651282828,1022.0265808863963,970745520371.116,0.005411804012414666,337.4304090096704,3006671148745.888,0.005246634633585134,514.1800164638963,4767680844184.987,0.005286079898714315,622.9548814930695,2348733375513.6055,0.005280172567668575,468.793524540115,16200830047279.242,0.0054692182839072056,1051.3326777372124,3988003203657.3086,0.005136720887542061,563.6222997239239,569401034187.142,0.005596348930437539,281.88507732153795,1658358763568.952,0.005299248525099591,409.34141234099144,10988427981163.047,0.005401740111852607,889.0125913603575,5811138745682.584,0.005317971789826595,678.3448420389519
4987288223779.131,0.005182306682423934,621.8260293234354,4056936629680.938,0.005311196037644173,586.7750258236329,719789593483.103,0.0055096338588617845,304.79298293098617,515664755335.9547,0.005576315738502391,269.9568399958233,3241189807861.0063,0.005285938491751325,533.8311242676405,10061392035596.314,0.00544050547342904,864.3755625343098,,,,4980079380854.067,0.005252272084235593,629.8566543114641,5751527938979.894,0.005338083030234983,678.1076099052436,1207250724324.9177,0.005332655904595845,362.79605096687925,911507143228.6982,0.0053976801562748145,328.17929453644183,1333377407870.824,0.005333779711462737,377.58637274119667,2301064259844.357,0.005265344715227889,463.65858761799706,19710760941912.2,0.005500737392814449,1143.6740534018218,508358754198.48224,0.005558590595883917,267.56716125326807,4984920978843.539,0.005237686827096927,628.3517641488578,1617162637927.3748,0.005313010298456194,406.2956170398607,10225705105649.826,0.0054108316678268134,865.2494438280241,635267450821.581,0.005495318745998449,289.1848449528889,4007509386247.175,0.005220578383406113,573.9425726303942,461402226434.288,0.005573659808852268,258.09068609649165,15118826158222.275,0.005502009100021718,1028.794262845595,993049016087.73,0.005401819677411148,339.88214993268616,3075036646309.664,0.005250331827423873,519.1906593145467,4876388419864.229,0.0052871729886045694,628.7280504053836,2401424403720.1323,0.005274744819341303,472.48608428035186,16570786121292.674,0.0054878445204433884,1064.4837679440827,4066314312186.192,0.005147074492628176,569.1684675733849,582350695692.8505,0.00558948782690484,284.08339804558136,1695935713799.0364,0.005299469864171675,413.04387002357106,11239295091586.35,0.005387207786739828,894.6627516992261,5943693217433.016,0.005324329571275056,685.3106550831194
5117029600531.166,0.00518722318345969,628.8428189665728,4142971948728.76,0.005314559163082841,592.0958855671086,736141451141.8564,0.0054856936644307975,306.2076672649184,527327187496.7837,0.005570828016396033,272.11458259881965,3313413303542.7197,0.005284593504750683,538.4208028626834,10286481520172.785,0.00544166409316905,872.244962473629,,,,5069802570174.201,0.005248622091118825,633.9306104009341,5880942484525.637,0.005344622766626259,685.0082943471806,1234411722421.674,0.005326276965685102,365.60132486673325,932208364890.8516,0.005386746131561759,330.4697460393017,1363186985828.3708,0.005328910156502102,380.59280233299836,2352490362480.3813,0.005258733091021284,467.18863535612627,20157765391482.586,0.005506834866013047,1155.25806208568,519788974352.1465,0.005550287474263698,269.5543240863486,5101288777043.521,0.005250632737447753,635.745955067595,1653494010097.123,0.005315174542851679,410.0894352490971,10455259727854.514,0.005430511794423614,876.1423870484728,652683786619.8021,0.005468187070289242,290.8871210785719,4083118196506.023,0.005223186760607614,578.5385936356749,471752817016.78864,0.0055689995207407455,260.1734532854151,15458428588540.71,0.005500557511121073,1037.7024627334504,1015501252987.192,0.005386776940302006,341.98036993186736,3144193940400.0635,0.0052466474874576455,523.4625497865607,4986543931118.391,0.005288684513305711,634.5524431352183,2455958903876.8936,0.0052737564415828875,476.65977868290094,16938351158072.979,0.005485170271231605,1073.3430942001494,4140067038405.711,0.00513206713421311,571.6040250588932,595450909738.2465,0.005575814166372287,285.92140955811266,1733931568797.604,0.005287381433583184,415.7702619934604,11493148749720.393,0.005396109076976658,904.1829866057839,6076898779794.616,0.005335433537196219,692.8552551629003
5240789082601.633,0.005179101871953284,633.8888698637153,4223568721265.5,0.005325553207369593,597.9110146732451,752218712696.3125,0.005477495892621871,308.4037951742849,539034636223.95435,0.005548943203128315,273.4367908738845,3387565360237.254,0.005282614322348145,543.0051865783018,10515850738412.541,0.005446921863647493,880.8235358544108,,,,5163391945058.661,0.005232639230005601,636.6413313947082,6011831962911.077,0.005358471493098014,692.8570778788228,1261800453083.084,0.005320306363221612,368.41127490269855,952810830770.8187,0.0053798245122832385,332.94368614938037,1393624757078.2283,0.0053187399390729456,383.23670455898355,2404442730572.324,0.005260430823131585,471.44071721770763,20606480422219.363,0.005534229004964776,1171.274408834767,531299283992.49146,0.0055440868308572816,271.62248352498364,5216178467554.079,0.005256597726504101,642.1636518193594,1690808058005.7778,0.005307109919684684,413.13863120970814,10689291306834.059,0.005423064692174202,882.722812373042,664164905562.3676,0.005482448546865658,293.6871426940591,4158252946777.4004,0.005222104057341145,582.6528606488104,482218759205.7586,0.005567812681198235,262.4111329527263,15800205405269.258,0.005495218943167783,1045.803506448221,1038144821583.1985,0.0053817920809292735,344.6911175592817,3213034535905.8813,0.0052458419591872255,527.9361001645887,5096079995355.344,0.0052988271975693835,641.3192137366381,2510448155741.336,0.005273449669501604,480.83415385085743,17314376262686.129,0.005469544349049733,1079.7268182598864,4211865897307.5483,0.005143126211836699,576.7890354975923,608712924986.6068,0.005557601776345902,287.5096553297942,1772615758927.2705,0.005280952187965933,418.94602864425775,11745689848123.36,0.0053769754062339345,908.8442451874254,6213338133439.69,0.005331819807219209,698.5628071224802
5349754648871.699,0.005188320689766784,640.2658787442439,4302106737111.4556,0.00536150660186821,606.4001744724497,768754567596.2446,0.005466945749953004,310.49874414777645,550816966710.2812,0.005560683223981294,276.395570637749,3461937191319.967,0.005272246908101652,546.6677003665145,10747396713665.979,0.005436656441624277,886.8561898580169,,,,5316597986277.33,0.005248487282618967,646.082054356824,6142915737918.623,0.0053364499795453095,695.9888245864441,1289684517174.9548,0.005309491257769618,370.8910081880851,973349983464.2706,0.005377917772226738,335.6771412808618,1424483970688.8528,0.0052950375349009055,384.8859605643769,2457721638085.129,0.005257878258177018,475.36106054915166,21059193324360.758,0.005548680514313056,1184.5854991446836,543186972988.1422,0.005531622955647727,273.4212778023386,5329946397540.219,0.005261082568443907,648.2824344360923,1728034391797.218,0.005303048792192203,416.43437888877907,10923096049921.922,0.0054342908806827095,892.2389583133942,678522016935.138,0.0054741952907389445,295.76437683001404,4244587788148.435,0.005217590659173732,586.95419657591,492737422113.72577,0.005555982634153596,264.1235333360932,16151187721145.756,0.005495976048790998,1055.1801613605855,1060877850207.1301,0.0053605672065355535,346.3194619018185,3282532599963.1577,0.005253448305134837,533.2465842731351,5207618423014.199,0.005297935835901846,646.7885991895589,2565544903445.224,0.0052552791540561375,483.35658357459107,17695818981953.7,0.00546509057068622,1088.2924857787625,4281313970872.125,0.0051385116556764586,580.0536677019044,622161257590.2894,0.00556236147727767,290.28219217179503,1811641670613.5146,0.005264436423821551,421.2896656663218,12001717795191.95,0.0053858849466757565,918.2362547770789,6348198502082.604,0.005336150655797551,705.1609949176064
5457190709287.425,0.0051822283095024615,644.6206220214457,4388725372482.3623,0.005377118178070682,613.0345387835698,785470766288.2579,0.005454835854360926,312.48825356984395,562871214148.547,0.005543476456321101,277.9366527756924,3537107568134.3687,0.005271664842940886,551.3242537307902,10981745611407.084,0.0054198481709910136,891.7757784183705,,,,5416879953298.506,0.0052582155442423735,652.1358405102864,6275572550911.495,0.0053412426610947045,702.5927289278441,1317822191640.3777,0.005305417651662053,373.8198033167181,994873941533.6692,0.005369803288684984,338.1159036801646,1455523647311.105,0.005288140250272109,387.7132749397941,2510954463672.1353,0.005254773496054591,479.16990696379116,21518481068454.582,0.005562203649467831,1197.7647580377827,554914887849.0233,0.005526265933271607,275.5004615342713,5438466509829.032,0.005256183956751024,652.9217556236117,1765330361995.5408,0.0053033155333948225,420.0276336086685,11158296504185.25,0.005445424064294233,901.718261929081,693381802984.5637,0.005469673161930173,298.0920213519828,4337069534752.3965,0.005224912651409558,592.8674246028959,503510800173.86633,0.005552640380695488,266.2582438986118,16502529837867.0,0.005500022905547592,1065.086080170443,1083842794012.5348,0.0053497097940218095,348.591458373717,3354695207647.5894,0.005252516444565392,537.8097212171139,5322051335582.43,0.005301786059553442,652.9107551310452,2621576986669.2856,0.005250243778732244,487.08473070199983,18083089526460.727,0.005452756101813868,1095.279919134115,4351797830760.5166,0.005128380246782181,582.7036027615667,635722483625.0596,0.005541893987243672,291.71935343604304,1851184391642.3823,0.005258028853694568,424.42683689046487,12264807610255.123,0.005369914141847712,923.4888111856193,6485202245749.082,0.0053263996566417825,709.9097805811033
5560167620433.368,0.005188720036082211,650.272506056165,4487697653745.781,0.005357331425668857,616.2514445478271,802236405943.0206,0.005459047769503335,315.3826814192696,574805724576.658,0.005569567604794383,281.5982255030605,3612451616443.491,0.005274345699480934,556.2748268566316,11218978232308.373,0.005416585647445484,898.8908026231043,,,,5549251836905.679,0.005266229275213314,659.4677116321475,6409778476992.628,0.00534333848165644,708.8427377471006,1346152123404.927,0.005294961664448555,376.27076501456753,1016288655895.4004,0.005355779622856685,340.1179319354485,1486667400833.7244,0.005274175533724905,389.9779995377426,2564902220548.035,0.005252615402612839,483.0631714121149,21986296434140.09,0.005570499822100046,1209.9153771922483,566674245098.454,0.005526946592841597,277.8552825107423,5547405355763.152,0.005261438036718151,658.7800225047356,1802916478061.5242,0.0053004743050943616,423.355276283415,11399678695080.66,0.005448190178016038,909.9327645130418,708408886360.9489,0.005464289876474603,300.36362041994073,4433406223568.486,0.00522537455349875,598.1532085249798,514355604989.7106,0.005551944369660871,268.5038371680864,16857210570382.854,0.005504803131131125,1075.1178602685966,1106926220840.1848,0.005347256963003643,351.38120247576774,3427273250938.7124,0.0052506076957957015,542.2368934049205,5434931183109.234,0.0053055416009612395,658.88154601645,2677464017239.612,0.005251377527065536,491.3180262420284,18474379707183.56,0.005451901164093702,1104.5259410844549,4439798757520.49,0.00513991716247073,588.7100283868751,649371013439.0701,0.005545461805506662,294.3980153414527,1891396050443.189,0.005244791136377377,427.0130906184566,12530131166622.424,0.005381819350028814,933.4936385822604,6623317195785.673,0.005335331949953059,717.1197227157397
5668553994159.832,0.005203078689331182,657.1269959372264,4577937954800.518,0.005349599562170167,620.2820814900343,819404533275.8853,0.005451652606954487,317.6343912023051,587121600261.427,0.005543247618774164,282.6542386489098,3688933509256.859,0.005264424791525708,559.9010173606426,11455137202567.723,0.005428379565287651,908.3857757592144,,,,5697327197912.61,0.005258426265687413,665.4635205477756,6549209796989.043,0.00534486338334569,715.174745478602,1374801122843.2114,0.0052806931097332185,378.4311523763689,1037821257055.5908,0.005347133302124163,342.42860435288827,1518103533497.532,0.005263563992124369,392.46457640459323,2619370034046.1963,0.005255591259520868,487.4166086521744,22453567494441.793,0.005571748612058228,1220.4097109592135,578904390538.7863,0.005509207286352651,279.33917781752484,5660332987305.403,0.005261189787022838,664.0805502110366,1841618642457.1174,0.005287801477589956,425.9464695052443,11643477156262.422,0.005453256741583888,918.5208586220056,723432928632.3123,0.005448283088934644,302.00836642424457,4540318876438.332,0.005225736401254351,603.9236556548653,525341894693.4111,0.005548647736177614,270.6225414966898,17210016169850.38,0.0055044285787579205,1083.9886935955008,1130461955854.819,0.005328411374261869,353.1019591689507,3498920016531.2827,0.0052444926260288354,546.1061722100897,5550914349040.821,0.005299905910102391,663.7644215380828,2734495989722.023,0.005244147606914199,494.7955938502263,18864322143791.938,0.005454345519430465,1114.292295361987,4587736169281.482,0.005135256938251754,595.9386487439025,662997732298.4917,0.005545068112986583,296.8326726022374,1931631553910.2683,0.005239915718795138,430.22339007936165,12796639316527.414,0.005377420694591629,940.6160519618434,6766417361002.859,0.005326481350811891,722.0776847008573
5767436609759.855,0.0052039497954176565,661.7991881212737,4676169143446.564,0.005334062736330781,623.7552356920473,836809345800.8759,0.005425871522047706,318.8013228088049,599526726641.743,0.005543420364144279,285.0369959820361,3767417932938.132,0.005268349211666748,565.0567596497812,11695603514610.021,0.005422966981074648,915.0525065423626,,,,5838752373481.386,0.005263648553295981,672.6898999535751,6688288244308.87,0.005347526846629024,721.5708266219856,1403509828215.4907,0.005272592073168032,380.9871742940628,1059684993346.0474,0.005328837076687602,344.11464507669007,1550147158909.8735,0.005255766485057445,395.17115165534136,2674958686475.13,0.005248911942815172,490.90348875540104,22917204877913.06,0.0055686755092971985,1229.7492628609525,591171778231.0253,0.005498697766380145,281.1546863441793,5788429210372.552,0.005262518227985012,670.2208028830411,1880421686933.6775,0.005282726368306923,429.10168155064605,11887239464355.287,0.00545337787724172,926.1855406093662,738635900501.4954,0.005431412406639175,303.5882403035964,4653935046240.624,0.005228926824453851,610.2962357215562,536496870032.7279,0.005538798959894113,272.42218944619225,17574456714118.992,0.005508662218567997,1093.9536115133787,1154317523834.885,0.005326560997432966,355.94018370510946,3572715700154.6875,0.005254820093905167,551.7689217875451,5668859825896.068,0.005301655995752572,669.591345772193,2792748756642.598,0.005235631151632176,498.1748399146679,19259994270411.15,0.005458957318509503,1124.5328850862543,4690555560781.63,0.005128845755579281,600.4949399580395,676886246703.8794,0.0055423310057281195,299.156701238614,1972356252822.063,0.005226941414571774,432.7546836571344,13064455132944.03,0.005374920092562792,948.0004266448213,6909527177562.972,0.005331079508054125,728.7767205351468
5870178280944.658,0.0052084160835726544,667.0619793959721,4776465326407.95,0.005337463453105582,629.4736659480799,854339765355.0817,0.005436717109504276,322.09870908855225,612082114474.8103,0.005534382664532948,286.9412989821087,3845958735308.301,0.00525886891518844,568.714359123508,11941855107945.723,0.005435282602647146,924.8064472915661,,,,5974826357838.892,0.005264201049929224,678.9887564493603,6827511570337.351,0.005346134627355176,727.3523878952623,1432892207751.456,0.005263030865453083,383.46111023991807,1081568963965.0288,0.005330361285360256,347.03903942768204,1582749922220.1543,0.005247720274270172,397.86487306882816,2730594709349.9688,0.005245706603058134,494.6601151258324,23399596281482.633,0.0055671592766342445,1239.7011168558565,603555230882.6102,0.005514976541171,284.33510121426053,5931858074943.691,0.005263621526418715,676.9567999112979,1919586471779.0034,0.00527684725518963,432.1729647291935,12133237756294.69,0.005462432913302389,935.3557048190578,754015846588.5994,0.005428484130165748,305.93612515706036,4775813503375.674,0.005226685262214508,616.375392977925,547640521517.9422,0.0055304891517046996,274.25955999669225,17942888827755.9,0.00552376449223489,1106.0941630207333,1178238855921.2388,0.0053169127914434325,358.2225106262957,3648622940691.4365,0.0052484662623587235,555.7557997916831,5786932042830.71,0.005302571840311344,675.2520542797056,2850728935498.1567,0.005225846715094781,501.3477109639395,19664183680650.56,0.005463082535699475,1134.7707445268538,4811958498512.676,0.005131960867102732,607.0326982584705,691108303770.0684,0.005531903106917285,301.0876965427459,2013238015141.819,0.005218278321800576,435.5974090090634,13337077499026.777,0.005373597582704386,955.6291963599855,7054748344393.988,0.005330334459913391,734.7626483940776
5982503147058.608,0.0052020972992222105,671.3231832281036,4892846233787.955,0.005307031260249642,631.9406212547646,871702385602.5208,0.005422213545558154,323.8350939744272,624567577921.9279,0.005523745955734959,288.7124225700591,3925761614568.4707,0.005255218384101555,573.0075414566534,12188998769006.035,0.005437162461331861,932.7376836508336,,,,6104400045303.115,0.005270088609747404,685.6067933244517,6967768948788.862,0.005352835828298928,734.2119016298957,1462499847801.1863,0.005253215189177718,385.88999891645204,1103894297801.5938,0.005318999278855006,349.1410610674788,1615485461891.0483,0.005232460815860273,399.96980506963894,2786537986004.3447,0.005244249238311522,498.5506776321578,23882873585979.07,0.005559150117886478,1248.0817527002052,615842552676.92,0.005515106634086099,286.6432976473914,6087060233542.7295,0.005269646069419321,684.7696238481855,1959152901432.8037,0.005266303525564885,434.8437365389375,12383523097242.06,0.0054636957202811144,943.2443063527609,769670256571.5165,0.005406861734706984,307.23249334801744,4904377682236.3545,0.0052282617213064335,623.1475369466225,558734280171.8175,0.005546494276444141,277.2686042334805,18308258262315.14,0.005532492550496082,1116.8109151122471,1202651750052.6738,0.005302718499709683,360.2089735512518,3723037059487.2686,0.005248414795107333,560.2567463161943,5905753014291.984,0.0053042648143750756,680.9814943276693,2909279765593.9116,0.005222982833303786,505.16446474339415,20070383617828.297,0.005465561614344409,1144.6087563061908,4941944653984.945,0.005138783371312933,614.3550903369451,705510209420.0759,0.005522127741546367,303.04545149339305,2054361960982.9048,0.005216591070023662,438.9929841968995,13615136065862.863,0.005369632649000752,962.8383275319954,7199652476102.467,0.005326975203597759,740.2958055245316
6101184381198.559,0.0052210576616573065,679.0850186010064,5007895632989.343,0.0051525571911013295,619.2769688193158,889308484389.003,0.005460321913624137,328.7299105752958,636720500911.4583,0.005584778535445914,294.1612681745189,4006530165928.459,0.005273387381287461,579.691646896418,12438864643759.006,0.005449569994643558,942.4851841964165,,,,6236268827064.523,0.0052678907600202185,691.2047144916262,7102922737975.871,0.005365312484772305,741.6002325804807,1492302070600.201,0.0052718428455125746,390.39581373359147,1128719032917.3413,0.005314270755673137,351.94760709054043,1649646305037.3638,0.005256011893673844,405.14704414903963,2841768385392.538,0.0052608648380209,504.0720479927465,24369806836539.61,0.005559131327482056,1258.1944598749376,628143101863.9181,0.0055138500296827335,288.8540010594824,6257336822102.603,0.0052662397974000364,691.9208919335861,2006740280780.249,0.005256202956184699,438.1961862553791,12632935859612.086,0.005466152205160327,951.2253966031403,784739691027.9274,0.005448231556539311,311.99368598517856,5052777767055.342,0.005233470298479459,631.2506563777007,570094726765.6206,0.005539298679262556,279.14740344993464,18695736739237.09,0.00554355007356478,1128.4569830408777,1226001184511.2815,0.005354456264097037,366.531860603919,3800169534774.9053,0.005246514928599233,564.666602270662,6020029173962.774,0.0053139545681867555,687.4755789801984,2971634310765.1074,0.005238778699571402,511.0085877000061,20486016634485.785,0.005471754450645801,1155.3394641403668,5083612392868.387,0.005151057708920268,622.8240687733477,719778412021.1409,0.005557264962383058,307.426025619167,2095073969775.156,0.005242622536696535,444.66027730813965,13879271137459.77,0.005391893398674726,974.2893635206042,7344529917887.948,0.005341884499874251,748.3074954098163
